ISO-10303-21;
HEADER;
/* Generated by software containing ST-Developer
 * from STEP Tools, Inc. (www.steptools.com) 
 */

FILE_DESCRIPTION(
/* description */ (''),
/* implementation_level */ '2;1');

FILE_NAME(
/* name */ 'Dreamdeck_front.step',
/* time_stamp */ '2026-01-04T14:05:57+01:00',
/* author */ (''),
/* organization */ (''),
/* preprocessor_version */ 'ST-DEVELOPER v20.1',
/* originating_system */ 'Autodesk Translation Framework v14.21.0.0',
/* authorisation */ '');

FILE_SCHEMA (('AUTOMOTIVE_DESIGN { 1 0 10303 214 3 1 1 }'));
ENDSEC;

DATA;
#10=MECHANICAL_DESIGN_GEOMETRIC_PRESENTATION_REPRESENTATION('',(#13),#4621);
#11=SHAPE_REPRESENTATION_RELATIONSHIP('SRR','None',#4628,#12);
#12=ADVANCED_BREP_SHAPE_REPRESENTATION('',(#14),#4620);
#13=STYLED_ITEM('',(#4637),#14);
#14=MANIFOLD_SOLID_BREP('K\X\F6rper2',#2673);
#15=FACE_BOUND('',#908,.T.);
#16=FACE_BOUND('',#909,.T.);
#17=FACE_BOUND('',#910,.T.);
#18=FACE_BOUND('',#911,.T.);
#19=FACE_BOUND('',#912,.T.);
#20=FACE_BOUND('',#913,.T.);
#21=FACE_BOUND('',#914,.T.);
#22=FACE_BOUND('',#915,.T.);
#23=FACE_BOUND('',#916,.T.);
#24=FACE_BOUND('',#917,.T.);
#25=FACE_BOUND('',#918,.T.);
#26=FACE_BOUND('',#919,.T.);
#27=FACE_BOUND('',#920,.T.);
#28=FACE_BOUND('',#921,.T.);
#29=FACE_BOUND('',#922,.T.);
#30=FACE_BOUND('',#923,.T.);
#31=FACE_BOUND('',#933,.T.);
#32=FACE_BOUND('',#934,.T.);
#33=FACE_BOUND('',#935,.T.);
#34=FACE_BOUND('',#936,.T.);
#35=FACE_BOUND('',#937,.T.);
#36=FACE_BOUND('',#938,.T.);
#37=FACE_BOUND('',#939,.T.);
#38=FACE_BOUND('',#940,.T.);
#39=FACE_BOUND('',#941,.T.);
#40=FACE_BOUND('',#942,.T.);
#41=FACE_BOUND('',#943,.T.);
#42=FACE_BOUND('',#944,.T.);
#43=FACE_BOUND('',#945,.T.);
#44=FACE_BOUND('',#946,.T.);
#45=FACE_BOUND('',#947,.T.);
#46=FACE_BOUND('',#948,.T.);
#47=FACE_BOUND('',#1016,.T.);
#48=FACE_BOUND('',#1017,.T.);
#49=PLANE('',#2703);
#50=PLANE('',#2706);
#51=PLANE('',#2733);
#52=PLANE('',#2765);
#53=PLANE('',#2768);
#54=PLANE('',#2769);
#55=PLANE('',#2770);
#56=PLANE('',#2771);
#57=PLANE('',#2776);
#58=PLANE('',#2779);
#59=PLANE('',#2784);
#60=PLANE('',#2785);
#61=PLANE('',#2791);
#62=PLANE('',#2795);
#63=PLANE('',#2799);
#64=PLANE('',#2803);
#65=PLANE('',#2804);
#66=PLANE('',#2833);
#67=PLANE('',#2838);
#68=PLANE('',#2839);
#69=PLANE('',#2840);
#70=PLANE('',#2841);
#71=PLANE('',#2842);
#72=PLANE('',#2843);
#73=PLANE('',#2844);
#74=PLANE('',#2845);
#75=PLANE('',#2846);
#76=PLANE('',#2847);
#77=PLANE('',#2848);
#78=PLANE('',#2849);
#79=PLANE('',#2850);
#80=PLANE('',#2851);
#81=PLANE('',#2852);
#82=PLANE('',#2853);
#83=PLANE('',#2854);
#84=PLANE('',#2855);
#85=PLANE('',#2856);
#86=PLANE('',#2857);
#87=PLANE('',#2858);
#88=PLANE('',#2859);
#89=PLANE('',#2860);
#90=PLANE('',#2861);
#91=PLANE('',#2862);
#92=PLANE('',#2863);
#93=PLANE('',#2864);
#94=PLANE('',#2865);
#95=PLANE('',#2867);
#96=PLANE('',#2868);
#97=PLANE('',#2869);
#98=PLANE('',#2870);
#99=PLANE('',#2871);
#100=PLANE('',#2872);
#101=PLANE('',#2873);
#102=PLANE('',#2874);
#103=PLANE('',#2875);
#104=PLANE('',#2876);
#105=PLANE('',#2877);
#106=PLANE('',#2878);
#107=PLANE('',#2880);
#108=PLANE('',#2881);
#109=PLANE('',#2882);
#110=PLANE('',#2883);
#111=PLANE('',#2884);
#112=PLANE('',#2885);
#113=PLANE('',#2886);
#114=PLANE('',#2887);
#115=PLANE('',#2890);
#116=PLANE('',#2894);
#117=PLANE('',#2897);
#118=PLANE('',#2900);
#119=PLANE('',#2903);
#120=PLANE('',#2906);
#121=PLANE('',#2907);
#122=PLANE('',#2910);
#123=PLANE('',#2916);
#124=PLANE('',#2917);
#125=PLANE('',#2918);
#126=PLANE('',#2921);
#127=PLANE('',#2923);
#128=ELLIPSE('',#2700,7.07106781186548,5.);
#129=ELLIPSE('',#2701,7.07106781186548,5.);
#130=ELLIPSE('',#2712,7.07106781186548,5.);
#131=ELLIPSE('',#2719,7.07106781186548,5.);
#132=ELLIPSE('',#2781,2.8284271247462,2.00000000000001);
#133=ELLIPSE('',#2783,2.82842712474619,2.);
#134=ELLIPSE('',#2786,7.07106781186547,5.);
#135=ELLIPSE('',#2787,7.07106781186547,5.);
#136=B_SPLINE_CURVE_WITH_KNOTS('',3,(#3722,#3723,#3724,#3725,#3726,#3727,
#3728,#3729,#3730,#3731),.UNSPECIFIED.,.F.,.F.,(4,2,2,2,4),(0.,0.0888346938431152,
0.179716819073953,0.258586312156199,0.314450715887359),.UNSPECIFIED.);
#137=B_SPLINE_CURVE_WITH_KNOTS('',3,(#3758,#3759,#3760,#3761,#3762,#3763),
 .UNSPECIFIED.,.F.,.F.,(4,2,4),(2.47810560220437,2.54733403530802,2.70090430677508),
 .UNSPECIFIED.);
#138=B_SPLINE_CURVE_WITH_KNOTS('',3,(#3783,#3784,#3785,#3786,#3787,#3788),
 .UNSPECIFIED.,.F.,.F.,(4,2,4),(2.70090430677508,2.85447457824213,2.92370301134578),
 .UNSPECIFIED.);
#139=B_SPLINE_CURVE_WITH_KNOTS('',3,(#3796,#3797,#3798,#3799,#3800,#3801,
#3802,#3803,#3804,#3805,#3806,#3807,#3808,#3809),.UNSPECIFIED.,.F.,.F.,
(4,2,2,2,2,2,4),(-0.60321635640236,-0.560523857427663,-0.443317385942978,
-0.304685333362557,-0.213724584059739,-0.10686229202987,0.),
 .UNSPECIFIED.);
#140=B_SPLINE_CURVE_WITH_KNOTS('',3,(#3840,#3841,#3842,#3843,#3844,#3845,
#3846,#3847,#3848,#3849,#3850,#3851,#3852,#3853),.UNSPECIFIED.,.F.,.F.,
(4,2,2,2,2,2,4),(0.,0.106862292029869,0.213724584059739,0.304685333362557,
0.443317385942978,0.560523857427662,0.60321635640236),.UNSPECIFIED.);
#141=B_SPLINE_CURVE_WITH_KNOTS('',3,(#3907,#3908,#3909,#3910,#3911,#3912,
#3913,#3914,#3915,#3916),.UNSPECIFIED.,.F.,.F.,(4,2,2,2,4),(0.0236054044062385,
0.0917851817064272,0.195073541842438,0.277758996777012,0.371533371522043),
 .UNSPECIFIED.);
#142=B_SPLINE_CURVE_WITH_KNOTS('',3,(#4458,#4459,#4460,#4461,#4462,#4463,
#4464,#4465,#4466,#4467,#4468,#4469,#4470,#4471,#4472),.UNSPECIFIED.,.F.,
 .F.,(4,2,2,2,2,3,4),(-0.0275235338721963,-0.0242557983427612,-0.0204484817754927,
-0.0151407926226401,-0.0110217608219911,0.,0.00238102764402144),
 .UNSPECIFIED.);
#143=B_SPLINE_CURVE_WITH_KNOTS('',3,(#4482,#4483,#4484,#4485,#4486,#4487,
#4488,#4489),.UNSPECIFIED.,.F.,.F.,(4,2,2,4),(1.23283196692437,1.25090372420131,
1.27583642285643,1.30076912151156),.UNSPECIFIED.);
#144=B_SPLINE_CURVE_WITH_KNOTS('',3,(#4492,#4493,#4494,#4495,#4496,#4497,
#4498,#4499,#4500,#4501),.UNSPECIFIED.,.F.,.F.,(4,2,2,2,4),(1.37996064174158,
1.38525672798013,1.43540469598318,1.52621244656679,1.59010789766753),
 .UNSPECIFIED.);
#145=B_SPLINE_CURVE_WITH_KNOTS('',3,(#4502,#4503,#4504,#4505,#4506,#4507,
#4508,#4509),.UNSPECIFIED.,.F.,.F.,(4,2,2,4),(-0.0373740175730973,-0.0332825450194545,
-0.0201026405488148,-0.000816728806136577),.UNSPECIFIED.);
#146=B_SPLINE_CURVE_WITH_KNOTS('',3,(#4552,#4553,#4554,#4555,#4556,#4557,
#4558,#4559,#4560,#4561,#4562,#4563,#4564,#4565),.UNSPECIFIED.,.F.,.F.,
(4,2,2,2,2,2,4),(2.14413698943606,2.14590888064417,2.25879076298677,2.33024762549131,
2.35505691676443,2.37986620803756,2.42387260343477),.UNSPECIFIED.);
#147=(
BOUNDED_SURFACE()
B_SPLINE_SURFACE(2,2,((#3683,#3684,#3685),(#3686,#3687,#3688),(#3689,#3690,
#3691)),.UNSPECIFIED.,.F.,.F.,.F.)
B_SPLINE_SURFACE_WITH_KNOTS((3,3),(3,3),(-1.5707963267949,0.),(0.,1.18117175726792),
 .UNSPECIFIED.)
GEOMETRIC_REPRESENTATION_ITEM()
RATIONAL_B_SPLINE_SURFACE(((1.,0.830614576470962,1.),(0.707106781186547,
0.587333199575009,0.707106781186547),(1.,0.830614576470962,1.)))
REPRESENTATION_ITEM('')
SURFACE()
);
#148=(
BOUNDED_SURFACE()
B_SPLINE_SURFACE(2,2,((#3697,#3698,#3699,#3700,#3701,#3702,#3703),(#3704,
#3705,#3706,#3707,#3708,#3709,#3710),(#3711,#3712,#3713,#3714,#3715,#3716,
#3717)),.UNSPECIFIED.,.F.,.F.,.F.)
B_SPLINE_SURFACE_WITH_KNOTS((3,3),(3,2,2,3),(-3.14159265358979,-1.5707963267949),
(-3.14159265358979,-1.96247057110304,-0.783348488616282,0.395773593870474),
 .UNSPECIFIED.)
GEOMETRIC_REPRESENTATION_ITEM()
RATIONAL_B_SPLINE_SURFACE(((1.,0.831184818580358,1.,0.831184818580358,1.,
0.831184818580358,1.),(0.707106781186549,0.587736421637483,0.707106781186549,
0.587736421637483,0.707106781186549,0.587736421637483,0.707106781186549),
(1.,0.831184818580358,1.,0.831184818580358,1.,0.831184818580358,1.)))
REPRESENTATION_ITEM('')
SURFACE()
);
#149=(
BOUNDED_SURFACE()
B_SPLINE_SURFACE(2,2,((#3860,#3861,#3862),(#3863,#3864,#3865),(#3866,#3867,
#3868)),.UNSPECIFIED.,.F.,.F.,.F.)
B_SPLINE_SURFACE_WITH_KNOTS((3,3),(3,3),(-1.5707963267949,0.),(1.96042089632188,
3.14159265358979),.UNSPECIFIED.)
GEOMETRIC_REPRESENTATION_ITEM()
RATIONAL_B_SPLINE_SURFACE(((1.,0.830614576470962,1.),(0.707106781186547,
0.587333199575009,0.707106781186547),(1.,0.830614576470962,1.)))
REPRESENTATION_ITEM('')
SURFACE()
);
#150=(
BOUNDED_SURFACE()
B_SPLINE_SURFACE(2,2,((#3885,#3886,#3887,#3888,#3889,#3890,#3891),(#3892,
#3893,#3894,#3895,#3896,#3897,#3898),(#3899,#3900,#3901,#3902,#3903,#3904,
#3905)),.UNSPECIFIED.,.F.,.F.,.F.)
B_SPLINE_SURFACE_WITH_KNOTS((3,3),(3,2,2,3),(-3.14159265358979,-1.5707963267949),
(-0.395773593870481,0.783348488616288,1.96247057110306,3.14159265358981),
 .UNSPECIFIED.)
GEOMETRIC_REPRESENTATION_ITEM()
RATIONAL_B_SPLINE_SURFACE(((1.,0.831184818580355,1.,0.831184818580355,1.,
0.831184818580355,1.),(0.70710678118655,0.587736421637482,0.70710678118655,
0.587736421637482,0.70710678118655,0.587736421637482,0.70710678118655),
(1.,0.831184818580355,1.,0.831184818580355,1.,0.831184818580355,1.)))
REPRESENTATION_ITEM('')
SURFACE()
);
#151=(
BOUNDED_SURFACE()
B_SPLINE_SURFACE(2,2,((#4572,#4573,#4574),(#4575,#4576,#4577),(#4578,#4579,
#4580)),.UNSPECIFIED.,.F.,.F.,.F.)
B_SPLINE_SURFACE_WITH_KNOTS((3,3),(3,3),(-1.18117175726791,1.77635683940025E-15),
(-3.14159265358979,-1.80019779265069),.UNSPECIFIED.)
GEOMETRIC_REPRESENTATION_ITEM()
RATIONAL_B_SPLINE_SURFACE(((1.,0.783388380738387,1.),(0.830614576470962,
0.650693808079288,0.830614576470962),(1.,0.783388380738387,1.)))
REPRESENTATION_ITEM('')
SURFACE()
);
#152=(
BOUNDED_SURFACE()
B_SPLINE_SURFACE(2,2,((#4582,#4583,#4584),(#4585,#4586,#4587),(#4588,#4589,
#4590)),.UNSPECIFIED.,.F.,.F.,.F.)
B_SPLINE_SURFACE_WITH_KNOTS((3,3),(3,3),(-1.18117175726791,0.),(1.80019779265069,
3.14159265358979),.UNSPECIFIED.)
GEOMETRIC_REPRESENTATION_ITEM()
RATIONAL_B_SPLINE_SURFACE(((1.,0.783388380738387,1.),(0.830614576470956,
0.650693808079283,0.830614576470956),(1.,0.783388380738387,1.)))
REPRESENTATION_ITEM('')
SURFACE()
);
#153=(
BOUNDED_SURFACE()
B_SPLINE_SURFACE(2,2,((#4591,#4592,#4593),(#4594,#4595,#4596),(#4597,#4598,
#4599)),.UNSPECIFIED.,.F.,.F.,.F.)
B_SPLINE_SURFACE_WITH_KNOTS((3,3),(3,3),(-0.061232372942331,0.),(-1.61409077027113,
-1.48928106374112),.UNSPECIFIED.)
GEOMETRIC_REPRESENTATION_ITEM()
RATIONAL_B_SPLINE_SURFACE(((1.,0.99805344898264,1.),(0.999531361172063,
0.99758572238409,0.999531361172063),(1.,0.99805344898264,1.)))
REPRESENTATION_ITEM('')
SURFACE()
);
#154=LINE('',#3681,#418);
#155=LINE('',#3682,#419);
#156=LINE('',#3734,#420);
#157=LINE('',#3736,#421);
#158=LINE('',#3740,#422);
#159=LINE('',#3744,#423);
#160=LINE('',#3748,#424);
#161=LINE('',#3749,#425);
#162=LINE('',#3752,#426);
#163=LINE('',#3756,#427);
#164=LINE('',#3765,#428);
#165=LINE('',#3769,#429);
#166=LINE('',#3773,#430);
#167=LINE('',#3777,#431);
#168=LINE('',#3781,#432);
#169=LINE('',#3790,#433);
#170=LINE('',#3794,#434);
#171=LINE('',#3815,#435);
#172=LINE('',#3817,#436);
#173=LINE('',#3821,#437);
#174=LINE('',#3825,#438);
#175=LINE('',#3829,#439);
#176=LINE('',#3833,#440);
#177=LINE('',#3835,#441);
#178=LINE('',#3858,#442);
#179=LINE('',#3879,#443);
#180=LINE('',#3880,#444);
#181=LINE('',#3922,#445);
#182=LINE('',#3925,#446);
#183=LINE('',#3929,#447);
#184=LINE('',#3942,#448);
#185=LINE('',#3943,#449);
#186=LINE('',#3954,#450);
#187=LINE('',#3955,#451);
#188=LINE('',#3966,#452);
#189=LINE('',#3967,#453);
#190=LINE('',#3979,#454);
#191=LINE('',#3981,#455);
#192=LINE('',#3982,#456);
#193=LINE('',#3987,#457);
#194=LINE('',#3988,#458);
#195=LINE('',#3990,#459);
#196=LINE('',#3992,#460);
#197=LINE('',#3995,#461);
#198=LINE('',#3997,#462);
#199=LINE('',#3998,#463);
#200=LINE('',#4001,#464);
#201=LINE('',#4002,#465);
#202=LINE('',#4007,#466);
#203=LINE('',#4010,#467);
#204=LINE('',#4013,#468);
#205=LINE('',#4014,#469);
#206=LINE('',#4017,#470);
#207=LINE('',#4021,#471);
#208=LINE('',#4023,#472);
#209=LINE('',#4024,#473);
#210=LINE('',#4029,#474);
#211=LINE('',#4033,#475);
#212=LINE('',#4034,#476);
#213=LINE('',#4037,#477);
#214=LINE('',#4041,#478);
#215=LINE('',#4043,#479);
#216=LINE('',#4045,#480);
#217=LINE('',#4047,#481);
#218=LINE('',#4049,#482);
#219=LINE('',#4051,#483);
#220=LINE('',#4053,#484);
#221=LINE('',#4056,#485);
#222=LINE('',#4061,#486);
#223=LINE('',#4068,#487);
#224=LINE('',#4076,#488);
#225=LINE('',#4079,#489);
#226=LINE('',#4082,#490);
#227=LINE('',#4084,#491);
#228=LINE('',#4085,#492);
#229=LINE('',#4091,#493);
#230=LINE('',#4093,#494);
#231=LINE('',#4094,#495);
#232=LINE('',#4096,#496);
#233=LINE('',#4099,#497);
#234=LINE('',#4101,#498);
#235=LINE('',#4103,#499);
#236=LINE('',#4104,#500);
#237=LINE('',#4107,#501);
#238=LINE('',#4109,#502);
#239=LINE('',#4111,#503);
#240=LINE('',#4112,#504);
#241=LINE('',#4115,#505);
#242=LINE('',#4117,#506);
#243=LINE('',#4119,#507);
#244=LINE('',#4120,#508);
#245=LINE('',#4123,#509);
#246=LINE('',#4125,#510);
#247=LINE('',#4127,#511);
#248=LINE('',#4128,#512);
#249=LINE('',#4131,#513);
#250=LINE('',#4133,#514);
#251=LINE('',#4135,#515);
#252=LINE('',#4136,#516);
#253=LINE('',#4139,#517);
#254=LINE('',#4141,#518);
#255=LINE('',#4143,#519);
#256=LINE('',#4144,#520);
#257=LINE('',#4147,#521);
#258=LINE('',#4149,#522);
#259=LINE('',#4151,#523);
#260=LINE('',#4152,#524);
#261=LINE('',#4157,#525);
#262=LINE('',#4159,#526);
#263=LINE('',#4161,#527);
#264=LINE('',#4162,#528);
#265=LINE('',#4165,#529);
#266=LINE('',#4167,#530);
#267=LINE('',#4169,#531);
#268=LINE('',#4170,#532);
#269=LINE('',#4173,#533);
#270=LINE('',#4175,#534);
#271=LINE('',#4177,#535);
#272=LINE('',#4178,#536);
#273=LINE('',#4183,#537);
#274=LINE('',#4185,#538);
#275=LINE('',#4187,#539);
#276=LINE('',#4188,#540);
#277=LINE('',#4191,#541);
#278=LINE('',#4193,#542);
#279=LINE('',#4195,#543);
#280=LINE('',#4196,#544);
#281=LINE('',#4206,#545);
#282=LINE('',#4209,#546);
#283=LINE('',#4226,#547);
#284=LINE('',#4227,#548);
#285=LINE('',#4232,#549);
#286=LINE('',#4233,#550);
#287=LINE('',#4245,#551);
#288=LINE('',#4249,#552);
#289=LINE('',#4251,#553);
#290=LINE('',#4253,#554);
#291=LINE('',#4254,#555);
#292=LINE('',#4257,#556);
#293=LINE('',#4259,#557);
#294=LINE('',#4261,#558);
#295=LINE('',#4262,#559);
#296=LINE('',#4265,#560);
#297=LINE('',#4267,#561);
#298=LINE('',#4269,#562);
#299=LINE('',#4270,#563);
#300=LINE('',#4273,#564);
#301=LINE('',#4275,#565);
#302=LINE('',#4277,#566);
#303=LINE('',#4278,#567);
#304=LINE('',#4281,#568);
#305=LINE('',#4283,#569);
#306=LINE('',#4285,#570);
#307=LINE('',#4286,#571);
#308=LINE('',#4289,#572);
#309=LINE('',#4291,#573);
#310=LINE('',#4293,#574);
#311=LINE('',#4294,#575);
#312=LINE('',#4297,#576);
#313=LINE('',#4299,#577);
#314=LINE('',#4301,#578);
#315=LINE('',#4302,#579);
#316=LINE('',#4307,#580);
#317=LINE('',#4309,#581);
#318=LINE('',#4311,#582);
#319=LINE('',#4312,#583);
#320=LINE('',#4315,#584);
#321=LINE('',#4317,#585);
#322=LINE('',#4319,#586);
#323=LINE('',#4320,#587);
#324=LINE('',#4323,#588);
#325=LINE('',#4325,#589);
#326=LINE('',#4327,#590);
#327=LINE('',#4328,#591);
#328=LINE('',#4333,#592);
#329=LINE('',#4335,#593);
#330=LINE('',#4337,#594);
#331=LINE('',#4338,#595);
#332=LINE('',#4341,#596);
#333=LINE('',#4343,#597);
#334=LINE('',#4345,#598);
#335=LINE('',#4346,#599);
#336=LINE('',#4352,#600);
#337=LINE('',#4353,#601);
#338=LINE('',#4355,#602);
#339=LINE('',#4357,#603);
#340=LINE('',#4360,#604);
#341=LINE('',#4361,#605);
#342=LINE('',#4363,#606);
#343=LINE('',#4365,#607);
#344=LINE('',#4368,#608);
#345=LINE('',#4369,#609);
#346=LINE('',#4371,#610);
#347=LINE('',#4373,#611);
#348=LINE('',#4376,#612);
#349=LINE('',#4377,#613);
#350=LINE('',#4379,#614);
#351=LINE('',#4381,#615);
#352=LINE('',#4384,#616);
#353=LINE('',#4385,#617);
#354=LINE('',#4387,#618);
#355=LINE('',#4389,#619);
#356=LINE('',#4392,#620);
#357=LINE('',#4393,#621);
#358=LINE('',#4395,#622);
#359=LINE('',#4397,#623);
#360=LINE('',#4400,#624);
#361=LINE('',#4401,#625);
#362=LINE('',#4403,#626);
#363=LINE('',#4405,#627);
#364=LINE('',#4408,#628);
#365=LINE('',#4410,#629);
#366=LINE('',#4411,#630);
#367=LINE('',#4413,#631);
#368=LINE('',#4415,#632);
#369=LINE('',#4418,#633);
#370=LINE('',#4419,#634);
#371=LINE('',#4421,#635);
#372=LINE('',#4423,#636);
#373=LINE('',#4426,#637);
#374=LINE('',#4427,#638);
#375=LINE('',#4429,#639);
#376=LINE('',#4431,#640);
#377=LINE('',#4434,#641);
#378=LINE('',#4436,#642);
#379=LINE('',#4437,#643);
#380=LINE('',#4439,#644);
#381=LINE('',#4441,#645);
#382=LINE('',#4444,#646);
#383=LINE('',#4445,#647);
#384=LINE('',#4447,#648);
#385=LINE('',#4449,#649);
#386=LINE('',#4452,#650);
#387=LINE('',#4454,#651);
#388=LINE('',#4474,#652);
#389=LINE('',#4475,#653);
#390=LINE('',#4477,#654);
#391=LINE('',#4479,#655);
#392=LINE('',#4480,#656);
#393=LINE('',#4513,#657);
#394=LINE('',#4514,#658);
#395=LINE('',#4518,#659);
#396=LINE('',#4521,#660);
#397=LINE('',#4522,#661);
#398=LINE('',#4526,#662);
#399=LINE('',#4529,#663);
#400=LINE('',#4530,#664);
#401=LINE('',#4534,#665);
#402=LINE('',#4537,#666);
#403=LINE('',#4538,#667);
#404=LINE('',#4542,#668);
#405=LINE('',#4545,#669);
#406=LINE('',#4546,#670);
#407=LINE('',#4549,#671);
#408=LINE('',#4550,#672);
#409=LINE('',#4568,#673);
#410=LINE('',#4571,#674);
#411=LINE('',#4602,#675);
#412=LINE('',#4606,#676);
#413=LINE('',#4607,#677);
#414=LINE('',#4610,#678);
#415=LINE('',#4612,#679);
#416=LINE('',#4614,#680);
#417=LINE('',#4616,#681);
#418=VECTOR('',#2941,10.);
#419=VECTOR('',#2942,10.);
#420=VECTOR('',#2955,10.);
#421=VECTOR('',#2956,10.);
#422=VECTOR('',#2959,10.);
#423=VECTOR('',#2962,10.);
#424=VECTOR('',#2967,10.);
#425=VECTOR('',#2968,10.);
#426=VECTOR('',#2971,10.);
#427=VECTOR('',#2976,10.);
#428=VECTOR('',#2977,10.);
#429=VECTOR('',#2980,10.);
#430=VECTOR('',#2983,10.);
#431=VECTOR('',#2986,10.);
#432=VECTOR('',#2989,10.);
#433=VECTOR('',#2990,10.);
#434=VECTOR('',#2993,10.);
#435=VECTOR('',#2998,10.);
#436=VECTOR('',#2999,10.);
#437=VECTOR('',#3002,10.);
#438=VECTOR('',#3005,10.);
#439=VECTOR('',#3008,10.);
#440=VECTOR('',#3011,10.);
#441=VECTOR('',#3012,10.);
#442=VECTOR('',#3021,10.);
#443=VECTOR('',#3036,10.);
#444=VECTOR('',#3037,10.);
#445=VECTOR('',#3050,10.);
#446=VECTOR('',#3053,10.);
#447=VECTOR('',#3058,10.);
#448=VECTOR('',#3073,10.);
#449=VECTOR('',#3074,10.);
#450=VECTOR('',#3087,10.);
#451=VECTOR('',#3088,10.);
#452=VECTOR('',#3101,10.);
#453=VECTOR('',#3102,10.);
#454=VECTOR('',#3121,10.);
#455=VECTOR('',#3122,10.);
#456=VECTOR('',#3123,10.);
#457=VECTOR('',#3128,10.);
#458=VECTOR('',#3129,10.);
#459=VECTOR('',#3132,10.);
#460=VECTOR('',#3135,10.);
#461=VECTOR('',#3138,10.);
#462=VECTOR('',#3139,10.);
#463=VECTOR('',#3140,10.);
#464=VECTOR('',#3143,10.);
#465=VECTOR('',#3144,10.);
#466=VECTOR('',#3151,10.);
#467=VECTOR('',#3154,10.);
#468=VECTOR('',#3157,10.);
#469=VECTOR('',#3158,10.);
#470=VECTOR('',#3161,10.);
#471=VECTOR('',#3166,10.);
#472=VECTOR('',#3167,10.);
#473=VECTOR('',#3168,10.);
#474=VECTOR('',#3175,10.);
#475=VECTOR('',#3180,10.);
#476=VECTOR('',#3181,10.);
#477=VECTOR('',#3184,10.);
#478=VECTOR('',#3187,10.);
#479=VECTOR('',#3188,10.);
#480=VECTOR('',#3189,10.);
#481=VECTOR('',#3190,10.);
#482=VECTOR('',#3191,10.);
#483=VECTOR('',#3192,10.);
#484=VECTOR('',#3193,10.);
#485=VECTOR('',#3196,10.);
#486=VECTOR('',#3201,1.5);
#487=VECTOR('',#3210,1.5);
#488=VECTOR('',#3219,10.);
#489=VECTOR('',#3222,10.);
#490=VECTOR('',#3225,10.);
#491=VECTOR('',#3226,10.);
#492=VECTOR('',#3227,10.);
#493=VECTOR('',#3234,10.);
#494=VECTOR('',#3237,10.);
#495=VECTOR('',#3238,10.);
#496=VECTOR('',#3241,10.);
#497=VECTOR('',#3242,10.);
#498=VECTOR('',#3243,10.);
#499=VECTOR('',#3244,10.);
#500=VECTOR('',#3245,10.);
#501=VECTOR('',#3246,10.);
#502=VECTOR('',#3247,10.);
#503=VECTOR('',#3248,10.);
#504=VECTOR('',#3249,10.);
#505=VECTOR('',#3250,10.);
#506=VECTOR('',#3251,10.);
#507=VECTOR('',#3252,10.);
#508=VECTOR('',#3253,10.);
#509=VECTOR('',#3254,10.);
#510=VECTOR('',#3255,10.);
#511=VECTOR('',#3256,10.);
#512=VECTOR('',#3257,10.);
#513=VECTOR('',#3258,10.);
#514=VECTOR('',#3259,10.);
#515=VECTOR('',#3260,10.);
#516=VECTOR('',#3261,10.);
#517=VECTOR('',#3262,10.);
#518=VECTOR('',#3263,10.);
#519=VECTOR('',#3264,10.);
#520=VECTOR('',#3265,10.);
#521=VECTOR('',#3266,10.);
#522=VECTOR('',#3267,10.);
#523=VECTOR('',#3268,10.);
#524=VECTOR('',#3269,10.);
#525=VECTOR('',#3272,10.);
#526=VECTOR('',#3273,10.);
#527=VECTOR('',#3274,10.);
#528=VECTOR('',#3275,10.);
#529=VECTOR('',#3276,10.);
#530=VECTOR('',#3277,10.);
#531=VECTOR('',#3278,10.);
#532=VECTOR('',#3279,10.);
#533=VECTOR('',#3280,10.);
#534=VECTOR('',#3281,10.);
#535=VECTOR('',#3282,10.);
#536=VECTOR('',#3283,10.);
#537=VECTOR('',#3286,10.);
#538=VECTOR('',#3287,10.);
#539=VECTOR('',#3288,10.);
#540=VECTOR('',#3289,10.);
#541=VECTOR('',#3290,10.);
#542=VECTOR('',#3291,10.);
#543=VECTOR('',#3292,10.);
#544=VECTOR('',#3293,10.);
#545=VECTOR('',#3302,10.);
#546=VECTOR('',#3305,4.);
#547=VECTOR('',#3326,10.);
#548=VECTOR('',#3327,4.);
#549=VECTOR('',#3332,4.);
#550=VECTOR('',#3333,10.);
#551=VECTOR('',#3352,4.);
#552=VECTOR('',#3355,10.);
#553=VECTOR('',#3356,10.);
#554=VECTOR('',#3357,10.);
#555=VECTOR('',#3358,10.);
#556=VECTOR('',#3359,10.);
#557=VECTOR('',#3360,10.);
#558=VECTOR('',#3361,10.);
#559=VECTOR('',#3362,10.);
#560=VECTOR('',#3363,10.);
#561=VECTOR('',#3364,10.);
#562=VECTOR('',#3365,10.);
#563=VECTOR('',#3366,10.);
#564=VECTOR('',#3367,10.);
#565=VECTOR('',#3368,10.);
#566=VECTOR('',#3369,10.);
#567=VECTOR('',#3370,10.);
#568=VECTOR('',#3371,10.);
#569=VECTOR('',#3372,10.);
#570=VECTOR('',#3373,10.);
#571=VECTOR('',#3374,10.);
#572=VECTOR('',#3375,10.);
#573=VECTOR('',#3376,10.);
#574=VECTOR('',#3377,10.);
#575=VECTOR('',#3378,10.);
#576=VECTOR('',#3379,10.);
#577=VECTOR('',#3380,10.);
#578=VECTOR('',#3381,10.);
#579=VECTOR('',#3382,10.);
#580=VECTOR('',#3385,10.);
#581=VECTOR('',#3386,10.);
#582=VECTOR('',#3387,10.);
#583=VECTOR('',#3388,10.);
#584=VECTOR('',#3389,10.);
#585=VECTOR('',#3390,10.);
#586=VECTOR('',#3391,10.);
#587=VECTOR('',#3392,10.);
#588=VECTOR('',#3393,10.);
#589=VECTOR('',#3394,10.);
#590=VECTOR('',#3395,10.);
#591=VECTOR('',#3396,10.);
#592=VECTOR('',#3399,10.);
#593=VECTOR('',#3400,10.);
#594=VECTOR('',#3401,10.);
#595=VECTOR('',#3402,10.);
#596=VECTOR('',#3403,10.);
#597=VECTOR('',#3404,10.);
#598=VECTOR('',#3405,10.);
#599=VECTOR('',#3406,10.);
#600=VECTOR('',#3413,10.);
#601=VECTOR('',#3414,10.);
#602=VECTOR('',#3417,10.);
#603=VECTOR('',#3420,10.);
#604=VECTOR('',#3425,10.);
#605=VECTOR('',#3426,10.);
#606=VECTOR('',#3429,10.);
#607=VECTOR('',#3432,10.);
#608=VECTOR('',#3437,10.);
#609=VECTOR('',#3438,10.);
#610=VECTOR('',#3441,10.);
#611=VECTOR('',#3444,10.);
#612=VECTOR('',#3449,10.);
#613=VECTOR('',#3450,10.);
#614=VECTOR('',#3453,10.);
#615=VECTOR('',#3456,10.);
#616=VECTOR('',#3461,10.);
#617=VECTOR('',#3462,10.);
#618=VECTOR('',#3465,10.);
#619=VECTOR('',#3468,10.);
#620=VECTOR('',#3473,10.);
#621=VECTOR('',#3474,10.);
#622=VECTOR('',#3477,10.);
#623=VECTOR('',#3480,10.);
#624=VECTOR('',#3485,10.);
#625=VECTOR('',#3486,10.);
#626=VECTOR('',#3489,10.);
#627=VECTOR('',#3492,10.);
#628=VECTOR('',#3497,4.);
#629=VECTOR('',#3500,10.);
#630=VECTOR('',#3501,10.);
#631=VECTOR('',#3504,10.);
#632=VECTOR('',#3507,10.);
#633=VECTOR('',#3512,10.);
#634=VECTOR('',#3513,10.);
#635=VECTOR('',#3516,10.);
#636=VECTOR('',#3519,10.);
#637=VECTOR('',#3524,10.);
#638=VECTOR('',#3525,10.);
#639=VECTOR('',#3528,10.);
#640=VECTOR('',#3531,10.);
#641=VECTOR('',#3536,4.);
#642=VECTOR('',#3539,10.);
#643=VECTOR('',#3540,10.);
#644=VECTOR('',#3543,10.);
#645=VECTOR('',#3546,10.);
#646=VECTOR('',#3551,10.);
#647=VECTOR('',#3552,10.);
#648=VECTOR('',#3555,10.);
#649=VECTOR('',#3558,10.);
#650=VECTOR('',#3563,4.);
#651=VECTOR('',#3566,4.);
#652=VECTOR('',#3569,10.);
#653=VECTOR('',#3570,10.);
#654=VECTOR('',#3571,10.);
#655=VECTOR('',#3572,10.);
#656=VECTOR('',#3573,10.);
#657=VECTOR('',#3582,10.);
#658=VECTOR('',#3583,10.);
#659=VECTOR('',#3588,10.);
#660=VECTOR('',#3591,10.);
#661=VECTOR('',#3592,10.);
#662=VECTOR('',#3597,10.);
#663=VECTOR('',#3600,10.);
#664=VECTOR('',#3601,10.);
#665=VECTOR('',#3606,10.);
#666=VECTOR('',#3609,10.);
#667=VECTOR('',#3610,10.);
#668=VECTOR('',#3615,10.);
#669=VECTOR('',#3618,10.);
#670=VECTOR('',#3619,10.);
#671=VECTOR('',#3622,10.);
#672=VECTOR('',#3623,10.);
#673=VECTOR('',#3630,10.);
#674=VECTOR('',#3635,10.);
#675=VECTOR('',#3642,10.);
#676=VECTOR('',#3649,10.);
#677=VECTOR('',#3650,10.);
#678=VECTOR('',#3655,10.);
#679=VECTOR('',#3658,10.);
#680=VECTOR('',#3661,10.);
#681=VECTOR('',#3664,10.);
#682=CYLINDRICAL_SURFACE('',#2692,2.);
#683=CYLINDRICAL_SURFACE('',#2699,5.);
#684=CYLINDRICAL_SURFACE('',#2704,2.5);
#685=CYLINDRICAL_SURFACE('',#2720,2.5);
#686=CYLINDRICAL_SURFACE('',#2727,2.);
#687=CYLINDRICAL_SURFACE('',#2736,2.5);
#688=CYLINDRICAL_SURFACE('',#2743,2.5);
#689=CYLINDRICAL_SURFACE('',#2749,2.5);
#690=CYLINDRICAL_SURFACE('',#2755,2.5);
#691=CYLINDRICAL_SURFACE('',#2766,1.5);
#692=CYLINDRICAL_SURFACE('',#2772,2.5);
#693=CYLINDRICAL_SURFACE('',#2774,2.);
#694=CYLINDRICAL_SURFACE('',#2777,2.);
#695=CYLINDRICAL_SURFACE('',#2780,2.00000000000001);
#696=CYLINDRICAL_SURFACE('',#2782,2.);
#697=CYLINDRICAL_SURFACE('',#2788,1.5);
#698=CYLINDRICAL_SURFACE('',#2792,1.5);
#699=CYLINDRICAL_SURFACE('',#2796,2.5);
#700=CYLINDRICAL_SURFACE('',#2800,2.5);
#701=CYLINDRICAL_SURFACE('',#2809,4.);
#702=CYLINDRICAL_SURFACE('',#2820,4.);
#703=CYLINDRICAL_SURFACE('',#2822,4.);
#704=CYLINDRICAL_SURFACE('',#2832,4.);
#705=CYLINDRICAL_SURFACE('',#2866,4.);
#706=CYLINDRICAL_SURFACE('',#2879,4.);
#707=CYLINDRICAL_SURFACE('',#2888,4.);
#708=CYLINDRICAL_SURFACE('',#2889,4.);
#709=CYLINDRICAL_SURFACE('',#2891,6.00000000000001);
#710=CYLINDRICAL_SURFACE('',#2892,6.00000000000001);
#711=CYLINDRICAL_SURFACE('',#2895,8.);
#712=CYLINDRICAL_SURFACE('',#2898,8.00000000000001);
#713=CYLINDRICAL_SURFACE('',#2901,8.00000000000002);
#714=CYLINDRICAL_SURFACE('',#2904,7.99999999999999);
#715=CYLINDRICAL_SURFACE('',#2908,5.99999999999999);
#716=CYLINDRICAL_SURFACE('',#2911,5.);
#717=CYLINDRICAL_SURFACE('',#2915,5.);
#718=CYLINDRICAL_SURFACE('',#2919,9.99999999999999);
#719=CYLINDRICAL_SURFACE('',#2920,10.);
#720=CYLINDRICAL_SURFACE('',#2922,10.);
#721=CYLINDRICAL_SURFACE('',#2924,10.);
#722=FACE_OUTER_BOUND('',#860,.T.);
#723=FACE_OUTER_BOUND('',#861,.T.);
#724=FACE_OUTER_BOUND('',#862,.T.);
#725=FACE_OUTER_BOUND('',#863,.T.);
#726=FACE_OUTER_BOUND('',#864,.T.);
#727=FACE_OUTER_BOUND('',#865,.T.);
#728=FACE_OUTER_BOUND('',#866,.T.);
#729=FACE_OUTER_BOUND('',#867,.T.);
#730=FACE_OUTER_BOUND('',#868,.T.);
#731=FACE_OUTER_BOUND('',#869,.T.);
#732=FACE_OUTER_BOUND('',#870,.T.);
#733=FACE_OUTER_BOUND('',#871,.T.);
#734=FACE_OUTER_BOUND('',#872,.T.);
#735=FACE_OUTER_BOUND('',#873,.T.);
#736=FACE_OUTER_BOUND('',#874,.T.);
#737=FACE_OUTER_BOUND('',#875,.T.);
#738=FACE_OUTER_BOUND('',#876,.T.);
#739=FACE_OUTER_BOUND('',#877,.T.);
#740=FACE_OUTER_BOUND('',#878,.T.);
#741=FACE_OUTER_BOUND('',#879,.T.);
#742=FACE_OUTER_BOUND('',#880,.T.);
#743=FACE_OUTER_BOUND('',#881,.T.);
#744=FACE_OUTER_BOUND('',#882,.T.);
#745=FACE_OUTER_BOUND('',#883,.T.);
#746=FACE_OUTER_BOUND('',#884,.T.);
#747=FACE_OUTER_BOUND('',#885,.T.);
#748=FACE_OUTER_BOUND('',#886,.T.);
#749=FACE_OUTER_BOUND('',#887,.T.);
#750=FACE_OUTER_BOUND('',#888,.T.);
#751=FACE_OUTER_BOUND('',#889,.T.);
#752=FACE_OUTER_BOUND('',#890,.T.);
#753=FACE_OUTER_BOUND('',#891,.T.);
#754=FACE_OUTER_BOUND('',#892,.T.);
#755=FACE_OUTER_BOUND('',#893,.T.);
#756=FACE_OUTER_BOUND('',#894,.T.);
#757=FACE_OUTER_BOUND('',#895,.T.);
#758=FACE_OUTER_BOUND('',#896,.T.);
#759=FACE_OUTER_BOUND('',#897,.T.);
#760=FACE_OUTER_BOUND('',#898,.T.);
#761=FACE_OUTER_BOUND('',#899,.T.);
#762=FACE_OUTER_BOUND('',#900,.T.);
#763=FACE_OUTER_BOUND('',#901,.T.);
#764=FACE_OUTER_BOUND('',#902,.T.);
#765=FACE_OUTER_BOUND('',#903,.T.);
#766=FACE_OUTER_BOUND('',#904,.T.);
#767=FACE_OUTER_BOUND('',#905,.T.);
#768=FACE_OUTER_BOUND('',#906,.T.);
#769=FACE_OUTER_BOUND('',#907,.T.);
#770=FACE_OUTER_BOUND('',#924,.T.);
#771=FACE_OUTER_BOUND('',#925,.T.);
#772=FACE_OUTER_BOUND('',#926,.T.);
#773=FACE_OUTER_BOUND('',#927,.T.);
#774=FACE_OUTER_BOUND('',#928,.T.);
#775=FACE_OUTER_BOUND('',#929,.T.);
#776=FACE_OUTER_BOUND('',#930,.T.);
#777=FACE_OUTER_BOUND('',#931,.T.);
#778=FACE_OUTER_BOUND('',#932,.T.);
#779=FACE_OUTER_BOUND('',#949,.T.);
#780=FACE_OUTER_BOUND('',#950,.T.);
#781=FACE_OUTER_BOUND('',#951,.T.);
#782=FACE_OUTER_BOUND('',#952,.T.);
#783=FACE_OUTER_BOUND('',#953,.T.);
#784=FACE_OUTER_BOUND('',#954,.T.);
#785=FACE_OUTER_BOUND('',#955,.T.);
#786=FACE_OUTER_BOUND('',#956,.T.);
#787=FACE_OUTER_BOUND('',#957,.T.);
#788=FACE_OUTER_BOUND('',#958,.T.);
#789=FACE_OUTER_BOUND('',#959,.T.);
#790=FACE_OUTER_BOUND('',#960,.T.);
#791=FACE_OUTER_BOUND('',#961,.T.);
#792=FACE_OUTER_BOUND('',#962,.T.);
#793=FACE_OUTER_BOUND('',#963,.T.);
#794=FACE_OUTER_BOUND('',#964,.T.);
#795=FACE_OUTER_BOUND('',#965,.T.);
#796=FACE_OUTER_BOUND('',#966,.T.);
#797=FACE_OUTER_BOUND('',#967,.T.);
#798=FACE_OUTER_BOUND('',#968,.T.);
#799=FACE_OUTER_BOUND('',#969,.T.);
#800=FACE_OUTER_BOUND('',#970,.T.);
#801=FACE_OUTER_BOUND('',#971,.T.);
#802=FACE_OUTER_BOUND('',#972,.T.);
#803=FACE_OUTER_BOUND('',#973,.T.);
#804=FACE_OUTER_BOUND('',#974,.T.);
#805=FACE_OUTER_BOUND('',#975,.T.);
#806=FACE_OUTER_BOUND('',#976,.T.);
#807=FACE_OUTER_BOUND('',#977,.T.);
#808=FACE_OUTER_BOUND('',#978,.T.);
#809=FACE_OUTER_BOUND('',#979,.T.);
#810=FACE_OUTER_BOUND('',#980,.T.);
#811=FACE_OUTER_BOUND('',#981,.T.);
#812=FACE_OUTER_BOUND('',#982,.T.);
#813=FACE_OUTER_BOUND('',#983,.T.);
#814=FACE_OUTER_BOUND('',#984,.T.);
#815=FACE_OUTER_BOUND('',#985,.T.);
#816=FACE_OUTER_BOUND('',#986,.T.);
#817=FACE_OUTER_BOUND('',#987,.T.);
#818=FACE_OUTER_BOUND('',#988,.T.);
#819=FACE_OUTER_BOUND('',#989,.T.);
#820=FACE_OUTER_BOUND('',#990,.T.);
#821=FACE_OUTER_BOUND('',#991,.T.);
#822=FACE_OUTER_BOUND('',#992,.T.);
#823=FACE_OUTER_BOUND('',#993,.T.);
#824=FACE_OUTER_BOUND('',#994,.T.);
#825=FACE_OUTER_BOUND('',#995,.T.);
#826=FACE_OUTER_BOUND('',#996,.T.);
#827=FACE_OUTER_BOUND('',#997,.T.);
#828=FACE_OUTER_BOUND('',#998,.T.);
#829=FACE_OUTER_BOUND('',#999,.T.);
#830=FACE_OUTER_BOUND('',#1000,.T.);
#831=FACE_OUTER_BOUND('',#1001,.T.);
#832=FACE_OUTER_BOUND('',#1002,.T.);
#833=FACE_OUTER_BOUND('',#1003,.T.);
#834=FACE_OUTER_BOUND('',#1004,.T.);
#835=FACE_OUTER_BOUND('',#1005,.T.);
#836=FACE_OUTER_BOUND('',#1006,.T.);
#837=FACE_OUTER_BOUND('',#1007,.T.);
#838=FACE_OUTER_BOUND('',#1008,.T.);
#839=FACE_OUTER_BOUND('',#1009,.T.);
#840=FACE_OUTER_BOUND('',#1010,.T.);
#841=FACE_OUTER_BOUND('',#1011,.T.);
#842=FACE_OUTER_BOUND('',#1012,.T.);
#843=FACE_OUTER_BOUND('',#1013,.T.);
#844=FACE_OUTER_BOUND('',#1014,.T.);
#845=FACE_OUTER_BOUND('',#1015,.T.);
#846=FACE_OUTER_BOUND('',#1018,.T.);
#847=FACE_OUTER_BOUND('',#1019,.T.);
#848=FACE_OUTER_BOUND('',#1020,.T.);
#849=FACE_OUTER_BOUND('',#1021,.T.);
#850=FACE_OUTER_BOUND('',#1022,.T.);
#851=FACE_OUTER_BOUND('',#1023,.T.);
#852=FACE_OUTER_BOUND('',#1024,.T.);
#853=FACE_OUTER_BOUND('',#1025,.T.);
#854=FACE_OUTER_BOUND('',#1026,.T.);
#855=FACE_OUTER_BOUND('',#1027,.T.);
#856=FACE_OUTER_BOUND('',#1028,.T.);
#857=FACE_OUTER_BOUND('',#1029,.T.);
#858=FACE_OUTER_BOUND('',#1030,.T.);
#859=FACE_OUTER_BOUND('',#1031,.T.);
#860=EDGE_LOOP('',(#1759,#1760,#1761,#1762));
#861=EDGE_LOOP('',(#1763,#1764,#1765,#1766));
#862=EDGE_LOOP('',(#1767,#1768,#1769,#1770));
#863=EDGE_LOOP('',(#1771,#1772,#1773,#1774));
#864=EDGE_LOOP('',(#1775,#1776,#1777,#1778,#1779,#1780,#1781,#1782));
#865=EDGE_LOOP('',(#1783,#1784,#1785,#1786));
#866=EDGE_LOOP('',(#1787,#1788,#1789,#1790));
#867=EDGE_LOOP('',(#1791,#1792,#1793,#1794,#1795,#1796,#1797,#1798,#1799,
#1800,#1801,#1802,#1803,#1804,#1805,#1806,#1807,#1808,#1809,#1810,#1811,
#1812,#1813,#1814,#1815,#1816,#1817,#1818,#1819,#1820,#1821,#1822,#1823,
#1824));
#868=EDGE_LOOP('',(#1825,#1826,#1827,#1828,#1829));
#869=EDGE_LOOP('',(#1830,#1831,#1832,#1833));
#870=EDGE_LOOP('',(#1834,#1835,#1836,#1837));
#871=EDGE_LOOP('',(#1838,#1839,#1840,#1841));
#872=EDGE_LOOP('',(#1842,#1843,#1844,#1845));
#873=EDGE_LOOP('',(#1846,#1847,#1848,#1849,#1850,#1851,#1852,#1853));
#874=EDGE_LOOP('',(#1854,#1855,#1856,#1857,#1858));
#875=EDGE_LOOP('',(#1859,#1860,#1861,#1862));
#876=EDGE_LOOP('',(#1863,#1864,#1865,#1866));
#877=EDGE_LOOP('',(#1867,#1868,#1869,#1870));
#878=EDGE_LOOP('',(#1871,#1872,#1873,#1874));
#879=EDGE_LOOP('',(#1875,#1876,#1877,#1878));
#880=EDGE_LOOP('',(#1879,#1880,#1881,#1882));
#881=EDGE_LOOP('',(#1883,#1884,#1885,#1886));
#882=EDGE_LOOP('',(#1887,#1888,#1889,#1890));
#883=EDGE_LOOP('',(#1891,#1892,#1893,#1894));
#884=EDGE_LOOP('',(#1895,#1896,#1897,#1898,#1899,#1900,#1901,#1902,#1903,
#1904,#1905,#1906));
#885=EDGE_LOOP('',(#1907,#1908,#1909,#1910));
#886=EDGE_LOOP('',(#1911,#1912,#1913,#1914,#1915,#1916));
#887=EDGE_LOOP('',(#1917,#1918,#1919,#1920,#1921,#1922,#1923,#1924));
#888=EDGE_LOOP('',(#1925,#1926,#1927,#1928,#1929,#1930,#1931,#1932));
#889=EDGE_LOOP('',(#1933,#1934,#1935,#1936));
#890=EDGE_LOOP('',(#1937,#1938,#1939,#1940));
#891=EDGE_LOOP('',(#1941,#1942,#1943,#1944));
#892=EDGE_LOOP('',(#1945,#1946,#1947,#1948));
#893=EDGE_LOOP('',(#1949,#1950,#1951,#1952));
#894=EDGE_LOOP('',(#1953,#1954,#1955,#1956,#1957));
#895=EDGE_LOOP('',(#1958,#1959,#1960,#1961,#1962));
#896=EDGE_LOOP('',(#1963,#1964,#1965,#1966,#1967));
#897=EDGE_LOOP('',(#1968,#1969,#1970,#1971,#1972));
#898=EDGE_LOOP('',(#1973,#1974,#1975,#1976,#1977,#1978,#1979,#1980,#1981,
#1982,#1983,#1984,#1985,#1986,#1987,#1988));
#899=EDGE_LOOP('',(#1989,#1990,#1991,#1992));
#900=EDGE_LOOP('',(#1993));
#901=EDGE_LOOP('',(#1994,#1995,#1996,#1997));
#902=EDGE_LOOP('',(#1998));
#903=EDGE_LOOP('',(#1999,#2000,#2001,#2002));
#904=EDGE_LOOP('',(#2003,#2004,#2005,#2006));
#905=EDGE_LOOP('',(#2007,#2008,#2009,#2010));
#906=EDGE_LOOP('',(#2011,#2012,#2013,#2014));
#907=EDGE_LOOP('',(#2015,#2016,#2017,#2018,#2019,#2020));
#908=EDGE_LOOP('',(#2021,#2022,#2023,#2024));
#909=EDGE_LOOP('',(#2025,#2026,#2027,#2028));
#910=EDGE_LOOP('',(#2029,#2030,#2031,#2032));
#911=EDGE_LOOP('',(#2033,#2034,#2035,#2036));
#912=EDGE_LOOP('',(#2037,#2038,#2039,#2040));
#913=EDGE_LOOP('',(#2041,#2042,#2043,#2044));
#914=EDGE_LOOP('',(#2045,#2046,#2047,#2048));
#915=EDGE_LOOP('',(#2049));
#916=EDGE_LOOP('',(#2050,#2051,#2052,#2053));
#917=EDGE_LOOP('',(#2054,#2055,#2056,#2057));
#918=EDGE_LOOP('',(#2058,#2059,#2060,#2061));
#919=EDGE_LOOP('',(#2062));
#920=EDGE_LOOP('',(#2063,#2064,#2065,#2066));
#921=EDGE_LOOP('',(#2067,#2068,#2069,#2070));
#922=EDGE_LOOP('',(#2071));
#923=EDGE_LOOP('',(#2072));
#924=EDGE_LOOP('',(#2073,#2074,#2075,#2076));
#925=EDGE_LOOP('',(#2077,#2078,#2079,#2080));
#926=EDGE_LOOP('',(#2081,#2082,#2083,#2084));
#927=EDGE_LOOP('',(#2085,#2086,#2087,#2088));
#928=EDGE_LOOP('',(#2089,#2090,#2091,#2092));
#929=EDGE_LOOP('',(#2093,#2094,#2095,#2096));
#930=EDGE_LOOP('',(#2097,#2098,#2099,#2100));
#931=EDGE_LOOP('',(#2101,#2102,#2103,#2104));
#932=EDGE_LOOP('',(#2105,#2106,#2107,#2108,#2109,#2110,#2111,#2112));
#933=EDGE_LOOP('',(#2113,#2114,#2115,#2116));
#934=EDGE_LOOP('',(#2117,#2118,#2119,#2120));
#935=EDGE_LOOP('',(#2121,#2122,#2123,#2124));
#936=EDGE_LOOP('',(#2125,#2126,#2127,#2128));
#937=EDGE_LOOP('',(#2129,#2130,#2131,#2132));
#938=EDGE_LOOP('',(#2133,#2134,#2135,#2136));
#939=EDGE_LOOP('',(#2137,#2138,#2139,#2140));
#940=EDGE_LOOP('',(#2141));
#941=EDGE_LOOP('',(#2142,#2143,#2144,#2145));
#942=EDGE_LOOP('',(#2146,#2147,#2148,#2149));
#943=EDGE_LOOP('',(#2150,#2151,#2152,#2153));
#944=EDGE_LOOP('',(#2154));
#945=EDGE_LOOP('',(#2155,#2156,#2157,#2158));
#946=EDGE_LOOP('',(#2159,#2160,#2161,#2162));
#947=EDGE_LOOP('',(#2163));
#948=EDGE_LOOP('',(#2164));
#949=EDGE_LOOP('',(#2165,#2166,#2167,#2168));
#950=EDGE_LOOP('',(#2169,#2170,#2171,#2172));
#951=EDGE_LOOP('',(#2173,#2174,#2175,#2176));
#952=EDGE_LOOP('',(#2177,#2178,#2179,#2180));
#953=EDGE_LOOP('',(#2181,#2182,#2183,#2184));
#954=EDGE_LOOP('',(#2185,#2186,#2187,#2188));
#955=EDGE_LOOP('',(#2189,#2190,#2191,#2192));
#956=EDGE_LOOP('',(#2193,#2194,#2195,#2196));
#957=EDGE_LOOP('',(#2197,#2198,#2199,#2200));
#958=EDGE_LOOP('',(#2201,#2202,#2203,#2204));
#959=EDGE_LOOP('',(#2205,#2206,#2207,#2208));
#960=EDGE_LOOP('',(#2209,#2210,#2211,#2212));
#961=EDGE_LOOP('',(#2213,#2214,#2215,#2216));
#962=EDGE_LOOP('',(#2217,#2218,#2219,#2220));
#963=EDGE_LOOP('',(#2221,#2222,#2223,#2224));
#964=EDGE_LOOP('',(#2225,#2226,#2227,#2228));
#965=EDGE_LOOP('',(#2229,#2230,#2231,#2232));
#966=EDGE_LOOP('',(#2233,#2234,#2235,#2236));
#967=EDGE_LOOP('',(#2237,#2238,#2239,#2240));
#968=EDGE_LOOP('',(#2241,#2242,#2243,#2244));
#969=EDGE_LOOP('',(#2245,#2246,#2247,#2248));
#970=EDGE_LOOP('',(#2249,#2250,#2251,#2252));
#971=EDGE_LOOP('',(#2253,#2254,#2255,#2256));
#972=EDGE_LOOP('',(#2257,#2258,#2259,#2260));
#973=EDGE_LOOP('',(#2261,#2262,#2263,#2264));
#974=EDGE_LOOP('',(#2265,#2266,#2267,#2268));
#975=EDGE_LOOP('',(#2269,#2270,#2271,#2272));
#976=EDGE_LOOP('',(#2273,#2274,#2275,#2276));
#977=EDGE_LOOP('',(#2277,#2278,#2279,#2280));
#978=EDGE_LOOP('',(#2281,#2282,#2283,#2284));
#979=EDGE_LOOP('',(#2285,#2286,#2287,#2288));
#980=EDGE_LOOP('',(#2289,#2290,#2291,#2292));
#981=EDGE_LOOP('',(#2293,#2294,#2295,#2296));
#982=EDGE_LOOP('',(#2297,#2298,#2299,#2300));
#983=EDGE_LOOP('',(#2301,#2302,#2303,#2304));
#984=EDGE_LOOP('',(#2305,#2306,#2307,#2308));
#985=EDGE_LOOP('',(#2309,#2310,#2311,#2312));
#986=EDGE_LOOP('',(#2313,#2314,#2315,#2316));
#987=EDGE_LOOP('',(#2317,#2318,#2319,#2320));
#988=EDGE_LOOP('',(#2321,#2322,#2323,#2324));
#989=EDGE_LOOP('',(#2325,#2326,#2327,#2328));
#990=EDGE_LOOP('',(#2329,#2330,#2331,#2332));
#991=EDGE_LOOP('',(#2333,#2334,#2335,#2336));
#992=EDGE_LOOP('',(#2337,#2338,#2339,#2340));
#993=EDGE_LOOP('',(#2341,#2342,#2343,#2344));
#994=EDGE_LOOP('',(#2345,#2346,#2347,#2348));
#995=EDGE_LOOP('',(#2349,#2350,#2351,#2352));
#996=EDGE_LOOP('',(#2353,#2354,#2355,#2356));
#997=EDGE_LOOP('',(#2357,#2358,#2359,#2360));
#998=EDGE_LOOP('',(#2361,#2362,#2363,#2364));
#999=EDGE_LOOP('',(#2365,#2366,#2367,#2368));
#1000=EDGE_LOOP('',(#2369,#2370,#2371,#2372));
#1001=EDGE_LOOP('',(#2373,#2374,#2375,#2376,#2377,#2378,#2379));
#1002=EDGE_LOOP('',(#2380,#2381,#2382));
#1003=EDGE_LOOP('',(#2383,#2384,#2385,#2386,#2387));
#1004=EDGE_LOOP('',(#2388,#2389,#2390,#2391));
#1005=EDGE_LOOP('',(#2392,#2393,#2394,#2395));
#1006=EDGE_LOOP('',(#2396,#2397,#2398,#2399));
#1007=EDGE_LOOP('',(#2400,#2401,#2402,#2403));
#1008=EDGE_LOOP('',(#2404,#2405,#2406,#2407));
#1009=EDGE_LOOP('',(#2408,#2409,#2410,#2411));
#1010=EDGE_LOOP('',(#2412,#2413,#2414,#2415));
#1011=EDGE_LOOP('',(#2416,#2417,#2418,#2419));
#1012=EDGE_LOOP('',(#2420,#2421,#2422,#2423));
#1013=EDGE_LOOP('',(#2424,#2425,#2426,#2427));
#1014=EDGE_LOOP('',(#2428,#2429,#2430,#2431,#2432));
#1015=EDGE_LOOP('',(#2433,#2434,#2435,#2436,#2437,#2438,#2439,#2440,#2441,
#2442,#2443,#2444,#2445,#2446,#2447,#2448,#2449,#2450,#2451,#2452));
#1016=EDGE_LOOP('',(#2453));
#1017=EDGE_LOOP('',(#2454));
#1018=EDGE_LOOP('',(#2455,#2456,#2457,#2458,#2459,#2460,#2461));
#1019=EDGE_LOOP('',(#2462,#2463,#2464));
#1020=EDGE_LOOP('',(#2465,#2466,#2467));
#1021=EDGE_LOOP('',(#2468,#2469,#2470));
#1022=EDGE_LOOP('',(#2471,#2472,#2473,#2474,#2475,#2476,#2477,#2478,#2479,
#2480));
#1023=EDGE_LOOP('',(#2481,#2482,#2483,#2484,#2485,#2486,#2487,#2488,#2489,
#2490));
#1024=EDGE_LOOP('',(#2491,#2492,#2493,#2494));
#1025=EDGE_LOOP('',(#2495,#2496,#2497,#2498));
#1026=EDGE_LOOP('',(#2499,#2500,#2501,#2502));
#1027=EDGE_LOOP('',(#2503,#2504,#2505,#2506));
#1028=EDGE_LOOP('',(#2507,#2508,#2509,#2510));
#1029=EDGE_LOOP('',(#2511,#2512,#2513,#2514));
#1030=EDGE_LOOP('',(#2515,#2516,#2517,#2518));
#1031=EDGE_LOOP('',(#2519,#2520,#2521,#2522));
#1032=CIRCLE('',#2688,2.);
#1033=CIRCLE('',#2689,5.);
#1034=CIRCLE('',#2690,2.);
#1035=CIRCLE('',#2691,3.);
#1036=CIRCLE('',#2693,2.);
#1037=CIRCLE('',#2694,2.);
#1038=CIRCLE('',#2695,2.5);
#1039=CIRCLE('',#2696,0.5);
#1040=CIRCLE('',#2697,2.);
#1041=CIRCLE('',#2698,2.);
#1042=CIRCLE('',#2702,5.);
#1043=CIRCLE('',#2705,2.5);
#1044=CIRCLE('',#2707,10.);
#1045=CIRCLE('',#2708,10.);
#1046=CIRCLE('',#2709,10.);
#1047=CIRCLE('',#2710,9.99999999999999);
#1048=CIRCLE('',#2711,2.);
#1049=CIRCLE('',#2713,5.99999999999999);
#1050=CIRCLE('',#2714,7.99999999999999);
#1051=CIRCLE('',#2715,8.00000000000003);
#1052=CIRCLE('',#2716,8.00000000000001);
#1053=CIRCLE('',#2717,8.);
#1054=CIRCLE('',#2718,6.00000000000001);
#1055=CIRCLE('',#2721,2.5);
#1056=CIRCLE('',#2722,2.5);
#1057=CIRCLE('',#2723,2.);
#1058=CIRCLE('',#2724,0.5);
#1059=CIRCLE('',#2725,2.);
#1060=CIRCLE('',#2726,2.5);
#1061=CIRCLE('',#2728,2.);
#1062=CIRCLE('',#2730,2.);
#1063=CIRCLE('',#2731,3.);
#1064=CIRCLE('',#2732,2.);
#1065=CIRCLE('',#2734,2.5);
#1066=CIRCLE('',#2735,1.5);
#1067=CIRCLE('',#2737,2.5);
#1068=CIRCLE('',#2739,2.50000000000003);
#1069=CIRCLE('',#2740,2.00000000000001);
#1070=CIRCLE('',#2741,2.5);
#1071=CIRCLE('',#2742,4.50000000000001);
#1072=CIRCLE('',#2744,2.50000000000001);
#1073=CIRCLE('',#2746,2.5);
#1074=CIRCLE('',#2747,4.5);
#1075=CIRCLE('',#2748,2.);
#1076=CIRCLE('',#2750,2.5);
#1077=CIRCLE('',#2752,2.5);
#1078=CIRCLE('',#2753,4.5);
#1079=CIRCLE('',#2754,2.);
#1080=CIRCLE('',#2756,2.5);
#1081=CIRCLE('',#2758,2.5);
#1082=CIRCLE('',#2759,4.5);
#1083=CIRCLE('',#2760,2.);
#1084=CIRCLE('',#2762,2.00000000000001);
#1085=CIRCLE('',#2764,2.);
#1086=CIRCLE('',#2767,1.5);
#1087=CIRCLE('',#2773,2.5);
#1088=CIRCLE('',#2775,2.);
#1089=CIRCLE('',#2778,2.);
#1090=CIRCLE('',#2789,1.5);
#1091=CIRCLE('',#2790,1.5);
#1092=CIRCLE('',#2793,1.5);
#1093=CIRCLE('',#2794,1.5);
#1094=CIRCLE('',#2797,2.5);
#1095=CIRCLE('',#2798,2.5);
#1096=CIRCLE('',#2801,2.5);
#1097=CIRCLE('',#2802,2.5);
#1098=CIRCLE('',#2805,4.);
#1099=CIRCLE('',#2806,4.);
#1100=CIRCLE('',#2807,4.);
#1101=CIRCLE('',#2808,4.);
#1102=CIRCLE('',#2810,3.99999999999999);
#1103=CIRCLE('',#2811,4.);
#1104=CIRCLE('',#2813,3.99999999999999);
#1105=CIRCLE('',#2814,10.);
#1106=CIRCLE('',#2815,6.53589838486226);
#1107=CIRCLE('',#2817,4.);
#1108=CIRCLE('',#2818,6.53589838486226);
#1109=CIRCLE('',#2819,10.);
#1110=CIRCLE('',#2821,4.);
#1111=CIRCLE('',#2823,4.);
#1112=CIRCLE('',#2825,4.);
#1113=CIRCLE('',#2826,10.);
#1114=CIRCLE('',#2827,6.53589838486225);
#1115=CIRCLE('',#2829,4.);
#1116=CIRCLE('',#2830,6.53589838486223);
#1117=CIRCLE('',#2831,9.99999999999999);
#1118=CIRCLE('',#2834,4.);
#1119=CIRCLE('',#2835,4.);
#1120=CIRCLE('',#2836,4.);
#1121=CIRCLE('',#2837,4.);
#1122=CIRCLE('',#2893,6.00000000000001);
#1123=CIRCLE('',#2896,8.);
#1124=CIRCLE('',#2899,8.00000000000001);
#1125=CIRCLE('',#2902,8.00000000000002);
#1126=CIRCLE('',#2905,7.99999999999999);
#1127=CIRCLE('',#2909,5.99999999999999);
#1128=CIRCLE('',#2912,5.);
#1129=CIRCLE('',#2913,5.);
#1130=CIRCLE('',#2914,5.);
#1131=VERTEX_POINT('',#3669);
#1132=VERTEX_POINT('',#3670);
#1133=VERTEX_POINT('',#3672);
#1134=VERTEX_POINT('',#3674);
#1135=VERTEX_POINT('',#3678);
#1136=VERTEX_POINT('',#3679);
#1137=VERTEX_POINT('',#3692);
#1138=VERTEX_POINT('',#3693);
#1139=VERTEX_POINT('',#3718);
#1140=VERTEX_POINT('',#3720);
#1141=VERTEX_POINT('',#3733);
#1142=VERTEX_POINT('',#3735);
#1143=VERTEX_POINT('',#3737);
#1144=VERTEX_POINT('',#3739);
#1145=VERTEX_POINT('',#3741);
#1146=VERTEX_POINT('',#3743);
#1147=VERTEX_POINT('',#3747);
#1148=VERTEX_POINT('',#3751);
#1149=VERTEX_POINT('',#3755);
#1150=VERTEX_POINT('',#3757);
#1151=VERTEX_POINT('',#3764);
#1152=VERTEX_POINT('',#3766);
#1153=VERTEX_POINT('',#3768);
#1154=VERTEX_POINT('',#3770);
#1155=VERTEX_POINT('',#3772);
#1156=VERTEX_POINT('',#3774);
#1157=VERTEX_POINT('',#3776);
#1158=VERTEX_POINT('',#3778);
#1159=VERTEX_POINT('',#3780);
#1160=VERTEX_POINT('',#3782);
#1161=VERTEX_POINT('',#3789);
#1162=VERTEX_POINT('',#3791);
#1163=VERTEX_POINT('',#3793);
#1164=VERTEX_POINT('',#3795);
#1165=VERTEX_POINT('',#3810);
#1166=VERTEX_POINT('',#3812);
#1167=VERTEX_POINT('',#3814);
#1168=VERTEX_POINT('',#3816);
#1169=VERTEX_POINT('',#3818);
#1170=VERTEX_POINT('',#3820);
#1171=VERTEX_POINT('',#3822);
#1172=VERTEX_POINT('',#3824);
#1173=VERTEX_POINT('',#3826);
#1174=VERTEX_POINT('',#3828);
#1175=VERTEX_POINT('',#3830);
#1176=VERTEX_POINT('',#3832);
#1177=VERTEX_POINT('',#3834);
#1178=VERTEX_POINT('',#3836);
#1179=VERTEX_POINT('',#3838);
#1180=VERTEX_POINT('',#3855);
#1181=VERTEX_POINT('',#3857);
#1182=VERTEX_POINT('',#3869);
#1183=VERTEX_POINT('',#3871);
#1184=VERTEX_POINT('',#3873);
#1185=VERTEX_POINT('',#3877);
#1186=VERTEX_POINT('',#3882);
#1187=VERTEX_POINT('',#3906);
#1188=VERTEX_POINT('',#3919);
#1189=VERTEX_POINT('',#3921);
#1190=VERTEX_POINT('',#3923);
#1191=VERTEX_POINT('',#3927);
#1192=VERTEX_POINT('',#3931);
#1193=VERTEX_POINT('',#3933);
#1194=VERTEX_POINT('',#3935);
#1195=VERTEX_POINT('',#3939);
#1196=VERTEX_POINT('',#3940);
#1197=VERTEX_POINT('',#3945);
#1198=VERTEX_POINT('',#3946);
#1199=VERTEX_POINT('',#3951);
#1200=VERTEX_POINT('',#3952);
#1201=VERTEX_POINT('',#3957);
#1202=VERTEX_POINT('',#3958);
#1203=VERTEX_POINT('',#3963);
#1204=VERTEX_POINT('',#3964);
#1205=VERTEX_POINT('',#3969);
#1206=VERTEX_POINT('',#3978);
#1207=VERTEX_POINT('',#3980);
#1208=VERTEX_POINT('',#3984);
#1209=VERTEX_POINT('',#3985);
#1210=VERTEX_POINT('',#3994);
#1211=VERTEX_POINT('',#3996);
#1212=VERTEX_POINT('',#4000);
#1213=VERTEX_POINT('',#4006);
#1214=VERTEX_POINT('',#4008);
#1215=VERTEX_POINT('',#4012);
#1216=VERTEX_POINT('',#4016);
#1217=VERTEX_POINT('',#4020);
#1218=VERTEX_POINT('',#4022);
#1219=VERTEX_POINT('',#4028);
#1220=VERTEX_POINT('',#4032);
#1221=VERTEX_POINT('',#4036);
#1222=VERTEX_POINT('',#4038);
#1223=VERTEX_POINT('',#4040);
#1224=VERTEX_POINT('',#4042);
#1225=VERTEX_POINT('',#4044);
#1226=VERTEX_POINT('',#4046);
#1227=VERTEX_POINT('',#4048);
#1228=VERTEX_POINT('',#4050);
#1229=VERTEX_POINT('',#4052);
#1230=VERTEX_POINT('',#4054);
#1231=VERTEX_POINT('',#4058);
#1232=VERTEX_POINT('',#4060);
#1233=VERTEX_POINT('',#4065);
#1234=VERTEX_POINT('',#4067);
#1235=VERTEX_POINT('',#4072);
#1236=VERTEX_POINT('',#4073);
#1237=VERTEX_POINT('',#4075);
#1238=VERTEX_POINT('',#4077);
#1239=VERTEX_POINT('',#4081);
#1240=VERTEX_POINT('',#4083);
#1241=VERTEX_POINT('',#4087);
#1242=VERTEX_POINT('',#4089);
#1243=VERTEX_POINT('',#4097);
#1244=VERTEX_POINT('',#4098);
#1245=VERTEX_POINT('',#4100);
#1246=VERTEX_POINT('',#4102);
#1247=VERTEX_POINT('',#4105);
#1248=VERTEX_POINT('',#4106);
#1249=VERTEX_POINT('',#4108);
#1250=VERTEX_POINT('',#4110);
#1251=VERTEX_POINT('',#4113);
#1252=VERTEX_POINT('',#4114);
#1253=VERTEX_POINT('',#4116);
#1254=VERTEX_POINT('',#4118);
#1255=VERTEX_POINT('',#4121);
#1256=VERTEX_POINT('',#4122);
#1257=VERTEX_POINT('',#4124);
#1258=VERTEX_POINT('',#4126);
#1259=VERTEX_POINT('',#4129);
#1260=VERTEX_POINT('',#4130);
#1261=VERTEX_POINT('',#4132);
#1262=VERTEX_POINT('',#4134);
#1263=VERTEX_POINT('',#4137);
#1264=VERTEX_POINT('',#4138);
#1265=VERTEX_POINT('',#4140);
#1266=VERTEX_POINT('',#4142);
#1267=VERTEX_POINT('',#4145);
#1268=VERTEX_POINT('',#4146);
#1269=VERTEX_POINT('',#4148);
#1270=VERTEX_POINT('',#4150);
#1271=VERTEX_POINT('',#4153);
#1272=VERTEX_POINT('',#4155);
#1273=VERTEX_POINT('',#4156);
#1274=VERTEX_POINT('',#4158);
#1275=VERTEX_POINT('',#4160);
#1276=VERTEX_POINT('',#4163);
#1277=VERTEX_POINT('',#4164);
#1278=VERTEX_POINT('',#4166);
#1279=VERTEX_POINT('',#4168);
#1280=VERTEX_POINT('',#4171);
#1281=VERTEX_POINT('',#4172);
#1282=VERTEX_POINT('',#4174);
#1283=VERTEX_POINT('',#4176);
#1284=VERTEX_POINT('',#4179);
#1285=VERTEX_POINT('',#4181);
#1286=VERTEX_POINT('',#4182);
#1287=VERTEX_POINT('',#4184);
#1288=VERTEX_POINT('',#4186);
#1289=VERTEX_POINT('',#4189);
#1290=VERTEX_POINT('',#4190);
#1291=VERTEX_POINT('',#4192);
#1292=VERTEX_POINT('',#4194);
#1293=VERTEX_POINT('',#4197);
#1294=VERTEX_POINT('',#4199);
#1295=VERTEX_POINT('',#4202);
#1296=VERTEX_POINT('',#4203);
#1297=VERTEX_POINT('',#4205);
#1298=VERTEX_POINT('',#4207);
#1299=VERTEX_POINT('',#4211);
#1300=VERTEX_POINT('',#4212);
#1301=VERTEX_POINT('',#4217);
#1302=VERTEX_POINT('',#4218);
#1303=VERTEX_POINT('',#4223);
#1304=VERTEX_POINT('',#4224);
#1305=VERTEX_POINT('',#4229);
#1306=VERTEX_POINT('',#4230);
#1307=VERTEX_POINT('',#4235);
#1308=VERTEX_POINT('',#4240);
#1309=VERTEX_POINT('',#4247);
#1310=VERTEX_POINT('',#4248);
#1311=VERTEX_POINT('',#4250);
#1312=VERTEX_POINT('',#4252);
#1313=VERTEX_POINT('',#4255);
#1314=VERTEX_POINT('',#4256);
#1315=VERTEX_POINT('',#4258);
#1316=VERTEX_POINT('',#4260);
#1317=VERTEX_POINT('',#4263);
#1318=VERTEX_POINT('',#4264);
#1319=VERTEX_POINT('',#4266);
#1320=VERTEX_POINT('',#4268);
#1321=VERTEX_POINT('',#4271);
#1322=VERTEX_POINT('',#4272);
#1323=VERTEX_POINT('',#4274);
#1324=VERTEX_POINT('',#4276);
#1325=VERTEX_POINT('',#4279);
#1326=VERTEX_POINT('',#4280);
#1327=VERTEX_POINT('',#4282);
#1328=VERTEX_POINT('',#4284);
#1329=VERTEX_POINT('',#4287);
#1330=VERTEX_POINT('',#4288);
#1331=VERTEX_POINT('',#4290);
#1332=VERTEX_POINT('',#4292);
#1333=VERTEX_POINT('',#4295);
#1334=VERTEX_POINT('',#4296);
#1335=VERTEX_POINT('',#4298);
#1336=VERTEX_POINT('',#4300);
#1337=VERTEX_POINT('',#4303);
#1338=VERTEX_POINT('',#4305);
#1339=VERTEX_POINT('',#4306);
#1340=VERTEX_POINT('',#4308);
#1341=VERTEX_POINT('',#4310);
#1342=VERTEX_POINT('',#4313);
#1343=VERTEX_POINT('',#4314);
#1344=VERTEX_POINT('',#4316);
#1345=VERTEX_POINT('',#4318);
#1346=VERTEX_POINT('',#4321);
#1347=VERTEX_POINT('',#4322);
#1348=VERTEX_POINT('',#4324);
#1349=VERTEX_POINT('',#4326);
#1350=VERTEX_POINT('',#4329);
#1351=VERTEX_POINT('',#4331);
#1352=VERTEX_POINT('',#4332);
#1353=VERTEX_POINT('',#4334);
#1354=VERTEX_POINT('',#4336);
#1355=VERTEX_POINT('',#4339);
#1356=VERTEX_POINT('',#4340);
#1357=VERTEX_POINT('',#4342);
#1358=VERTEX_POINT('',#4344);
#1359=VERTEX_POINT('',#4347);
#1360=VERTEX_POINT('',#4349);
#1361=VERTEX_POINT('',#4456);
#1362=VERTEX_POINT('',#4457);
#1363=VERTEX_POINT('',#4473);
#1364=VERTEX_POINT('',#4476);
#1365=VERTEX_POINT('',#4478);
#1366=VERTEX_POINT('',#4491);
#1367=VERTEX_POINT('',#4512);
#1368=VERTEX_POINT('',#4516);
#1369=VERTEX_POINT('',#4520);
#1370=VERTEX_POINT('',#4524);
#1371=VERTEX_POINT('',#4528);
#1372=VERTEX_POINT('',#4532);
#1373=VERTEX_POINT('',#4536);
#1374=VERTEX_POINT('',#4540);
#1375=VERTEX_POINT('',#4544);
#1376=VERTEX_POINT('',#4548);
#1377=EDGE_CURVE('',#1131,#1132,#1032,.T.);
#1378=EDGE_CURVE('',#1132,#1133,#1033,.T.);
#1379=EDGE_CURVE('',#1133,#1134,#1034,.F.);
#1380=EDGE_CURVE('',#1134,#1131,#1035,.T.);
#1381=EDGE_CURVE('',#1135,#1136,#1036,.T.);
#1382=EDGE_CURVE('',#1136,#1132,#154,.T.);
#1383=EDGE_CURVE('',#1131,#1135,#155,.T.);
#1384=EDGE_CURVE('',#1137,#1138,#1037,.T.);
#1385=EDGE_CURVE('',#1138,#1136,#1038,.T.);
#1386=EDGE_CURVE('',#1135,#1137,#1039,.T.);
#1387=EDGE_CURVE('',#1139,#1138,#1040,.T.);
#1388=EDGE_CURVE('',#1137,#1140,#1041,.T.);
#1389=EDGE_CURVE('',#1140,#1139,#136,.T.);
#1390=EDGE_CURVE('',#1141,#1133,#156,.T.);
#1391=EDGE_CURVE('',#1132,#1142,#157,.T.);
#1392=EDGE_CURVE('',#1142,#1143,#128,.T.);
#1393=EDGE_CURVE('',#1143,#1144,#158,.T.);
#1394=EDGE_CURVE('',#1144,#1145,#129,.T.);
#1395=EDGE_CURVE('',#1145,#1146,#159,.T.);
#1396=EDGE_CURVE('',#1141,#1146,#1042,.T.);
#1397=EDGE_CURVE('',#1147,#1136,#160,.T.);
#1398=EDGE_CURVE('',#1142,#1147,#161,.T.);
#1399=EDGE_CURVE('',#1138,#1148,#162,.T.);
#1400=EDGE_CURVE('',#1148,#1147,#1043,.T.);
#1401=EDGE_CURVE('',#1149,#1139,#163,.T.);
#1402=EDGE_CURVE('',#1150,#1149,#137,.T.);
#1403=EDGE_CURVE('',#1150,#1151,#164,.T.);
#1404=EDGE_CURVE('',#1151,#1152,#1044,.T.);
#1405=EDGE_CURVE('',#1152,#1153,#165,.T.);
#1406=EDGE_CURVE('',#1153,#1154,#1045,.T.);
#1407=EDGE_CURVE('',#1154,#1155,#166,.T.);
#1408=EDGE_CURVE('',#1155,#1156,#1046,.T.);
#1409=EDGE_CURVE('',#1156,#1157,#167,.T.);
#1410=EDGE_CURVE('',#1157,#1158,#1047,.T.);
#1411=EDGE_CURVE('',#1158,#1159,#168,.T.);
#1412=EDGE_CURVE('',#1160,#1159,#138,.T.);
#1413=EDGE_CURVE('',#1161,#1160,#169,.T.);
#1414=EDGE_CURVE('',#1162,#1161,#1048,.T.);
#1415=EDGE_CURVE('',#1163,#1162,#170,.T.);
#1416=EDGE_CURVE('',#1164,#1163,#139,.T.);
#1417=EDGE_CURVE('',#1165,#1164,#130,.T.);
#1418=EDGE_CURVE('',#1165,#1166,#1049,.T.);
#1419=EDGE_CURVE('',#1166,#1167,#171,.T.);
#1420=EDGE_CURVE('',#1167,#1168,#172,.T.);
#1421=EDGE_CURVE('',#1168,#1169,#1050,.T.);
#1422=EDGE_CURVE('',#1169,#1170,#173,.T.);
#1423=EDGE_CURVE('',#1170,#1171,#1051,.T.);
#1424=EDGE_CURVE('',#1171,#1172,#174,.T.);
#1425=EDGE_CURVE('',#1172,#1173,#1052,.T.);
#1426=EDGE_CURVE('',#1173,#1174,#175,.T.);
#1427=EDGE_CURVE('',#1174,#1175,#1053,.T.);
#1428=EDGE_CURVE('',#1175,#1176,#176,.T.);
#1429=EDGE_CURVE('',#1176,#1177,#177,.T.);
#1430=EDGE_CURVE('',#1177,#1178,#1054,.T.);
#1431=EDGE_CURVE('',#1179,#1178,#131,.T.);
#1432=EDGE_CURVE('',#1148,#1179,#140,.T.);
#1433=EDGE_CURVE('',#1140,#1180,#1055,.T.);
#1434=EDGE_CURVE('',#1180,#1181,#178,.T.);
#1435=EDGE_CURVE('',#1149,#1181,#1056,.T.);
#1436=EDGE_CURVE('',#1162,#1182,#1057,.T.);
#1437=EDGE_CURVE('',#1182,#1183,#1058,.T.);
#1438=EDGE_CURVE('',#1183,#1184,#1059,.T.);
#1439=EDGE_CURVE('',#1184,#1162,#1060,.T.);
#1440=EDGE_CURVE('',#1185,#1146,#1061,.T.);
#1441=EDGE_CURVE('',#1146,#1184,#179,.T.);
#1442=EDGE_CURVE('',#1183,#1185,#180,.T.);
#1443=EDGE_CURVE('',#1186,#1141,#1062,.F.);
#1444=EDGE_CURVE('',#1185,#1186,#1063,.T.);
#1445=EDGE_CURVE('',#1161,#1187,#141,.T.);
#1446=EDGE_CURVE('',#1187,#1182,#1064,.T.);
#1447=EDGE_CURVE('',#1188,#1187,#1065,.T.);
#1448=EDGE_CURVE('',#1189,#1188,#181,.T.);
#1449=EDGE_CURVE('',#1190,#1189,#1066,.F.);
#1450=EDGE_CURVE('',#1190,#1186,#182,.T.);
#1451=EDGE_CURVE('',#1191,#1160,#1067,.T.);
#1452=EDGE_CURVE('',#1191,#1188,#183,.T.);
#1453=EDGE_CURVE('',#1150,#1192,#1068,.T.);
#1454=EDGE_CURVE('',#1192,#1193,#1069,.T.);
#1455=EDGE_CURVE('',#1193,#1194,#1070,.T.);
#1456=EDGE_CURVE('',#1194,#1150,#1071,.T.);
#1457=EDGE_CURVE('',#1195,#1196,#1072,.T.);
#1458=EDGE_CURVE('',#1196,#1194,#184,.T.);
#1459=EDGE_CURVE('',#1193,#1195,#185,.T.);
#1460=EDGE_CURVE('',#1197,#1198,#1073,.T.);
#1461=EDGE_CURVE('',#1198,#1196,#1074,.T.);
#1462=EDGE_CURVE('',#1195,#1197,#1075,.T.);
#1463=EDGE_CURVE('',#1199,#1200,#1076,.T.);
#1464=EDGE_CURVE('',#1200,#1198,#186,.T.);
#1465=EDGE_CURVE('',#1197,#1199,#187,.T.);
#1466=EDGE_CURVE('',#1201,#1202,#1077,.T.);
#1467=EDGE_CURVE('',#1202,#1200,#1078,.T.);
#1468=EDGE_CURVE('',#1199,#1201,#1079,.T.);
#1469=EDGE_CURVE('',#1203,#1204,#1080,.T.);
#1470=EDGE_CURVE('',#1204,#1202,#188,.T.);
#1471=EDGE_CURVE('',#1201,#1203,#189,.T.);
#1472=EDGE_CURVE('',#1205,#1159,#1081,.T.);
#1473=EDGE_CURVE('',#1159,#1204,#1082,.T.);
#1474=EDGE_CURVE('',#1203,#1205,#1083,.T.);
#1475=EDGE_CURVE('',#1181,#1192,#1084,.T.);
#1476=EDGE_CURVE('',#1205,#1191,#1085,.T.);
#1477=EDGE_CURVE('',#1206,#1158,#190,.T.);
#1478=EDGE_CURVE('',#1206,#1207,#191,.T.);
#1479=EDGE_CURVE('',#1207,#1151,#192,.T.);
#1480=EDGE_CURVE('',#1208,#1209,#1086,.F.);
#1481=EDGE_CURVE('',#1209,#1190,#193,.T.);
#1482=EDGE_CURVE('',#1189,#1208,#194,.T.);
#1483=EDGE_CURVE('',#1134,#1209,#195,.T.);
#1484=EDGE_CURVE('',#1180,#1208,#196,.T.);
#1485=EDGE_CURVE('',#1191,#1210,#197,.T.);
#1486=EDGE_CURVE('',#1211,#1210,#198,.T.);
#1487=EDGE_CURVE('',#1181,#1211,#199,.T.);
#1488=EDGE_CURVE('',#1212,#1145,#200,.T.);
#1489=EDGE_CURVE('',#1184,#1212,#201,.T.);
#1490=EDGE_CURVE('',#1163,#1212,#1087,.T.);
#1491=EDGE_CURVE('',#1199,#1213,#202,.T.);
#1492=EDGE_CURVE('',#1214,#1213,#1088,.T.);
#1493=EDGE_CURVE('',#1201,#1214,#203,.T.);
#1494=EDGE_CURVE('',#1197,#1215,#204,.T.);
#1495=EDGE_CURVE('',#1213,#1215,#205,.T.);
#1496=EDGE_CURVE('',#1195,#1216,#206,.T.);
#1497=EDGE_CURVE('',#1215,#1216,#1089,.T.);
#1498=EDGE_CURVE('',#1193,#1217,#207,.T.);
#1499=EDGE_CURVE('',#1218,#1217,#208,.T.);
#1500=EDGE_CURVE('',#1216,#1218,#209,.T.);
#1501=EDGE_CURVE('',#1217,#1211,#132,.T.);
#1502=EDGE_CURVE('',#1203,#1219,#210,.T.);
#1503=EDGE_CURVE('',#1210,#1219,#133,.T.);
#1504=EDGE_CURVE('',#1220,#1214,#211,.T.);
#1505=EDGE_CURVE('',#1219,#1220,#212,.T.);
#1506=EDGE_CURVE('',#1218,#1221,#213,.T.);
#1507=EDGE_CURVE('',#1222,#1221,#134,.F.);
#1508=EDGE_CURVE('',#1223,#1222,#214,.T.);
#1509=EDGE_CURVE('',#1224,#1223,#215,.T.);
#1510=EDGE_CURVE('',#1225,#1224,#216,.T.);
#1511=EDGE_CURVE('',#1226,#1225,#217,.T.);
#1512=EDGE_CURVE('',#1226,#1227,#218,.T.);
#1513=EDGE_CURVE('',#1228,#1227,#219,.T.);
#1514=EDGE_CURVE('',#1228,#1229,#220,.T.);
#1515=EDGE_CURVE('',#1229,#1230,#135,.T.);
#1516=EDGE_CURVE('',#1230,#1220,#221,.T.);
#1517=EDGE_CURVE('',#1231,#1231,#1090,.T.);
#1518=EDGE_CURVE('',#1231,#1232,#222,.T.);
#1519=EDGE_CURVE('',#1232,#1232,#1091,.T.);
#1520=EDGE_CURVE('',#1233,#1233,#1092,.T.);
#1521=EDGE_CURVE('',#1233,#1234,#223,.T.);
#1522=EDGE_CURVE('',#1234,#1234,#1093,.T.);
#1523=EDGE_CURVE('',#1235,#1236,#1094,.T.);
#1524=EDGE_CURVE('',#1237,#1235,#224,.T.);
#1525=EDGE_CURVE('',#1238,#1237,#1095,.T.);
#1526=EDGE_CURVE('',#1236,#1238,#225,.T.);
#1527=EDGE_CURVE('',#1239,#1238,#226,.T.);
#1528=EDGE_CURVE('',#1239,#1240,#227,.T.);
#1529=EDGE_CURVE('',#1236,#1240,#228,.T.);
#1530=EDGE_CURVE('',#1240,#1241,#1096,.T.);
#1531=EDGE_CURVE('',#1242,#1239,#1097,.T.);
#1532=EDGE_CURVE('',#1241,#1242,#229,.T.);
#1533=EDGE_CURVE('',#1227,#1242,#230,.T.);
#1534=EDGE_CURVE('',#1241,#1226,#231,.T.);
#1535=EDGE_CURVE('',#1225,#1235,#232,.T.);
#1536=EDGE_CURVE('',#1243,#1244,#233,.T.);
#1537=EDGE_CURVE('',#1245,#1243,#234,.T.);
#1538=EDGE_CURVE('',#1246,#1245,#235,.T.);
#1539=EDGE_CURVE('',#1244,#1246,#236,.T.);
#1540=EDGE_CURVE('',#1247,#1248,#237,.T.);
#1541=EDGE_CURVE('',#1249,#1247,#238,.T.);
#1542=EDGE_CURVE('',#1250,#1249,#239,.T.);
#1543=EDGE_CURVE('',#1248,#1250,#240,.T.);
#1544=EDGE_CURVE('',#1251,#1252,#241,.T.);
#1545=EDGE_CURVE('',#1253,#1251,#242,.T.);
#1546=EDGE_CURVE('',#1254,#1253,#243,.T.);
#1547=EDGE_CURVE('',#1252,#1254,#244,.T.);
#1548=EDGE_CURVE('',#1255,#1256,#245,.T.);
#1549=EDGE_CURVE('',#1257,#1255,#246,.T.);
#1550=EDGE_CURVE('',#1258,#1257,#247,.T.);
#1551=EDGE_CURVE('',#1256,#1258,#248,.T.);
#1552=EDGE_CURVE('',#1259,#1260,#249,.T.);
#1553=EDGE_CURVE('',#1261,#1259,#250,.T.);
#1554=EDGE_CURVE('',#1262,#1261,#251,.T.);
#1555=EDGE_CURVE('',#1260,#1262,#252,.T.);
#1556=EDGE_CURVE('',#1263,#1264,#253,.T.);
#1557=EDGE_CURVE('',#1265,#1263,#254,.T.);
#1558=EDGE_CURVE('',#1266,#1265,#255,.T.);
#1559=EDGE_CURVE('',#1264,#1266,#256,.T.);
#1560=EDGE_CURVE('',#1267,#1268,#257,.T.);
#1561=EDGE_CURVE('',#1269,#1267,#258,.T.);
#1562=EDGE_CURVE('',#1270,#1269,#259,.T.);
#1563=EDGE_CURVE('',#1268,#1270,#260,.T.);
#1564=EDGE_CURVE('',#1271,#1271,#1098,.T.);
#1565=EDGE_CURVE('',#1272,#1273,#261,.T.);
#1566=EDGE_CURVE('',#1274,#1272,#262,.T.);
#1567=EDGE_CURVE('',#1275,#1274,#263,.T.);
#1568=EDGE_CURVE('',#1273,#1275,#264,.T.);
#1569=EDGE_CURVE('',#1276,#1277,#265,.T.);
#1570=EDGE_CURVE('',#1278,#1276,#266,.T.);
#1571=EDGE_CURVE('',#1279,#1278,#267,.T.);
#1572=EDGE_CURVE('',#1277,#1279,#268,.T.);
#1573=EDGE_CURVE('',#1280,#1281,#269,.T.);
#1574=EDGE_CURVE('',#1282,#1280,#270,.T.);
#1575=EDGE_CURVE('',#1283,#1282,#271,.T.);
#1576=EDGE_CURVE('',#1281,#1283,#272,.T.);
#1577=EDGE_CURVE('',#1284,#1284,#1099,.T.);
#1578=EDGE_CURVE('',#1285,#1286,#273,.T.);
#1579=EDGE_CURVE('',#1287,#1285,#274,.T.);
#1580=EDGE_CURVE('',#1288,#1287,#275,.T.);
#1581=EDGE_CURVE('',#1286,#1288,#276,.T.);
#1582=EDGE_CURVE('',#1289,#1290,#277,.T.);
#1583=EDGE_CURVE('',#1291,#1289,#278,.T.);
#1584=EDGE_CURVE('',#1292,#1291,#279,.T.);
#1585=EDGE_CURVE('',#1290,#1292,#280,.T.);
#1586=EDGE_CURVE('',#1293,#1293,#1100,.T.);
#1587=EDGE_CURVE('',#1294,#1294,#1101,.T.);
#1588=EDGE_CURVE('',#1295,#1296,#1102,.T.);
#1589=EDGE_CURVE('',#1297,#1296,#281,.T.);
#1590=EDGE_CURVE('',#1297,#1298,#1103,.T.);
#1591=EDGE_CURVE('',#1298,#1295,#282,.T.);
#1592=EDGE_CURVE('',#1299,#1300,#1104,.T.);
#1593=EDGE_CURVE('',#1300,#1296,#1105,.T.);
#1594=EDGE_CURVE('',#1295,#1299,#1106,.T.);
#1595=EDGE_CURVE('',#1301,#1302,#1107,.T.);
#1596=EDGE_CURVE('',#1302,#1298,#1108,.T.);
#1597=EDGE_CURVE('',#1297,#1301,#1109,.T.);
#1598=EDGE_CURVE('',#1303,#1304,#1110,.T.);
#1599=EDGE_CURVE('',#1300,#1304,#283,.T.);
#1600=EDGE_CURVE('',#1299,#1303,#284,.T.);
#1601=EDGE_CURVE('',#1305,#1306,#1111,.T.);
#1602=EDGE_CURVE('',#1306,#1302,#285,.T.);
#1603=EDGE_CURVE('',#1305,#1301,#286,.T.);
#1604=EDGE_CURVE('',#1307,#1206,#1112,.T.);
#1605=EDGE_CURVE('',#1206,#1304,#1113,.T.);
#1606=EDGE_CURVE('',#1303,#1307,#1114,.T.);
#1607=EDGE_CURVE('',#1207,#1308,#1115,.T.);
#1608=EDGE_CURVE('',#1308,#1306,#1116,.T.);
#1609=EDGE_CURVE('',#1305,#1207,#1117,.T.);
#1610=EDGE_CURVE('',#1307,#1308,#287,.T.);
#1611=EDGE_CURVE('',#1309,#1310,#288,.T.);
#1612=EDGE_CURVE('',#1310,#1311,#289,.T.);
#1613=EDGE_CURVE('',#1311,#1312,#290,.T.);
#1614=EDGE_CURVE('',#1312,#1309,#291,.T.);
#1615=EDGE_CURVE('',#1313,#1314,#292,.T.);
#1616=EDGE_CURVE('',#1314,#1315,#293,.T.);
#1617=EDGE_CURVE('',#1315,#1316,#294,.T.);
#1618=EDGE_CURVE('',#1316,#1313,#295,.T.);
#1619=EDGE_CURVE('',#1317,#1318,#296,.T.);
#1620=EDGE_CURVE('',#1318,#1319,#297,.T.);
#1621=EDGE_CURVE('',#1319,#1320,#298,.T.);
#1622=EDGE_CURVE('',#1320,#1317,#299,.T.);
#1623=EDGE_CURVE('',#1321,#1322,#300,.T.);
#1624=EDGE_CURVE('',#1322,#1323,#301,.T.);
#1625=EDGE_CURVE('',#1323,#1324,#302,.T.);
#1626=EDGE_CURVE('',#1324,#1321,#303,.T.);
#1627=EDGE_CURVE('',#1325,#1326,#304,.T.);
#1628=EDGE_CURVE('',#1326,#1327,#305,.T.);
#1629=EDGE_CURVE('',#1327,#1328,#306,.T.);
#1630=EDGE_CURVE('',#1328,#1325,#307,.T.);
#1631=EDGE_CURVE('',#1329,#1330,#308,.T.);
#1632=EDGE_CURVE('',#1330,#1331,#309,.T.);
#1633=EDGE_CURVE('',#1331,#1332,#310,.T.);
#1634=EDGE_CURVE('',#1332,#1329,#311,.T.);
#1635=EDGE_CURVE('',#1333,#1334,#312,.T.);
#1636=EDGE_CURVE('',#1334,#1335,#313,.T.);
#1637=EDGE_CURVE('',#1335,#1336,#314,.T.);
#1638=EDGE_CURVE('',#1336,#1333,#315,.T.);
#1639=EDGE_CURVE('',#1337,#1337,#1118,.T.);
#1640=EDGE_CURVE('',#1338,#1339,#316,.T.);
#1641=EDGE_CURVE('',#1339,#1340,#317,.T.);
#1642=EDGE_CURVE('',#1340,#1341,#318,.T.);
#1643=EDGE_CURVE('',#1341,#1338,#319,.T.);
#1644=EDGE_CURVE('',#1342,#1343,#320,.T.);
#1645=EDGE_CURVE('',#1343,#1344,#321,.T.);
#1646=EDGE_CURVE('',#1344,#1345,#322,.T.);
#1647=EDGE_CURVE('',#1345,#1342,#323,.T.);
#1648=EDGE_CURVE('',#1346,#1347,#324,.T.);
#1649=EDGE_CURVE('',#1347,#1348,#325,.T.);
#1650=EDGE_CURVE('',#1348,#1349,#326,.T.);
#1651=EDGE_CURVE('',#1349,#1346,#327,.T.);
#1652=EDGE_CURVE('',#1350,#1350,#1119,.T.);
#1653=EDGE_CURVE('',#1351,#1352,#328,.T.);
#1654=EDGE_CURVE('',#1352,#1353,#329,.T.);
#1655=EDGE_CURVE('',#1353,#1354,#330,.T.);
#1656=EDGE_CURVE('',#1354,#1351,#331,.T.);
#1657=EDGE_CURVE('',#1355,#1356,#332,.T.);
#1658=EDGE_CURVE('',#1356,#1357,#333,.T.);
#1659=EDGE_CURVE('',#1357,#1358,#334,.T.);
#1660=EDGE_CURVE('',#1358,#1355,#335,.T.);
#1661=EDGE_CURVE('',#1359,#1359,#1120,.T.);
#1662=EDGE_CURVE('',#1360,#1360,#1121,.T.);
#1663=EDGE_CURVE('',#1243,#1309,#336,.T.);
#1664=EDGE_CURVE('',#1245,#1312,#337,.T.);
#1665=EDGE_CURVE('',#1246,#1311,#338,.T.);
#1666=EDGE_CURVE('',#1244,#1310,#339,.T.);
#1667=EDGE_CURVE('',#1247,#1313,#340,.T.);
#1668=EDGE_CURVE('',#1249,#1316,#341,.T.);
#1669=EDGE_CURVE('',#1250,#1315,#342,.T.);
#1670=EDGE_CURVE('',#1248,#1314,#343,.T.);
#1671=EDGE_CURVE('',#1251,#1317,#344,.T.);
#1672=EDGE_CURVE('',#1253,#1320,#345,.T.);
#1673=EDGE_CURVE('',#1254,#1319,#346,.T.);
#1674=EDGE_CURVE('',#1252,#1318,#347,.T.);
#1675=EDGE_CURVE('',#1255,#1321,#348,.T.);
#1676=EDGE_CURVE('',#1257,#1324,#349,.T.);
#1677=EDGE_CURVE('',#1258,#1323,#350,.T.);
#1678=EDGE_CURVE('',#1256,#1322,#351,.T.);
#1679=EDGE_CURVE('',#1259,#1325,#352,.T.);
#1680=EDGE_CURVE('',#1261,#1328,#353,.T.);
#1681=EDGE_CURVE('',#1262,#1327,#354,.T.);
#1682=EDGE_CURVE('',#1260,#1326,#355,.T.);
#1683=EDGE_CURVE('',#1263,#1329,#356,.T.);
#1684=EDGE_CURVE('',#1265,#1332,#357,.T.);
#1685=EDGE_CURVE('',#1266,#1331,#358,.T.);
#1686=EDGE_CURVE('',#1264,#1330,#359,.T.);
#1687=EDGE_CURVE('',#1267,#1333,#360,.T.);
#1688=EDGE_CURVE('',#1269,#1336,#361,.T.);
#1689=EDGE_CURVE('',#1270,#1335,#362,.T.);
#1690=EDGE_CURVE('',#1268,#1334,#363,.T.);
#1691=EDGE_CURVE('',#1337,#1271,#364,.T.);
#1692=EDGE_CURVE('',#1272,#1338,#365,.T.);
#1693=EDGE_CURVE('',#1274,#1341,#366,.T.);
#1694=EDGE_CURVE('',#1275,#1340,#367,.T.);
#1695=EDGE_CURVE('',#1273,#1339,#368,.T.);
#1696=EDGE_CURVE('',#1276,#1342,#369,.T.);
#1697=EDGE_CURVE('',#1278,#1345,#370,.T.);
#1698=EDGE_CURVE('',#1279,#1344,#371,.T.);
#1699=EDGE_CURVE('',#1277,#1343,#372,.T.);
#1700=EDGE_CURVE('',#1280,#1346,#373,.T.);
#1701=EDGE_CURVE('',#1282,#1349,#374,.T.);
#1702=EDGE_CURVE('',#1283,#1348,#375,.T.);
#1703=EDGE_CURVE('',#1281,#1347,#376,.T.);
#1704=EDGE_CURVE('',#1350,#1284,#377,.T.);
#1705=EDGE_CURVE('',#1285,#1351,#378,.T.);
#1706=EDGE_CURVE('',#1287,#1354,#379,.T.);
#1707=EDGE_CURVE('',#1288,#1353,#380,.T.);
#1708=EDGE_CURVE('',#1286,#1352,#381,.T.);
#1709=EDGE_CURVE('',#1289,#1355,#382,.T.);
#1710=EDGE_CURVE('',#1291,#1358,#383,.T.);
#1711=EDGE_CURVE('',#1292,#1357,#384,.T.);
#1712=EDGE_CURVE('',#1290,#1356,#385,.T.);
#1713=EDGE_CURVE('',#1359,#1293,#386,.T.);
#1714=EDGE_CURVE('',#1360,#1294,#387,.T.);
#1715=EDGE_CURVE('',#1361,#1362,#142,.T.);
#1716=EDGE_CURVE('',#1363,#1361,#388,.T.);
#1717=EDGE_CURVE('',#1363,#1177,#389,.T.);
#1718=EDGE_CURVE('',#1364,#1176,#390,.T.);
#1719=EDGE_CURVE('',#1365,#1364,#391,.T.);
#1720=EDGE_CURVE('',#1365,#1362,#392,.T.);
#1721=EDGE_CURVE('',#1178,#1363,#143,.T.);
#1722=EDGE_CURVE('',#1366,#1222,#144,.T.);
#1723=EDGE_CURVE('',#1362,#1366,#145,.T.);
#1724=EDGE_CURVE('',#1223,#1365,#1122,.T.);
#1725=EDGE_CURVE('',#1364,#1367,#393,.T.);
#1726=EDGE_CURVE('',#1367,#1175,#394,.T.);
#1727=EDGE_CURVE('',#1367,#1368,#1123,.T.);
#1728=EDGE_CURVE('',#1368,#1174,#395,.T.);
#1729=EDGE_CURVE('',#1368,#1369,#396,.T.);
#1730=EDGE_CURVE('',#1369,#1173,#397,.T.);
#1731=EDGE_CURVE('',#1369,#1370,#1124,.T.);
#1732=EDGE_CURVE('',#1370,#1172,#398,.T.);
#1733=EDGE_CURVE('',#1370,#1371,#399,.T.);
#1734=EDGE_CURVE('',#1371,#1171,#400,.T.);
#1735=EDGE_CURVE('',#1371,#1372,#1125,.T.);
#1736=EDGE_CURVE('',#1372,#1170,#401,.T.);
#1737=EDGE_CURVE('',#1372,#1373,#402,.T.);
#1738=EDGE_CURVE('',#1373,#1169,#403,.T.);
#1739=EDGE_CURVE('',#1373,#1374,#1126,.T.);
#1740=EDGE_CURVE('',#1374,#1168,#404,.T.);
#1741=EDGE_CURVE('',#1374,#1375,#405,.T.);
#1742=EDGE_CURVE('',#1375,#1167,#406,.T.);
#1743=EDGE_CURVE('',#1375,#1376,#407,.T.);
#1744=EDGE_CURVE('',#1376,#1166,#408,.T.);
#1745=EDGE_CURVE('',#1229,#1165,#146,.T.);
#1746=EDGE_CURVE('',#1376,#1228,#1127,.T.);
#1747=EDGE_CURVE('',#1237,#1224,#409,.T.);
#1748=EDGE_CURVE('',#1212,#1164,#1128,.T.);
#1749=EDGE_CURVE('',#1144,#1230,#410,.T.);
#1750=EDGE_CURVE('',#1179,#1147,#1129,.T.);
#1751=EDGE_CURVE('',#1366,#1361,#1130,.T.);
#1752=EDGE_CURVE('',#1221,#1143,#411,.T.);
#1753=EDGE_CURVE('',#1301,#1153,#412,.T.);
#1754=EDGE_CURVE('',#1305,#1152,#413,.T.);
#1755=EDGE_CURVE('',#1304,#1157,#414,.T.);
#1756=EDGE_CURVE('',#1300,#1156,#415,.T.);
#1757=EDGE_CURVE('',#1296,#1155,#416,.T.);
#1758=EDGE_CURVE('',#1297,#1154,#417,.T.);
#1759=ORIENTED_EDGE('',*,*,#1377,.T.);
#1760=ORIENTED_EDGE('',*,*,#1378,.T.);
#1761=ORIENTED_EDGE('',*,*,#1379,.T.);
#1762=ORIENTED_EDGE('',*,*,#1380,.T.);
#1763=ORIENTED_EDGE('',*,*,#1381,.T.);
#1764=ORIENTED_EDGE('',*,*,#1382,.T.);
#1765=ORIENTED_EDGE('',*,*,#1377,.F.);
#1766=ORIENTED_EDGE('',*,*,#1383,.T.);
#1767=ORIENTED_EDGE('',*,*,#1384,.T.);
#1768=ORIENTED_EDGE('',*,*,#1385,.T.);
#1769=ORIENTED_EDGE('',*,*,#1381,.F.);
#1770=ORIENTED_EDGE('',*,*,#1386,.T.);
#1771=ORIENTED_EDGE('',*,*,#1387,.T.);
#1772=ORIENTED_EDGE('',*,*,#1384,.F.);
#1773=ORIENTED_EDGE('',*,*,#1388,.T.);
#1774=ORIENTED_EDGE('',*,*,#1389,.T.);
#1775=ORIENTED_EDGE('',*,*,#1390,.T.);
#1776=ORIENTED_EDGE('',*,*,#1378,.F.);
#1777=ORIENTED_EDGE('',*,*,#1391,.T.);
#1778=ORIENTED_EDGE('',*,*,#1392,.T.);
#1779=ORIENTED_EDGE('',*,*,#1393,.T.);
#1780=ORIENTED_EDGE('',*,*,#1394,.T.);
#1781=ORIENTED_EDGE('',*,*,#1395,.T.);
#1782=ORIENTED_EDGE('',*,*,#1396,.F.);
#1783=ORIENTED_EDGE('',*,*,#1382,.F.);
#1784=ORIENTED_EDGE('',*,*,#1397,.F.);
#1785=ORIENTED_EDGE('',*,*,#1398,.F.);
#1786=ORIENTED_EDGE('',*,*,#1391,.F.);
#1787=ORIENTED_EDGE('',*,*,#1385,.F.);
#1788=ORIENTED_EDGE('',*,*,#1399,.T.);
#1789=ORIENTED_EDGE('',*,*,#1400,.T.);
#1790=ORIENTED_EDGE('',*,*,#1397,.T.);
#1791=ORIENTED_EDGE('',*,*,#1387,.F.);
#1792=ORIENTED_EDGE('',*,*,#1401,.F.);
#1793=ORIENTED_EDGE('',*,*,#1402,.F.);
#1794=ORIENTED_EDGE('',*,*,#1403,.T.);
#1795=ORIENTED_EDGE('',*,*,#1404,.T.);
#1796=ORIENTED_EDGE('',*,*,#1405,.T.);
#1797=ORIENTED_EDGE('',*,*,#1406,.T.);
#1798=ORIENTED_EDGE('',*,*,#1407,.T.);
#1799=ORIENTED_EDGE('',*,*,#1408,.T.);
#1800=ORIENTED_EDGE('',*,*,#1409,.T.);
#1801=ORIENTED_EDGE('',*,*,#1410,.T.);
#1802=ORIENTED_EDGE('',*,*,#1411,.T.);
#1803=ORIENTED_EDGE('',*,*,#1412,.F.);
#1804=ORIENTED_EDGE('',*,*,#1413,.F.);
#1805=ORIENTED_EDGE('',*,*,#1414,.F.);
#1806=ORIENTED_EDGE('',*,*,#1415,.F.);
#1807=ORIENTED_EDGE('',*,*,#1416,.F.);
#1808=ORIENTED_EDGE('',*,*,#1417,.F.);
#1809=ORIENTED_EDGE('',*,*,#1418,.T.);
#1810=ORIENTED_EDGE('',*,*,#1419,.T.);
#1811=ORIENTED_EDGE('',*,*,#1420,.T.);
#1812=ORIENTED_EDGE('',*,*,#1421,.T.);
#1813=ORIENTED_EDGE('',*,*,#1422,.T.);
#1814=ORIENTED_EDGE('',*,*,#1423,.T.);
#1815=ORIENTED_EDGE('',*,*,#1424,.T.);
#1816=ORIENTED_EDGE('',*,*,#1425,.T.);
#1817=ORIENTED_EDGE('',*,*,#1426,.T.);
#1818=ORIENTED_EDGE('',*,*,#1427,.T.);
#1819=ORIENTED_EDGE('',*,*,#1428,.T.);
#1820=ORIENTED_EDGE('',*,*,#1429,.T.);
#1821=ORIENTED_EDGE('',*,*,#1430,.T.);
#1822=ORIENTED_EDGE('',*,*,#1431,.F.);
#1823=ORIENTED_EDGE('',*,*,#1432,.F.);
#1824=ORIENTED_EDGE('',*,*,#1399,.F.);
#1825=ORIENTED_EDGE('',*,*,#1389,.F.);
#1826=ORIENTED_EDGE('',*,*,#1433,.T.);
#1827=ORIENTED_EDGE('',*,*,#1434,.T.);
#1828=ORIENTED_EDGE('',*,*,#1435,.F.);
#1829=ORIENTED_EDGE('',*,*,#1401,.T.);
#1830=ORIENTED_EDGE('',*,*,#1436,.T.);
#1831=ORIENTED_EDGE('',*,*,#1437,.T.);
#1832=ORIENTED_EDGE('',*,*,#1438,.T.);
#1833=ORIENTED_EDGE('',*,*,#1439,.T.);
#1834=ORIENTED_EDGE('',*,*,#1440,.T.);
#1835=ORIENTED_EDGE('',*,*,#1441,.T.);
#1836=ORIENTED_EDGE('',*,*,#1438,.F.);
#1837=ORIENTED_EDGE('',*,*,#1442,.T.);
#1838=ORIENTED_EDGE('',*,*,#1443,.T.);
#1839=ORIENTED_EDGE('',*,*,#1396,.T.);
#1840=ORIENTED_EDGE('',*,*,#1440,.F.);
#1841=ORIENTED_EDGE('',*,*,#1444,.T.);
#1842=ORIENTED_EDGE('',*,*,#1445,.T.);
#1843=ORIENTED_EDGE('',*,*,#1446,.T.);
#1844=ORIENTED_EDGE('',*,*,#1436,.F.);
#1845=ORIENTED_EDGE('',*,*,#1414,.T.);
#1846=ORIENTED_EDGE('',*,*,#1444,.F.);
#1847=ORIENTED_EDGE('',*,*,#1442,.F.);
#1848=ORIENTED_EDGE('',*,*,#1437,.F.);
#1849=ORIENTED_EDGE('',*,*,#1446,.F.);
#1850=ORIENTED_EDGE('',*,*,#1447,.F.);
#1851=ORIENTED_EDGE('',*,*,#1448,.F.);
#1852=ORIENTED_EDGE('',*,*,#1449,.F.);
#1853=ORIENTED_EDGE('',*,*,#1450,.T.);
#1854=ORIENTED_EDGE('',*,*,#1445,.F.);
#1855=ORIENTED_EDGE('',*,*,#1413,.T.);
#1856=ORIENTED_EDGE('',*,*,#1451,.F.);
#1857=ORIENTED_EDGE('',*,*,#1452,.T.);
#1858=ORIENTED_EDGE('',*,*,#1447,.T.);
#1859=ORIENTED_EDGE('',*,*,#1453,.T.);
#1860=ORIENTED_EDGE('',*,*,#1454,.T.);
#1861=ORIENTED_EDGE('',*,*,#1455,.T.);
#1862=ORIENTED_EDGE('',*,*,#1456,.T.);
#1863=ORIENTED_EDGE('',*,*,#1457,.T.);
#1864=ORIENTED_EDGE('',*,*,#1458,.T.);
#1865=ORIENTED_EDGE('',*,*,#1455,.F.);
#1866=ORIENTED_EDGE('',*,*,#1459,.T.);
#1867=ORIENTED_EDGE('',*,*,#1460,.T.);
#1868=ORIENTED_EDGE('',*,*,#1461,.T.);
#1869=ORIENTED_EDGE('',*,*,#1457,.F.);
#1870=ORIENTED_EDGE('',*,*,#1462,.T.);
#1871=ORIENTED_EDGE('',*,*,#1463,.T.);
#1872=ORIENTED_EDGE('',*,*,#1464,.T.);
#1873=ORIENTED_EDGE('',*,*,#1460,.F.);
#1874=ORIENTED_EDGE('',*,*,#1465,.T.);
#1875=ORIENTED_EDGE('',*,*,#1466,.T.);
#1876=ORIENTED_EDGE('',*,*,#1467,.T.);
#1877=ORIENTED_EDGE('',*,*,#1463,.F.);
#1878=ORIENTED_EDGE('',*,*,#1468,.T.);
#1879=ORIENTED_EDGE('',*,*,#1469,.T.);
#1880=ORIENTED_EDGE('',*,*,#1470,.T.);
#1881=ORIENTED_EDGE('',*,*,#1466,.F.);
#1882=ORIENTED_EDGE('',*,*,#1471,.T.);
#1883=ORIENTED_EDGE('',*,*,#1472,.T.);
#1884=ORIENTED_EDGE('',*,*,#1473,.T.);
#1885=ORIENTED_EDGE('',*,*,#1469,.F.);
#1886=ORIENTED_EDGE('',*,*,#1474,.T.);
#1887=ORIENTED_EDGE('',*,*,#1402,.T.);
#1888=ORIENTED_EDGE('',*,*,#1435,.T.);
#1889=ORIENTED_EDGE('',*,*,#1475,.T.);
#1890=ORIENTED_EDGE('',*,*,#1453,.F.);
#1891=ORIENTED_EDGE('',*,*,#1412,.T.);
#1892=ORIENTED_EDGE('',*,*,#1472,.F.);
#1893=ORIENTED_EDGE('',*,*,#1476,.T.);
#1894=ORIENTED_EDGE('',*,*,#1451,.T.);
#1895=ORIENTED_EDGE('',*,*,#1456,.F.);
#1896=ORIENTED_EDGE('',*,*,#1458,.F.);
#1897=ORIENTED_EDGE('',*,*,#1461,.F.);
#1898=ORIENTED_EDGE('',*,*,#1464,.F.);
#1899=ORIENTED_EDGE('',*,*,#1467,.F.);
#1900=ORIENTED_EDGE('',*,*,#1470,.F.);
#1901=ORIENTED_EDGE('',*,*,#1473,.F.);
#1902=ORIENTED_EDGE('',*,*,#1411,.F.);
#1903=ORIENTED_EDGE('',*,*,#1477,.F.);
#1904=ORIENTED_EDGE('',*,*,#1478,.T.);
#1905=ORIENTED_EDGE('',*,*,#1479,.T.);
#1906=ORIENTED_EDGE('',*,*,#1403,.F.);
#1907=ORIENTED_EDGE('',*,*,#1480,.T.);
#1908=ORIENTED_EDGE('',*,*,#1481,.T.);
#1909=ORIENTED_EDGE('',*,*,#1449,.T.);
#1910=ORIENTED_EDGE('',*,*,#1482,.T.);
#1911=ORIENTED_EDGE('',*,*,#1481,.F.);
#1912=ORIENTED_EDGE('',*,*,#1483,.F.);
#1913=ORIENTED_EDGE('',*,*,#1379,.F.);
#1914=ORIENTED_EDGE('',*,*,#1390,.F.);
#1915=ORIENTED_EDGE('',*,*,#1443,.F.);
#1916=ORIENTED_EDGE('',*,*,#1450,.F.);
#1917=ORIENTED_EDGE('',*,*,#1380,.F.);
#1918=ORIENTED_EDGE('',*,*,#1483,.T.);
#1919=ORIENTED_EDGE('',*,*,#1480,.F.);
#1920=ORIENTED_EDGE('',*,*,#1484,.F.);
#1921=ORIENTED_EDGE('',*,*,#1433,.F.);
#1922=ORIENTED_EDGE('',*,*,#1388,.F.);
#1923=ORIENTED_EDGE('',*,*,#1386,.F.);
#1924=ORIENTED_EDGE('',*,*,#1383,.F.);
#1925=ORIENTED_EDGE('',*,*,#1434,.F.);
#1926=ORIENTED_EDGE('',*,*,#1484,.T.);
#1927=ORIENTED_EDGE('',*,*,#1482,.F.);
#1928=ORIENTED_EDGE('',*,*,#1448,.T.);
#1929=ORIENTED_EDGE('',*,*,#1452,.F.);
#1930=ORIENTED_EDGE('',*,*,#1485,.T.);
#1931=ORIENTED_EDGE('',*,*,#1486,.F.);
#1932=ORIENTED_EDGE('',*,*,#1487,.F.);
#1933=ORIENTED_EDGE('',*,*,#1441,.F.);
#1934=ORIENTED_EDGE('',*,*,#1395,.F.);
#1935=ORIENTED_EDGE('',*,*,#1488,.F.);
#1936=ORIENTED_EDGE('',*,*,#1489,.F.);
#1937=ORIENTED_EDGE('',*,*,#1439,.F.);
#1938=ORIENTED_EDGE('',*,*,#1489,.T.);
#1939=ORIENTED_EDGE('',*,*,#1490,.F.);
#1940=ORIENTED_EDGE('',*,*,#1415,.T.);
#1941=ORIENTED_EDGE('',*,*,#1468,.F.);
#1942=ORIENTED_EDGE('',*,*,#1491,.T.);
#1943=ORIENTED_EDGE('',*,*,#1492,.F.);
#1944=ORIENTED_EDGE('',*,*,#1493,.F.);
#1945=ORIENTED_EDGE('',*,*,#1465,.F.);
#1946=ORIENTED_EDGE('',*,*,#1494,.T.);
#1947=ORIENTED_EDGE('',*,*,#1495,.F.);
#1948=ORIENTED_EDGE('',*,*,#1491,.F.);
#1949=ORIENTED_EDGE('',*,*,#1462,.F.);
#1950=ORIENTED_EDGE('',*,*,#1496,.T.);
#1951=ORIENTED_EDGE('',*,*,#1497,.F.);
#1952=ORIENTED_EDGE('',*,*,#1494,.F.);
#1953=ORIENTED_EDGE('',*,*,#1459,.F.);
#1954=ORIENTED_EDGE('',*,*,#1498,.T.);
#1955=ORIENTED_EDGE('',*,*,#1499,.F.);
#1956=ORIENTED_EDGE('',*,*,#1500,.F.);
#1957=ORIENTED_EDGE('',*,*,#1496,.F.);
#1958=ORIENTED_EDGE('',*,*,#1475,.F.);
#1959=ORIENTED_EDGE('',*,*,#1487,.T.);
#1960=ORIENTED_EDGE('',*,*,#1501,.F.);
#1961=ORIENTED_EDGE('',*,*,#1498,.F.);
#1962=ORIENTED_EDGE('',*,*,#1454,.F.);
#1963=ORIENTED_EDGE('',*,*,#1474,.F.);
#1964=ORIENTED_EDGE('',*,*,#1502,.T.);
#1965=ORIENTED_EDGE('',*,*,#1503,.F.);
#1966=ORIENTED_EDGE('',*,*,#1485,.F.);
#1967=ORIENTED_EDGE('',*,*,#1476,.F.);
#1968=ORIENTED_EDGE('',*,*,#1471,.F.);
#1969=ORIENTED_EDGE('',*,*,#1493,.T.);
#1970=ORIENTED_EDGE('',*,*,#1504,.F.);
#1971=ORIENTED_EDGE('',*,*,#1505,.F.);
#1972=ORIENTED_EDGE('',*,*,#1502,.F.);
#1973=ORIENTED_EDGE('',*,*,#1504,.T.);
#1974=ORIENTED_EDGE('',*,*,#1492,.T.);
#1975=ORIENTED_EDGE('',*,*,#1495,.T.);
#1976=ORIENTED_EDGE('',*,*,#1497,.T.);
#1977=ORIENTED_EDGE('',*,*,#1500,.T.);
#1978=ORIENTED_EDGE('',*,*,#1506,.T.);
#1979=ORIENTED_EDGE('',*,*,#1507,.F.);
#1980=ORIENTED_EDGE('',*,*,#1508,.F.);
#1981=ORIENTED_EDGE('',*,*,#1509,.F.);
#1982=ORIENTED_EDGE('',*,*,#1510,.F.);
#1983=ORIENTED_EDGE('',*,*,#1511,.F.);
#1984=ORIENTED_EDGE('',*,*,#1512,.T.);
#1985=ORIENTED_EDGE('',*,*,#1513,.F.);
#1986=ORIENTED_EDGE('',*,*,#1514,.T.);
#1987=ORIENTED_EDGE('',*,*,#1515,.T.);
#1988=ORIENTED_EDGE('',*,*,#1516,.T.);
#1989=ORIENTED_EDGE('',*,*,#1517,.F.);
#1990=ORIENTED_EDGE('',*,*,#1518,.T.);
#1991=ORIENTED_EDGE('',*,*,#1519,.T.);
#1992=ORIENTED_EDGE('',*,*,#1518,.F.);
#1993=ORIENTED_EDGE('',*,*,#1519,.F.);
#1994=ORIENTED_EDGE('',*,*,#1520,.F.);
#1995=ORIENTED_EDGE('',*,*,#1521,.T.);
#1996=ORIENTED_EDGE('',*,*,#1522,.T.);
#1997=ORIENTED_EDGE('',*,*,#1521,.F.);
#1998=ORIENTED_EDGE('',*,*,#1522,.F.);
#1999=ORIENTED_EDGE('',*,*,#1523,.F.);
#2000=ORIENTED_EDGE('',*,*,#1524,.F.);
#2001=ORIENTED_EDGE('',*,*,#1525,.F.);
#2002=ORIENTED_EDGE('',*,*,#1526,.F.);
#2003=ORIENTED_EDGE('',*,*,#1526,.T.);
#2004=ORIENTED_EDGE('',*,*,#1527,.F.);
#2005=ORIENTED_EDGE('',*,*,#1528,.T.);
#2006=ORIENTED_EDGE('',*,*,#1529,.F.);
#2007=ORIENTED_EDGE('',*,*,#1530,.F.);
#2008=ORIENTED_EDGE('',*,*,#1528,.F.);
#2009=ORIENTED_EDGE('',*,*,#1531,.F.);
#2010=ORIENTED_EDGE('',*,*,#1532,.F.);
#2011=ORIENTED_EDGE('',*,*,#1532,.T.);
#2012=ORIENTED_EDGE('',*,*,#1533,.F.);
#2013=ORIENTED_EDGE('',*,*,#1512,.F.);
#2014=ORIENTED_EDGE('',*,*,#1534,.F.);
#2015=ORIENTED_EDGE('',*,*,#1523,.T.);
#2016=ORIENTED_EDGE('',*,*,#1529,.T.);
#2017=ORIENTED_EDGE('',*,*,#1530,.T.);
#2018=ORIENTED_EDGE('',*,*,#1534,.T.);
#2019=ORIENTED_EDGE('',*,*,#1511,.T.);
#2020=ORIENTED_EDGE('',*,*,#1535,.T.);
#2021=ORIENTED_EDGE('',*,*,#1536,.F.);
#2022=ORIENTED_EDGE('',*,*,#1537,.F.);
#2023=ORIENTED_EDGE('',*,*,#1538,.F.);
#2024=ORIENTED_EDGE('',*,*,#1539,.F.);
#2025=ORIENTED_EDGE('',*,*,#1540,.F.);
#2026=ORIENTED_EDGE('',*,*,#1541,.F.);
#2027=ORIENTED_EDGE('',*,*,#1542,.F.);
#2028=ORIENTED_EDGE('',*,*,#1543,.F.);
#2029=ORIENTED_EDGE('',*,*,#1544,.F.);
#2030=ORIENTED_EDGE('',*,*,#1545,.F.);
#2031=ORIENTED_EDGE('',*,*,#1546,.F.);
#2032=ORIENTED_EDGE('',*,*,#1547,.F.);
#2033=ORIENTED_EDGE('',*,*,#1548,.F.);
#2034=ORIENTED_EDGE('',*,*,#1549,.F.);
#2035=ORIENTED_EDGE('',*,*,#1550,.F.);
#2036=ORIENTED_EDGE('',*,*,#1551,.F.);
#2037=ORIENTED_EDGE('',*,*,#1552,.F.);
#2038=ORIENTED_EDGE('',*,*,#1553,.F.);
#2039=ORIENTED_EDGE('',*,*,#1554,.F.);
#2040=ORIENTED_EDGE('',*,*,#1555,.F.);
#2041=ORIENTED_EDGE('',*,*,#1556,.F.);
#2042=ORIENTED_EDGE('',*,*,#1557,.F.);
#2043=ORIENTED_EDGE('',*,*,#1558,.F.);
#2044=ORIENTED_EDGE('',*,*,#1559,.F.);
#2045=ORIENTED_EDGE('',*,*,#1560,.F.);
#2046=ORIENTED_EDGE('',*,*,#1561,.F.);
#2047=ORIENTED_EDGE('',*,*,#1562,.F.);
#2048=ORIENTED_EDGE('',*,*,#1563,.F.);
#2049=ORIENTED_EDGE('',*,*,#1564,.F.);
#2050=ORIENTED_EDGE('',*,*,#1565,.F.);
#2051=ORIENTED_EDGE('',*,*,#1566,.F.);
#2052=ORIENTED_EDGE('',*,*,#1567,.F.);
#2053=ORIENTED_EDGE('',*,*,#1568,.F.);
#2054=ORIENTED_EDGE('',*,*,#1569,.F.);
#2055=ORIENTED_EDGE('',*,*,#1570,.F.);
#2056=ORIENTED_EDGE('',*,*,#1571,.F.);
#2057=ORIENTED_EDGE('',*,*,#1572,.F.);
#2058=ORIENTED_EDGE('',*,*,#1573,.F.);
#2059=ORIENTED_EDGE('',*,*,#1574,.F.);
#2060=ORIENTED_EDGE('',*,*,#1575,.F.);
#2061=ORIENTED_EDGE('',*,*,#1576,.F.);
#2062=ORIENTED_EDGE('',*,*,#1577,.F.);
#2063=ORIENTED_EDGE('',*,*,#1578,.F.);
#2064=ORIENTED_EDGE('',*,*,#1579,.F.);
#2065=ORIENTED_EDGE('',*,*,#1580,.F.);
#2066=ORIENTED_EDGE('',*,*,#1581,.F.);
#2067=ORIENTED_EDGE('',*,*,#1582,.F.);
#2068=ORIENTED_EDGE('',*,*,#1583,.F.);
#2069=ORIENTED_EDGE('',*,*,#1584,.F.);
#2070=ORIENTED_EDGE('',*,*,#1585,.F.);
#2071=ORIENTED_EDGE('',*,*,#1586,.F.);
#2072=ORIENTED_EDGE('',*,*,#1587,.F.);
#2073=ORIENTED_EDGE('',*,*,#1588,.T.);
#2074=ORIENTED_EDGE('',*,*,#1589,.F.);
#2075=ORIENTED_EDGE('',*,*,#1590,.T.);
#2076=ORIENTED_EDGE('',*,*,#1591,.T.);
#2077=ORIENTED_EDGE('',*,*,#1592,.T.);
#2078=ORIENTED_EDGE('',*,*,#1593,.T.);
#2079=ORIENTED_EDGE('',*,*,#1588,.F.);
#2080=ORIENTED_EDGE('',*,*,#1594,.T.);
#2081=ORIENTED_EDGE('',*,*,#1595,.T.);
#2082=ORIENTED_EDGE('',*,*,#1596,.T.);
#2083=ORIENTED_EDGE('',*,*,#1590,.F.);
#2084=ORIENTED_EDGE('',*,*,#1597,.T.);
#2085=ORIENTED_EDGE('',*,*,#1598,.T.);
#2086=ORIENTED_EDGE('',*,*,#1599,.F.);
#2087=ORIENTED_EDGE('',*,*,#1592,.F.);
#2088=ORIENTED_EDGE('',*,*,#1600,.T.);
#2089=ORIENTED_EDGE('',*,*,#1601,.T.);
#2090=ORIENTED_EDGE('',*,*,#1602,.T.);
#2091=ORIENTED_EDGE('',*,*,#1595,.F.);
#2092=ORIENTED_EDGE('',*,*,#1603,.F.);
#2093=ORIENTED_EDGE('',*,*,#1604,.T.);
#2094=ORIENTED_EDGE('',*,*,#1605,.T.);
#2095=ORIENTED_EDGE('',*,*,#1598,.F.);
#2096=ORIENTED_EDGE('',*,*,#1606,.T.);
#2097=ORIENTED_EDGE('',*,*,#1607,.T.);
#2098=ORIENTED_EDGE('',*,*,#1608,.T.);
#2099=ORIENTED_EDGE('',*,*,#1601,.F.);
#2100=ORIENTED_EDGE('',*,*,#1609,.T.);
#2101=ORIENTED_EDGE('',*,*,#1607,.F.);
#2102=ORIENTED_EDGE('',*,*,#1478,.F.);
#2103=ORIENTED_EDGE('',*,*,#1604,.F.);
#2104=ORIENTED_EDGE('',*,*,#1610,.T.);
#2105=ORIENTED_EDGE('',*,*,#1591,.F.);
#2106=ORIENTED_EDGE('',*,*,#1596,.F.);
#2107=ORIENTED_EDGE('',*,*,#1602,.F.);
#2108=ORIENTED_EDGE('',*,*,#1608,.F.);
#2109=ORIENTED_EDGE('',*,*,#1610,.F.);
#2110=ORIENTED_EDGE('',*,*,#1606,.F.);
#2111=ORIENTED_EDGE('',*,*,#1600,.F.);
#2112=ORIENTED_EDGE('',*,*,#1594,.F.);
#2113=ORIENTED_EDGE('',*,*,#1611,.T.);
#2114=ORIENTED_EDGE('',*,*,#1612,.T.);
#2115=ORIENTED_EDGE('',*,*,#1613,.T.);
#2116=ORIENTED_EDGE('',*,*,#1614,.T.);
#2117=ORIENTED_EDGE('',*,*,#1615,.T.);
#2118=ORIENTED_EDGE('',*,*,#1616,.T.);
#2119=ORIENTED_EDGE('',*,*,#1617,.T.);
#2120=ORIENTED_EDGE('',*,*,#1618,.T.);
#2121=ORIENTED_EDGE('',*,*,#1619,.T.);
#2122=ORIENTED_EDGE('',*,*,#1620,.T.);
#2123=ORIENTED_EDGE('',*,*,#1621,.T.);
#2124=ORIENTED_EDGE('',*,*,#1622,.T.);
#2125=ORIENTED_EDGE('',*,*,#1623,.T.);
#2126=ORIENTED_EDGE('',*,*,#1624,.T.);
#2127=ORIENTED_EDGE('',*,*,#1625,.T.);
#2128=ORIENTED_EDGE('',*,*,#1626,.T.);
#2129=ORIENTED_EDGE('',*,*,#1627,.T.);
#2130=ORIENTED_EDGE('',*,*,#1628,.T.);
#2131=ORIENTED_EDGE('',*,*,#1629,.T.);
#2132=ORIENTED_EDGE('',*,*,#1630,.T.);
#2133=ORIENTED_EDGE('',*,*,#1631,.T.);
#2134=ORIENTED_EDGE('',*,*,#1632,.T.);
#2135=ORIENTED_EDGE('',*,*,#1633,.T.);
#2136=ORIENTED_EDGE('',*,*,#1634,.T.);
#2137=ORIENTED_EDGE('',*,*,#1635,.T.);
#2138=ORIENTED_EDGE('',*,*,#1636,.T.);
#2139=ORIENTED_EDGE('',*,*,#1637,.T.);
#2140=ORIENTED_EDGE('',*,*,#1638,.T.);
#2141=ORIENTED_EDGE('',*,*,#1639,.T.);
#2142=ORIENTED_EDGE('',*,*,#1640,.T.);
#2143=ORIENTED_EDGE('',*,*,#1641,.T.);
#2144=ORIENTED_EDGE('',*,*,#1642,.T.);
#2145=ORIENTED_EDGE('',*,*,#1643,.T.);
#2146=ORIENTED_EDGE('',*,*,#1644,.T.);
#2147=ORIENTED_EDGE('',*,*,#1645,.T.);
#2148=ORIENTED_EDGE('',*,*,#1646,.T.);
#2149=ORIENTED_EDGE('',*,*,#1647,.T.);
#2150=ORIENTED_EDGE('',*,*,#1648,.T.);
#2151=ORIENTED_EDGE('',*,*,#1649,.T.);
#2152=ORIENTED_EDGE('',*,*,#1650,.T.);
#2153=ORIENTED_EDGE('',*,*,#1651,.T.);
#2154=ORIENTED_EDGE('',*,*,#1652,.T.);
#2155=ORIENTED_EDGE('',*,*,#1653,.T.);
#2156=ORIENTED_EDGE('',*,*,#1654,.T.);
#2157=ORIENTED_EDGE('',*,*,#1655,.T.);
#2158=ORIENTED_EDGE('',*,*,#1656,.T.);
#2159=ORIENTED_EDGE('',*,*,#1657,.T.);
#2160=ORIENTED_EDGE('',*,*,#1658,.T.);
#2161=ORIENTED_EDGE('',*,*,#1659,.T.);
#2162=ORIENTED_EDGE('',*,*,#1660,.T.);
#2163=ORIENTED_EDGE('',*,*,#1661,.T.);
#2164=ORIENTED_EDGE('',*,*,#1662,.T.);
#2165=ORIENTED_EDGE('',*,*,#1537,.T.);
#2166=ORIENTED_EDGE('',*,*,#1663,.T.);
#2167=ORIENTED_EDGE('',*,*,#1614,.F.);
#2168=ORIENTED_EDGE('',*,*,#1664,.F.);
#2169=ORIENTED_EDGE('',*,*,#1538,.T.);
#2170=ORIENTED_EDGE('',*,*,#1664,.T.);
#2171=ORIENTED_EDGE('',*,*,#1613,.F.);
#2172=ORIENTED_EDGE('',*,*,#1665,.F.);
#2173=ORIENTED_EDGE('',*,*,#1539,.T.);
#2174=ORIENTED_EDGE('',*,*,#1665,.T.);
#2175=ORIENTED_EDGE('',*,*,#1612,.F.);
#2176=ORIENTED_EDGE('',*,*,#1666,.F.);
#2177=ORIENTED_EDGE('',*,*,#1536,.T.);
#2178=ORIENTED_EDGE('',*,*,#1666,.T.);
#2179=ORIENTED_EDGE('',*,*,#1611,.F.);
#2180=ORIENTED_EDGE('',*,*,#1663,.F.);
#2181=ORIENTED_EDGE('',*,*,#1541,.T.);
#2182=ORIENTED_EDGE('',*,*,#1667,.T.);
#2183=ORIENTED_EDGE('',*,*,#1618,.F.);
#2184=ORIENTED_EDGE('',*,*,#1668,.F.);
#2185=ORIENTED_EDGE('',*,*,#1542,.T.);
#2186=ORIENTED_EDGE('',*,*,#1668,.T.);
#2187=ORIENTED_EDGE('',*,*,#1617,.F.);
#2188=ORIENTED_EDGE('',*,*,#1669,.F.);
#2189=ORIENTED_EDGE('',*,*,#1543,.T.);
#2190=ORIENTED_EDGE('',*,*,#1669,.T.);
#2191=ORIENTED_EDGE('',*,*,#1616,.F.);
#2192=ORIENTED_EDGE('',*,*,#1670,.F.);
#2193=ORIENTED_EDGE('',*,*,#1540,.T.);
#2194=ORIENTED_EDGE('',*,*,#1670,.T.);
#2195=ORIENTED_EDGE('',*,*,#1615,.F.);
#2196=ORIENTED_EDGE('',*,*,#1667,.F.);
#2197=ORIENTED_EDGE('',*,*,#1545,.T.);
#2198=ORIENTED_EDGE('',*,*,#1671,.T.);
#2199=ORIENTED_EDGE('',*,*,#1622,.F.);
#2200=ORIENTED_EDGE('',*,*,#1672,.F.);
#2201=ORIENTED_EDGE('',*,*,#1546,.T.);
#2202=ORIENTED_EDGE('',*,*,#1672,.T.);
#2203=ORIENTED_EDGE('',*,*,#1621,.F.);
#2204=ORIENTED_EDGE('',*,*,#1673,.F.);
#2205=ORIENTED_EDGE('',*,*,#1547,.T.);
#2206=ORIENTED_EDGE('',*,*,#1673,.T.);
#2207=ORIENTED_EDGE('',*,*,#1620,.F.);
#2208=ORIENTED_EDGE('',*,*,#1674,.F.);
#2209=ORIENTED_EDGE('',*,*,#1544,.T.);
#2210=ORIENTED_EDGE('',*,*,#1674,.T.);
#2211=ORIENTED_EDGE('',*,*,#1619,.F.);
#2212=ORIENTED_EDGE('',*,*,#1671,.F.);
#2213=ORIENTED_EDGE('',*,*,#1549,.T.);
#2214=ORIENTED_EDGE('',*,*,#1675,.T.);
#2215=ORIENTED_EDGE('',*,*,#1626,.F.);
#2216=ORIENTED_EDGE('',*,*,#1676,.F.);
#2217=ORIENTED_EDGE('',*,*,#1550,.T.);
#2218=ORIENTED_EDGE('',*,*,#1676,.T.);
#2219=ORIENTED_EDGE('',*,*,#1625,.F.);
#2220=ORIENTED_EDGE('',*,*,#1677,.F.);
#2221=ORIENTED_EDGE('',*,*,#1551,.T.);
#2222=ORIENTED_EDGE('',*,*,#1677,.T.);
#2223=ORIENTED_EDGE('',*,*,#1624,.F.);
#2224=ORIENTED_EDGE('',*,*,#1678,.F.);
#2225=ORIENTED_EDGE('',*,*,#1548,.T.);
#2226=ORIENTED_EDGE('',*,*,#1678,.T.);
#2227=ORIENTED_EDGE('',*,*,#1623,.F.);
#2228=ORIENTED_EDGE('',*,*,#1675,.F.);
#2229=ORIENTED_EDGE('',*,*,#1553,.T.);
#2230=ORIENTED_EDGE('',*,*,#1679,.T.);
#2231=ORIENTED_EDGE('',*,*,#1630,.F.);
#2232=ORIENTED_EDGE('',*,*,#1680,.F.);
#2233=ORIENTED_EDGE('',*,*,#1554,.T.);
#2234=ORIENTED_EDGE('',*,*,#1680,.T.);
#2235=ORIENTED_EDGE('',*,*,#1629,.F.);
#2236=ORIENTED_EDGE('',*,*,#1681,.F.);
#2237=ORIENTED_EDGE('',*,*,#1555,.T.);
#2238=ORIENTED_EDGE('',*,*,#1681,.T.);
#2239=ORIENTED_EDGE('',*,*,#1628,.F.);
#2240=ORIENTED_EDGE('',*,*,#1682,.F.);
#2241=ORIENTED_EDGE('',*,*,#1552,.T.);
#2242=ORIENTED_EDGE('',*,*,#1682,.T.);
#2243=ORIENTED_EDGE('',*,*,#1627,.F.);
#2244=ORIENTED_EDGE('',*,*,#1679,.F.);
#2245=ORIENTED_EDGE('',*,*,#1557,.T.);
#2246=ORIENTED_EDGE('',*,*,#1683,.T.);
#2247=ORIENTED_EDGE('',*,*,#1634,.F.);
#2248=ORIENTED_EDGE('',*,*,#1684,.F.);
#2249=ORIENTED_EDGE('',*,*,#1558,.T.);
#2250=ORIENTED_EDGE('',*,*,#1684,.T.);
#2251=ORIENTED_EDGE('',*,*,#1633,.F.);
#2252=ORIENTED_EDGE('',*,*,#1685,.F.);
#2253=ORIENTED_EDGE('',*,*,#1559,.T.);
#2254=ORIENTED_EDGE('',*,*,#1685,.T.);
#2255=ORIENTED_EDGE('',*,*,#1632,.F.);
#2256=ORIENTED_EDGE('',*,*,#1686,.F.);
#2257=ORIENTED_EDGE('',*,*,#1556,.T.);
#2258=ORIENTED_EDGE('',*,*,#1686,.T.);
#2259=ORIENTED_EDGE('',*,*,#1631,.F.);
#2260=ORIENTED_EDGE('',*,*,#1683,.F.);
#2261=ORIENTED_EDGE('',*,*,#1561,.T.);
#2262=ORIENTED_EDGE('',*,*,#1687,.T.);
#2263=ORIENTED_EDGE('',*,*,#1638,.F.);
#2264=ORIENTED_EDGE('',*,*,#1688,.F.);
#2265=ORIENTED_EDGE('',*,*,#1562,.T.);
#2266=ORIENTED_EDGE('',*,*,#1688,.T.);
#2267=ORIENTED_EDGE('',*,*,#1637,.F.);
#2268=ORIENTED_EDGE('',*,*,#1689,.F.);
#2269=ORIENTED_EDGE('',*,*,#1563,.T.);
#2270=ORIENTED_EDGE('',*,*,#1689,.T.);
#2271=ORIENTED_EDGE('',*,*,#1636,.F.);
#2272=ORIENTED_EDGE('',*,*,#1690,.F.);
#2273=ORIENTED_EDGE('',*,*,#1560,.T.);
#2274=ORIENTED_EDGE('',*,*,#1690,.T.);
#2275=ORIENTED_EDGE('',*,*,#1635,.F.);
#2276=ORIENTED_EDGE('',*,*,#1687,.F.);
#2277=ORIENTED_EDGE('',*,*,#1639,.F.);
#2278=ORIENTED_EDGE('',*,*,#1691,.T.);
#2279=ORIENTED_EDGE('',*,*,#1564,.T.);
#2280=ORIENTED_EDGE('',*,*,#1691,.F.);
#2281=ORIENTED_EDGE('',*,*,#1566,.T.);
#2282=ORIENTED_EDGE('',*,*,#1692,.T.);
#2283=ORIENTED_EDGE('',*,*,#1643,.F.);
#2284=ORIENTED_EDGE('',*,*,#1693,.F.);
#2285=ORIENTED_EDGE('',*,*,#1567,.T.);
#2286=ORIENTED_EDGE('',*,*,#1693,.T.);
#2287=ORIENTED_EDGE('',*,*,#1642,.F.);
#2288=ORIENTED_EDGE('',*,*,#1694,.F.);
#2289=ORIENTED_EDGE('',*,*,#1568,.T.);
#2290=ORIENTED_EDGE('',*,*,#1694,.T.);
#2291=ORIENTED_EDGE('',*,*,#1641,.F.);
#2292=ORIENTED_EDGE('',*,*,#1695,.F.);
#2293=ORIENTED_EDGE('',*,*,#1565,.T.);
#2294=ORIENTED_EDGE('',*,*,#1695,.T.);
#2295=ORIENTED_EDGE('',*,*,#1640,.F.);
#2296=ORIENTED_EDGE('',*,*,#1692,.F.);
#2297=ORIENTED_EDGE('',*,*,#1570,.T.);
#2298=ORIENTED_EDGE('',*,*,#1696,.T.);
#2299=ORIENTED_EDGE('',*,*,#1647,.F.);
#2300=ORIENTED_EDGE('',*,*,#1697,.F.);
#2301=ORIENTED_EDGE('',*,*,#1571,.T.);
#2302=ORIENTED_EDGE('',*,*,#1697,.T.);
#2303=ORIENTED_EDGE('',*,*,#1646,.F.);
#2304=ORIENTED_EDGE('',*,*,#1698,.F.);
#2305=ORIENTED_EDGE('',*,*,#1572,.T.);
#2306=ORIENTED_EDGE('',*,*,#1698,.T.);
#2307=ORIENTED_EDGE('',*,*,#1645,.F.);
#2308=ORIENTED_EDGE('',*,*,#1699,.F.);
#2309=ORIENTED_EDGE('',*,*,#1569,.T.);
#2310=ORIENTED_EDGE('',*,*,#1699,.T.);
#2311=ORIENTED_EDGE('',*,*,#1644,.F.);
#2312=ORIENTED_EDGE('',*,*,#1696,.F.);
#2313=ORIENTED_EDGE('',*,*,#1574,.T.);
#2314=ORIENTED_EDGE('',*,*,#1700,.T.);
#2315=ORIENTED_EDGE('',*,*,#1651,.F.);
#2316=ORIENTED_EDGE('',*,*,#1701,.F.);
#2317=ORIENTED_EDGE('',*,*,#1575,.T.);
#2318=ORIENTED_EDGE('',*,*,#1701,.T.);
#2319=ORIENTED_EDGE('',*,*,#1650,.F.);
#2320=ORIENTED_EDGE('',*,*,#1702,.F.);
#2321=ORIENTED_EDGE('',*,*,#1576,.T.);
#2322=ORIENTED_EDGE('',*,*,#1702,.T.);
#2323=ORIENTED_EDGE('',*,*,#1649,.F.);
#2324=ORIENTED_EDGE('',*,*,#1703,.F.);
#2325=ORIENTED_EDGE('',*,*,#1573,.T.);
#2326=ORIENTED_EDGE('',*,*,#1703,.T.);
#2327=ORIENTED_EDGE('',*,*,#1648,.F.);
#2328=ORIENTED_EDGE('',*,*,#1700,.F.);
#2329=ORIENTED_EDGE('',*,*,#1652,.F.);
#2330=ORIENTED_EDGE('',*,*,#1704,.T.);
#2331=ORIENTED_EDGE('',*,*,#1577,.T.);
#2332=ORIENTED_EDGE('',*,*,#1704,.F.);
#2333=ORIENTED_EDGE('',*,*,#1579,.T.);
#2334=ORIENTED_EDGE('',*,*,#1705,.T.);
#2335=ORIENTED_EDGE('',*,*,#1656,.F.);
#2336=ORIENTED_EDGE('',*,*,#1706,.F.);
#2337=ORIENTED_EDGE('',*,*,#1580,.T.);
#2338=ORIENTED_EDGE('',*,*,#1706,.T.);
#2339=ORIENTED_EDGE('',*,*,#1655,.F.);
#2340=ORIENTED_EDGE('',*,*,#1707,.F.);
#2341=ORIENTED_EDGE('',*,*,#1581,.T.);
#2342=ORIENTED_EDGE('',*,*,#1707,.T.);
#2343=ORIENTED_EDGE('',*,*,#1654,.F.);
#2344=ORIENTED_EDGE('',*,*,#1708,.F.);
#2345=ORIENTED_EDGE('',*,*,#1578,.T.);
#2346=ORIENTED_EDGE('',*,*,#1708,.T.);
#2347=ORIENTED_EDGE('',*,*,#1653,.F.);
#2348=ORIENTED_EDGE('',*,*,#1705,.F.);
#2349=ORIENTED_EDGE('',*,*,#1583,.T.);
#2350=ORIENTED_EDGE('',*,*,#1709,.T.);
#2351=ORIENTED_EDGE('',*,*,#1660,.F.);
#2352=ORIENTED_EDGE('',*,*,#1710,.F.);
#2353=ORIENTED_EDGE('',*,*,#1584,.T.);
#2354=ORIENTED_EDGE('',*,*,#1710,.T.);
#2355=ORIENTED_EDGE('',*,*,#1659,.F.);
#2356=ORIENTED_EDGE('',*,*,#1711,.F.);
#2357=ORIENTED_EDGE('',*,*,#1585,.T.);
#2358=ORIENTED_EDGE('',*,*,#1711,.T.);
#2359=ORIENTED_EDGE('',*,*,#1658,.F.);
#2360=ORIENTED_EDGE('',*,*,#1712,.F.);
#2361=ORIENTED_EDGE('',*,*,#1582,.T.);
#2362=ORIENTED_EDGE('',*,*,#1712,.T.);
#2363=ORIENTED_EDGE('',*,*,#1657,.F.);
#2364=ORIENTED_EDGE('',*,*,#1709,.F.);
#2365=ORIENTED_EDGE('',*,*,#1661,.F.);
#2366=ORIENTED_EDGE('',*,*,#1713,.T.);
#2367=ORIENTED_EDGE('',*,*,#1586,.T.);
#2368=ORIENTED_EDGE('',*,*,#1713,.F.);
#2369=ORIENTED_EDGE('',*,*,#1662,.F.);
#2370=ORIENTED_EDGE('',*,*,#1714,.T.);
#2371=ORIENTED_EDGE('',*,*,#1587,.T.);
#2372=ORIENTED_EDGE('',*,*,#1714,.F.);
#2373=ORIENTED_EDGE('',*,*,#1715,.F.);
#2374=ORIENTED_EDGE('',*,*,#1716,.F.);
#2375=ORIENTED_EDGE('',*,*,#1717,.T.);
#2376=ORIENTED_EDGE('',*,*,#1429,.F.);
#2377=ORIENTED_EDGE('',*,*,#1718,.F.);
#2378=ORIENTED_EDGE('',*,*,#1719,.F.);
#2379=ORIENTED_EDGE('',*,*,#1720,.T.);
#2380=ORIENTED_EDGE('',*,*,#1721,.F.);
#2381=ORIENTED_EDGE('',*,*,#1430,.F.);
#2382=ORIENTED_EDGE('',*,*,#1717,.F.);
#2383=ORIENTED_EDGE('',*,*,#1722,.F.);
#2384=ORIENTED_EDGE('',*,*,#1723,.F.);
#2385=ORIENTED_EDGE('',*,*,#1720,.F.);
#2386=ORIENTED_EDGE('',*,*,#1724,.F.);
#2387=ORIENTED_EDGE('',*,*,#1508,.T.);
#2388=ORIENTED_EDGE('',*,*,#1725,.F.);
#2389=ORIENTED_EDGE('',*,*,#1718,.T.);
#2390=ORIENTED_EDGE('',*,*,#1428,.F.);
#2391=ORIENTED_EDGE('',*,*,#1726,.F.);
#2392=ORIENTED_EDGE('',*,*,#1727,.F.);
#2393=ORIENTED_EDGE('',*,*,#1726,.T.);
#2394=ORIENTED_EDGE('',*,*,#1427,.F.);
#2395=ORIENTED_EDGE('',*,*,#1728,.F.);
#2396=ORIENTED_EDGE('',*,*,#1729,.F.);
#2397=ORIENTED_EDGE('',*,*,#1728,.T.);
#2398=ORIENTED_EDGE('',*,*,#1426,.F.);
#2399=ORIENTED_EDGE('',*,*,#1730,.F.);
#2400=ORIENTED_EDGE('',*,*,#1731,.F.);
#2401=ORIENTED_EDGE('',*,*,#1730,.T.);
#2402=ORIENTED_EDGE('',*,*,#1425,.F.);
#2403=ORIENTED_EDGE('',*,*,#1732,.F.);
#2404=ORIENTED_EDGE('',*,*,#1733,.F.);
#2405=ORIENTED_EDGE('',*,*,#1732,.T.);
#2406=ORIENTED_EDGE('',*,*,#1424,.F.);
#2407=ORIENTED_EDGE('',*,*,#1734,.F.);
#2408=ORIENTED_EDGE('',*,*,#1735,.F.);
#2409=ORIENTED_EDGE('',*,*,#1734,.T.);
#2410=ORIENTED_EDGE('',*,*,#1423,.F.);
#2411=ORIENTED_EDGE('',*,*,#1736,.F.);
#2412=ORIENTED_EDGE('',*,*,#1737,.F.);
#2413=ORIENTED_EDGE('',*,*,#1736,.T.);
#2414=ORIENTED_EDGE('',*,*,#1422,.F.);
#2415=ORIENTED_EDGE('',*,*,#1738,.F.);
#2416=ORIENTED_EDGE('',*,*,#1739,.F.);
#2417=ORIENTED_EDGE('',*,*,#1738,.T.);
#2418=ORIENTED_EDGE('',*,*,#1421,.F.);
#2419=ORIENTED_EDGE('',*,*,#1740,.F.);
#2420=ORIENTED_EDGE('',*,*,#1741,.F.);
#2421=ORIENTED_EDGE('',*,*,#1740,.T.);
#2422=ORIENTED_EDGE('',*,*,#1420,.F.);
#2423=ORIENTED_EDGE('',*,*,#1742,.F.);
#2424=ORIENTED_EDGE('',*,*,#1743,.F.);
#2425=ORIENTED_EDGE('',*,*,#1742,.T.);
#2426=ORIENTED_EDGE('',*,*,#1419,.F.);
#2427=ORIENTED_EDGE('',*,*,#1744,.F.);
#2428=ORIENTED_EDGE('',*,*,#1745,.F.);
#2429=ORIENTED_EDGE('',*,*,#1514,.F.);
#2430=ORIENTED_EDGE('',*,*,#1746,.F.);
#2431=ORIENTED_EDGE('',*,*,#1744,.T.);
#2432=ORIENTED_EDGE('',*,*,#1418,.F.);
#2433=ORIENTED_EDGE('',*,*,#1724,.T.);
#2434=ORIENTED_EDGE('',*,*,#1719,.T.);
#2435=ORIENTED_EDGE('',*,*,#1725,.T.);
#2436=ORIENTED_EDGE('',*,*,#1727,.T.);
#2437=ORIENTED_EDGE('',*,*,#1729,.T.);
#2438=ORIENTED_EDGE('',*,*,#1731,.T.);
#2439=ORIENTED_EDGE('',*,*,#1733,.T.);
#2440=ORIENTED_EDGE('',*,*,#1735,.T.);
#2441=ORIENTED_EDGE('',*,*,#1737,.T.);
#2442=ORIENTED_EDGE('',*,*,#1739,.T.);
#2443=ORIENTED_EDGE('',*,*,#1741,.T.);
#2444=ORIENTED_EDGE('',*,*,#1743,.T.);
#2445=ORIENTED_EDGE('',*,*,#1746,.T.);
#2446=ORIENTED_EDGE('',*,*,#1513,.T.);
#2447=ORIENTED_EDGE('',*,*,#1533,.T.);
#2448=ORIENTED_EDGE('',*,*,#1531,.T.);
#2449=ORIENTED_EDGE('',*,*,#1527,.T.);
#2450=ORIENTED_EDGE('',*,*,#1525,.T.);
#2451=ORIENTED_EDGE('',*,*,#1747,.T.);
#2452=ORIENTED_EDGE('',*,*,#1509,.T.);
#2453=ORIENTED_EDGE('',*,*,#1517,.T.);
#2454=ORIENTED_EDGE('',*,*,#1520,.T.);
#2455=ORIENTED_EDGE('',*,*,#1515,.F.);
#2456=ORIENTED_EDGE('',*,*,#1745,.T.);
#2457=ORIENTED_EDGE('',*,*,#1417,.T.);
#2458=ORIENTED_EDGE('',*,*,#1748,.F.);
#2459=ORIENTED_EDGE('',*,*,#1488,.T.);
#2460=ORIENTED_EDGE('',*,*,#1394,.F.);
#2461=ORIENTED_EDGE('',*,*,#1749,.T.);
#2462=ORIENTED_EDGE('',*,*,#1432,.T.);
#2463=ORIENTED_EDGE('',*,*,#1750,.T.);
#2464=ORIENTED_EDGE('',*,*,#1400,.F.);
#2465=ORIENTED_EDGE('',*,*,#1416,.T.);
#2466=ORIENTED_EDGE('',*,*,#1490,.T.);
#2467=ORIENTED_EDGE('',*,*,#1748,.T.);
#2468=ORIENTED_EDGE('',*,*,#1723,.T.);
#2469=ORIENTED_EDGE('',*,*,#1751,.T.);
#2470=ORIENTED_EDGE('',*,*,#1715,.T.);
#2471=ORIENTED_EDGE('',*,*,#1507,.T.);
#2472=ORIENTED_EDGE('',*,*,#1752,.T.);
#2473=ORIENTED_EDGE('',*,*,#1392,.F.);
#2474=ORIENTED_EDGE('',*,*,#1398,.T.);
#2475=ORIENTED_EDGE('',*,*,#1750,.F.);
#2476=ORIENTED_EDGE('',*,*,#1431,.T.);
#2477=ORIENTED_EDGE('',*,*,#1721,.T.);
#2478=ORIENTED_EDGE('',*,*,#1716,.T.);
#2479=ORIENTED_EDGE('',*,*,#1751,.F.);
#2480=ORIENTED_EDGE('',*,*,#1722,.T.);
#2481=ORIENTED_EDGE('',*,*,#1505,.T.);
#2482=ORIENTED_EDGE('',*,*,#1516,.F.);
#2483=ORIENTED_EDGE('',*,*,#1749,.F.);
#2484=ORIENTED_EDGE('',*,*,#1393,.F.);
#2485=ORIENTED_EDGE('',*,*,#1752,.F.);
#2486=ORIENTED_EDGE('',*,*,#1506,.F.);
#2487=ORIENTED_EDGE('',*,*,#1499,.T.);
#2488=ORIENTED_EDGE('',*,*,#1501,.T.);
#2489=ORIENTED_EDGE('',*,*,#1486,.T.);
#2490=ORIENTED_EDGE('',*,*,#1503,.T.);
#2491=ORIENTED_EDGE('',*,*,#1524,.T.);
#2492=ORIENTED_EDGE('',*,*,#1535,.F.);
#2493=ORIENTED_EDGE('',*,*,#1510,.T.);
#2494=ORIENTED_EDGE('',*,*,#1747,.F.);
#2495=ORIENTED_EDGE('',*,*,#1603,.T.);
#2496=ORIENTED_EDGE('',*,*,#1753,.T.);
#2497=ORIENTED_EDGE('',*,*,#1405,.F.);
#2498=ORIENTED_EDGE('',*,*,#1754,.F.);
#2499=ORIENTED_EDGE('',*,*,#1609,.F.);
#2500=ORIENTED_EDGE('',*,*,#1754,.T.);
#2501=ORIENTED_EDGE('',*,*,#1404,.F.);
#2502=ORIENTED_EDGE('',*,*,#1479,.F.);
#2503=ORIENTED_EDGE('',*,*,#1605,.F.);
#2504=ORIENTED_EDGE('',*,*,#1477,.T.);
#2505=ORIENTED_EDGE('',*,*,#1410,.F.);
#2506=ORIENTED_EDGE('',*,*,#1755,.F.);
#2507=ORIENTED_EDGE('',*,*,#1599,.T.);
#2508=ORIENTED_EDGE('',*,*,#1755,.T.);
#2509=ORIENTED_EDGE('',*,*,#1409,.F.);
#2510=ORIENTED_EDGE('',*,*,#1756,.F.);
#2511=ORIENTED_EDGE('',*,*,#1593,.F.);
#2512=ORIENTED_EDGE('',*,*,#1756,.T.);
#2513=ORIENTED_EDGE('',*,*,#1408,.F.);
#2514=ORIENTED_EDGE('',*,*,#1757,.F.);
#2515=ORIENTED_EDGE('',*,*,#1589,.T.);
#2516=ORIENTED_EDGE('',*,*,#1757,.T.);
#2517=ORIENTED_EDGE('',*,*,#1407,.F.);
#2518=ORIENTED_EDGE('',*,*,#1758,.F.);
#2519=ORIENTED_EDGE('',*,*,#1597,.F.);
#2520=ORIENTED_EDGE('',*,*,#1758,.T.);
#2521=ORIENTED_EDGE('',*,*,#1406,.F.);
#2522=ORIENTED_EDGE('',*,*,#1753,.F.);
#2523=TOROIDAL_SURFACE('',#2687,3.,2.);
#2524=TOROIDAL_SURFACE('',#2729,3.,2.);
#2525=TOROIDAL_SURFACE('',#2738,4.50000000000001,2.5);
#2526=TOROIDAL_SURFACE('',#2745,4.5,2.5);
#2527=TOROIDAL_SURFACE('',#2751,4.5,2.5);
#2528=TOROIDAL_SURFACE('',#2757,4.5,2.5);
#2529=TOROIDAL_SURFACE('',#2761,4.50000000000001,2.5);
#2530=TOROIDAL_SURFACE('',#2763,4.5,2.5);
#2531=TOROIDAL_SURFACE('',#2812,6.53589838486226,4.);
#2532=TOROIDAL_SURFACE('',#2816,6.53589838486225,4.);
#2533=TOROIDAL_SURFACE('',#2824,6.53589838486225,4.);
#2534=TOROIDAL_SURFACE('',#2828,6.53589838486223,4.);
#2535=ADVANCED_FACE('',(#722),#2523,.T.);
#2536=ADVANCED_FACE('',(#723),#682,.T.);
#2537=ADVANCED_FACE('',(#724),#147,.F.);
#2538=ADVANCED_FACE('',(#725),#148,.T.);
#2539=ADVANCED_FACE('',(#726),#683,.T.);
#2540=ADVANCED_FACE('',(#727),#49,.T.);
#2541=ADVANCED_FACE('',(#728),#684,.T.);
#2542=ADVANCED_FACE('',(#729),#50,.T.);
#2543=ADVANCED_FACE('',(#730),#685,.T.);
#2544=ADVANCED_FACE('',(#731),#149,.F.);
#2545=ADVANCED_FACE('',(#732),#686,.T.);
#2546=ADVANCED_FACE('',(#733),#2524,.T.);
#2547=ADVANCED_FACE('',(#734),#150,.T.);
#2548=ADVANCED_FACE('',(#735),#51,.F.);
#2549=ADVANCED_FACE('',(#736),#687,.T.);
#2550=ADVANCED_FACE('',(#737),#2525,.T.);
#2551=ADVANCED_FACE('',(#738),#688,.T.);
#2552=ADVANCED_FACE('',(#739),#2526,.T.);
#2553=ADVANCED_FACE('',(#740),#689,.T.);
#2554=ADVANCED_FACE('',(#741),#2527,.T.);
#2555=ADVANCED_FACE('',(#742),#690,.T.);
#2556=ADVANCED_FACE('',(#743),#2528,.T.);
#2557=ADVANCED_FACE('',(#744),#2529,.T.);
#2558=ADVANCED_FACE('',(#745),#2530,.T.);
#2559=ADVANCED_FACE('',(#746),#52,.T.);
#2560=ADVANCED_FACE('',(#747),#691,.T.);
#2561=ADVANCED_FACE('',(#748),#53,.T.);
#2562=ADVANCED_FACE('',(#749),#54,.F.);
#2563=ADVANCED_FACE('',(#750),#55,.F.);
#2564=ADVANCED_FACE('',(#751),#56,.T.);
#2565=ADVANCED_FACE('',(#752),#692,.T.);
#2566=ADVANCED_FACE('',(#753),#693,.F.);
#2567=ADVANCED_FACE('',(#754),#57,.F.);
#2568=ADVANCED_FACE('',(#755),#694,.F.);
#2569=ADVANCED_FACE('',(#756),#58,.F.);
#2570=ADVANCED_FACE('',(#757),#695,.F.);
#2571=ADVANCED_FACE('',(#758),#696,.F.);
#2572=ADVANCED_FACE('',(#759),#59,.F.);
#2573=ADVANCED_FACE('',(#760),#60,.T.);
#2574=ADVANCED_FACE('',(#761),#697,.F.);
#2575=ADVANCED_FACE('',(#762),#61,.T.);
#2576=ADVANCED_FACE('',(#763),#698,.F.);
#2577=ADVANCED_FACE('',(#764),#62,.T.);
#2578=ADVANCED_FACE('',(#765),#699,.T.);
#2579=ADVANCED_FACE('',(#766),#63,.T.);
#2580=ADVANCED_FACE('',(#767),#700,.T.);
#2581=ADVANCED_FACE('',(#768),#64,.T.);
#2582=ADVANCED_FACE('',(#769,#15,#16,#17,#18,#19,#20,#21,#22,#23,#24,#25,
#26,#27,#28,#29,#30),#65,.F.);
#2583=ADVANCED_FACE('',(#770),#701,.T.);
#2584=ADVANCED_FACE('',(#771),#2531,.T.);
#2585=ADVANCED_FACE('',(#772),#2532,.T.);
#2586=ADVANCED_FACE('',(#773),#702,.T.);
#2587=ADVANCED_FACE('',(#774),#703,.T.);
#2588=ADVANCED_FACE('',(#775),#2533,.T.);
#2589=ADVANCED_FACE('',(#776),#2534,.T.);
#2590=ADVANCED_FACE('',(#777),#704,.T.);
#2591=ADVANCED_FACE('',(#778,#31,#32,#33,#34,#35,#36,#37,#38,#39,#40,#41,
#42,#43,#44,#45,#46),#66,.T.);
#2592=ADVANCED_FACE('',(#779),#67,.T.);
#2593=ADVANCED_FACE('',(#780),#68,.T.);
#2594=ADVANCED_FACE('',(#781),#69,.T.);
#2595=ADVANCED_FACE('',(#782),#70,.T.);
#2596=ADVANCED_FACE('',(#783),#71,.T.);
#2597=ADVANCED_FACE('',(#784),#72,.T.);
#2598=ADVANCED_FACE('',(#785),#73,.T.);
#2599=ADVANCED_FACE('',(#786),#74,.T.);
#2600=ADVANCED_FACE('',(#787),#75,.T.);
#2601=ADVANCED_FACE('',(#788),#76,.T.);
#2602=ADVANCED_FACE('',(#789),#77,.T.);
#2603=ADVANCED_FACE('',(#790),#78,.T.);
#2604=ADVANCED_FACE('',(#791),#79,.T.);
#2605=ADVANCED_FACE('',(#792),#80,.T.);
#2606=ADVANCED_FACE('',(#793),#81,.T.);
#2607=ADVANCED_FACE('',(#794),#82,.T.);
#2608=ADVANCED_FACE('',(#795),#83,.T.);
#2609=ADVANCED_FACE('',(#796),#84,.T.);
#2610=ADVANCED_FACE('',(#797),#85,.T.);
#2611=ADVANCED_FACE('',(#798),#86,.T.);
#2612=ADVANCED_FACE('',(#799),#87,.T.);
#2613=ADVANCED_FACE('',(#800),#88,.T.);
#2614=ADVANCED_FACE('',(#801),#89,.T.);
#2615=ADVANCED_FACE('',(#802),#90,.T.);
#2616=ADVANCED_FACE('',(#803),#91,.T.);
#2617=ADVANCED_FACE('',(#804),#92,.T.);
#2618=ADVANCED_FACE('',(#805),#93,.T.);
#2619=ADVANCED_FACE('',(#806),#94,.T.);
#2620=ADVANCED_FACE('',(#807),#705,.F.);
#2621=ADVANCED_FACE('',(#808),#95,.T.);
#2622=ADVANCED_FACE('',(#809),#96,.T.);
#2623=ADVANCED_FACE('',(#810),#97,.T.);
#2624=ADVANCED_FACE('',(#811),#98,.T.);
#2625=ADVANCED_FACE('',(#812),#99,.T.);
#2626=ADVANCED_FACE('',(#813),#100,.T.);
#2627=ADVANCED_FACE('',(#814),#101,.T.);
#2628=ADVANCED_FACE('',(#815),#102,.T.);
#2629=ADVANCED_FACE('',(#816),#103,.T.);
#2630=ADVANCED_FACE('',(#817),#104,.T.);
#2631=ADVANCED_FACE('',(#818),#105,.T.);
#2632=ADVANCED_FACE('',(#819),#106,.T.);
#2633=ADVANCED_FACE('',(#820),#706,.F.);
#2634=ADVANCED_FACE('',(#821),#107,.T.);
#2635=ADVANCED_FACE('',(#822),#108,.T.);
#2636=ADVANCED_FACE('',(#823),#109,.T.);
#2637=ADVANCED_FACE('',(#824),#110,.T.);
#2638=ADVANCED_FACE('',(#825),#111,.T.);
#2639=ADVANCED_FACE('',(#826),#112,.T.);
#2640=ADVANCED_FACE('',(#827),#113,.T.);
#2641=ADVANCED_FACE('',(#828),#114,.T.);
#2642=ADVANCED_FACE('',(#829),#707,.F.);
#2643=ADVANCED_FACE('',(#830),#708,.F.);
#2644=ADVANCED_FACE('',(#831),#115,.T.);
#2645=ADVANCED_FACE('',(#832),#709,.T.);
#2646=ADVANCED_FACE('',(#833),#710,.T.);
#2647=ADVANCED_FACE('',(#834),#116,.T.);
#2648=ADVANCED_FACE('',(#835),#711,.F.);
#2649=ADVANCED_FACE('',(#836),#117,.T.);
#2650=ADVANCED_FACE('',(#837),#712,.F.);
#2651=ADVANCED_FACE('',(#838),#118,.T.);
#2652=ADVANCED_FACE('',(#839),#713,.F.);
#2653=ADVANCED_FACE('',(#840),#119,.T.);
#2654=ADVANCED_FACE('',(#841),#714,.F.);
#2655=ADVANCED_FACE('',(#842),#120,.T.);
#2656=ADVANCED_FACE('',(#843),#121,.T.);
#2657=ADVANCED_FACE('',(#844),#715,.T.);
#2658=ADVANCED_FACE('',(#845,#47,#48),#122,.F.);
#2659=ADVANCED_FACE('',(#846),#716,.T.);
#2660=ADVANCED_FACE('',(#847),#151,.F.);
#2661=ADVANCED_FACE('',(#848),#152,.F.);
#2662=ADVANCED_FACE('',(#849),#153,.F.);
#2663=ADVANCED_FACE('',(#850),#717,.T.);
#2664=ADVANCED_FACE('',(#851),#123,.T.);
#2665=ADVANCED_FACE('',(#852),#124,.T.);
#2666=ADVANCED_FACE('',(#853),#125,.T.);
#2667=ADVANCED_FACE('',(#854),#718,.T.);
#2668=ADVANCED_FACE('',(#855),#719,.T.);
#2669=ADVANCED_FACE('',(#856),#126,.T.);
#2670=ADVANCED_FACE('',(#857),#720,.T.);
#2671=ADVANCED_FACE('',(#858),#127,.T.);
#2672=ADVANCED_FACE('',(#859),#721,.T.);
#2673=CLOSED_SHELL('',(#2535,#2536,#2537,#2538,#2539,#2540,#2541,#2542,
#2543,#2544,#2545,#2546,#2547,#2548,#2549,#2550,#2551,#2552,#2553,#2554,
#2555,#2556,#2557,#2558,#2559,#2560,#2561,#2562,#2563,#2564,#2565,#2566,
#2567,#2568,#2569,#2570,#2571,#2572,#2573,#2574,#2575,#2576,#2577,#2578,
#2579,#2580,#2581,#2582,#2583,#2584,#2585,#2586,#2587,#2588,#2589,#2590,
#2591,#2592,#2593,#2594,#2595,#2596,#2597,#2598,#2599,#2600,#2601,#2602,
#2603,#2604,#2605,#2606,#2607,#2608,#2609,#2610,#2611,#2612,#2613,#2614,
#2615,#2616,#2617,#2618,#2619,#2620,#2621,#2622,#2623,#2624,#2625,#2626,
#2627,#2628,#2629,#2630,#2631,#2632,#2633,#2634,#2635,#2636,#2637,#2638,
#2639,#2640,#2641,#2642,#2643,#2644,#2645,#2646,#2647,#2648,#2649,#2650,
#2651,#2652,#2653,#2654,#2655,#2656,#2657,#2658,#2659,#2660,#2661,#2662,
#2663,#2664,#2665,#2666,#2667,#2668,#2669,#2670,#2671,#2672));
#2674=DERIVED_UNIT_ELEMENT(#2676,1.);
#2675=DERIVED_UNIT_ELEMENT(#4623,-3.);
#2676=(
MASS_UNIT()
NAMED_UNIT(*)
SI_UNIT(.KILO.,.GRAM.)
);
#2677=DERIVED_UNIT((#2674,#2675));
#2678=MEASURE_REPRESENTATION_ITEM('density measure',
POSITIVE_RATIO_MEASURE(7850.),#2677);
#2679=PROPERTY_DEFINITION_REPRESENTATION(#2684,#2681);
#2680=PROPERTY_DEFINITION_REPRESENTATION(#2685,#2682);
#2681=REPRESENTATION('material name',(#2683),#4620);
#2682=REPRESENTATION('density',(#2678),#4620);
#2683=DESCRIPTIVE_REPRESENTATION_ITEM('Stahl','Stahl');
#2684=PROPERTY_DEFINITION('material property','material name',#4630);
#2685=PROPERTY_DEFINITION('material property','density of part',#4630);
#2686=AXIS2_PLACEMENT_3D('',#3667,#2925,#2926);
#2687=AXIS2_PLACEMENT_3D('',#3668,#2927,#2928);
#2688=AXIS2_PLACEMENT_3D('',#3671,#2929,#2930);
#2689=AXIS2_PLACEMENT_3D('',#3673,#2931,#2932);
#2690=AXIS2_PLACEMENT_3D('',#3675,#2933,#2934);
#2691=AXIS2_PLACEMENT_3D('',#3676,#2935,#2936);
#2692=AXIS2_PLACEMENT_3D('',#3677,#2937,#2938);
#2693=AXIS2_PLACEMENT_3D('',#3680,#2939,#2940);
#2694=AXIS2_PLACEMENT_3D('',#3694,#2943,#2944);
#2695=AXIS2_PLACEMENT_3D('',#3695,#2945,#2946);
#2696=AXIS2_PLACEMENT_3D('',#3696,#2947,#2948);
#2697=AXIS2_PLACEMENT_3D('',#3719,#2949,#2950);
#2698=AXIS2_PLACEMENT_3D('',#3721,#2951,#2952);
#2699=AXIS2_PLACEMENT_3D('',#3732,#2953,#2954);
#2700=AXIS2_PLACEMENT_3D('',#3738,#2957,#2958);
#2701=AXIS2_PLACEMENT_3D('',#3742,#2960,#2961);
#2702=AXIS2_PLACEMENT_3D('',#3745,#2963,#2964);
#2703=AXIS2_PLACEMENT_3D('',#3746,#2965,#2966);
#2704=AXIS2_PLACEMENT_3D('',#3750,#2969,#2970);
#2705=AXIS2_PLACEMENT_3D('',#3753,#2972,#2973);
#2706=AXIS2_PLACEMENT_3D('',#3754,#2974,#2975);
#2707=AXIS2_PLACEMENT_3D('',#3767,#2978,#2979);
#2708=AXIS2_PLACEMENT_3D('',#3771,#2981,#2982);
#2709=AXIS2_PLACEMENT_3D('',#3775,#2984,#2985);
#2710=AXIS2_PLACEMENT_3D('',#3779,#2987,#2988);
#2711=AXIS2_PLACEMENT_3D('',#3792,#2991,#2992);
#2712=AXIS2_PLACEMENT_3D('',#3811,#2994,#2995);
#2713=AXIS2_PLACEMENT_3D('',#3813,#2996,#2997);
#2714=AXIS2_PLACEMENT_3D('',#3819,#3000,#3001);
#2715=AXIS2_PLACEMENT_3D('',#3823,#3003,#3004);
#2716=AXIS2_PLACEMENT_3D('',#3827,#3006,#3007);
#2717=AXIS2_PLACEMENT_3D('',#3831,#3009,#3010);
#2718=AXIS2_PLACEMENT_3D('',#3837,#3013,#3014);
#2719=AXIS2_PLACEMENT_3D('',#3839,#3015,#3016);
#2720=AXIS2_PLACEMENT_3D('',#3854,#3017,#3018);
#2721=AXIS2_PLACEMENT_3D('',#3856,#3019,#3020);
#2722=AXIS2_PLACEMENT_3D('',#3859,#3022,#3023);
#2723=AXIS2_PLACEMENT_3D('',#3870,#3024,#3025);
#2724=AXIS2_PLACEMENT_3D('',#3872,#3026,#3027);
#2725=AXIS2_PLACEMENT_3D('',#3874,#3028,#3029);
#2726=AXIS2_PLACEMENT_3D('',#3875,#3030,#3031);
#2727=AXIS2_PLACEMENT_3D('',#3876,#3032,#3033);
#2728=AXIS2_PLACEMENT_3D('',#3878,#3034,#3035);
#2729=AXIS2_PLACEMENT_3D('',#3881,#3038,#3039);
#2730=AXIS2_PLACEMENT_3D('',#3883,#3040,#3041);
#2731=AXIS2_PLACEMENT_3D('',#3884,#3042,#3043);
#2732=AXIS2_PLACEMENT_3D('',#3917,#3044,#3045);
#2733=AXIS2_PLACEMENT_3D('',#3918,#3046,#3047);
#2734=AXIS2_PLACEMENT_3D('',#3920,#3048,#3049);
#2735=AXIS2_PLACEMENT_3D('',#3924,#3051,#3052);
#2736=AXIS2_PLACEMENT_3D('',#3926,#3054,#3055);
#2737=AXIS2_PLACEMENT_3D('',#3928,#3056,#3057);
#2738=AXIS2_PLACEMENT_3D('',#3930,#3059,#3060);
#2739=AXIS2_PLACEMENT_3D('',#3932,#3061,#3062);
#2740=AXIS2_PLACEMENT_3D('',#3934,#3063,#3064);
#2741=AXIS2_PLACEMENT_3D('',#3936,#3065,#3066);
#2742=AXIS2_PLACEMENT_3D('',#3937,#3067,#3068);
#2743=AXIS2_PLACEMENT_3D('',#3938,#3069,#3070);
#2744=AXIS2_PLACEMENT_3D('',#3941,#3071,#3072);
#2745=AXIS2_PLACEMENT_3D('',#3944,#3075,#3076);
#2746=AXIS2_PLACEMENT_3D('',#3947,#3077,#3078);
#2747=AXIS2_PLACEMENT_3D('',#3948,#3079,#3080);
#2748=AXIS2_PLACEMENT_3D('',#3949,#3081,#3082);
#2749=AXIS2_PLACEMENT_3D('',#3950,#3083,#3084);
#2750=AXIS2_PLACEMENT_3D('',#3953,#3085,#3086);
#2751=AXIS2_PLACEMENT_3D('',#3956,#3089,#3090);
#2752=AXIS2_PLACEMENT_3D('',#3959,#3091,#3092);
#2753=AXIS2_PLACEMENT_3D('',#3960,#3093,#3094);
#2754=AXIS2_PLACEMENT_3D('',#3961,#3095,#3096);
#2755=AXIS2_PLACEMENT_3D('',#3962,#3097,#3098);
#2756=AXIS2_PLACEMENT_3D('',#3965,#3099,#3100);
#2757=AXIS2_PLACEMENT_3D('',#3968,#3103,#3104);
#2758=AXIS2_PLACEMENT_3D('',#3970,#3105,#3106);
#2759=AXIS2_PLACEMENT_3D('',#3971,#3107,#3108);
#2760=AXIS2_PLACEMENT_3D('',#3972,#3109,#3110);
#2761=AXIS2_PLACEMENT_3D('',#3973,#3111,#3112);
#2762=AXIS2_PLACEMENT_3D('',#3974,#3113,#3114);
#2763=AXIS2_PLACEMENT_3D('',#3975,#3115,#3116);
#2764=AXIS2_PLACEMENT_3D('',#3976,#3117,#3118);
#2765=AXIS2_PLACEMENT_3D('',#3977,#3119,#3120);
#2766=AXIS2_PLACEMENT_3D('',#3983,#3124,#3125);
#2767=AXIS2_PLACEMENT_3D('',#3986,#3126,#3127);
#2768=AXIS2_PLACEMENT_3D('',#3989,#3130,#3131);
#2769=AXIS2_PLACEMENT_3D('',#3991,#3133,#3134);
#2770=AXIS2_PLACEMENT_3D('',#3993,#3136,#3137);
#2771=AXIS2_PLACEMENT_3D('',#3999,#3141,#3142);
#2772=AXIS2_PLACEMENT_3D('',#4003,#3145,#3146);
#2773=AXIS2_PLACEMENT_3D('',#4004,#3147,#3148);
#2774=AXIS2_PLACEMENT_3D('',#4005,#3149,#3150);
#2775=AXIS2_PLACEMENT_3D('',#4009,#3152,#3153);
#2776=AXIS2_PLACEMENT_3D('',#4011,#3155,#3156);
#2777=AXIS2_PLACEMENT_3D('',#4015,#3159,#3160);
#2778=AXIS2_PLACEMENT_3D('',#4018,#3162,#3163);
#2779=AXIS2_PLACEMENT_3D('',#4019,#3164,#3165);
#2780=AXIS2_PLACEMENT_3D('',#4025,#3169,#3170);
#2781=AXIS2_PLACEMENT_3D('',#4026,#3171,#3172);
#2782=AXIS2_PLACEMENT_3D('',#4027,#3173,#3174);
#2783=AXIS2_PLACEMENT_3D('',#4030,#3176,#3177);
#2784=AXIS2_PLACEMENT_3D('',#4031,#3178,#3179);
#2785=AXIS2_PLACEMENT_3D('',#4035,#3182,#3183);
#2786=AXIS2_PLACEMENT_3D('',#4039,#3185,#3186);
#2787=AXIS2_PLACEMENT_3D('',#4055,#3194,#3195);
#2788=AXIS2_PLACEMENT_3D('',#4057,#3197,#3198);
#2789=AXIS2_PLACEMENT_3D('',#4059,#3199,#3200);
#2790=AXIS2_PLACEMENT_3D('',#4062,#3202,#3203);
#2791=AXIS2_PLACEMENT_3D('',#4063,#3204,#3205);
#2792=AXIS2_PLACEMENT_3D('',#4064,#3206,#3207);
#2793=AXIS2_PLACEMENT_3D('',#4066,#3208,#3209);
#2794=AXIS2_PLACEMENT_3D('',#4069,#3211,#3212);
#2795=AXIS2_PLACEMENT_3D('',#4070,#3213,#3214);
#2796=AXIS2_PLACEMENT_3D('',#4071,#3215,#3216);
#2797=AXIS2_PLACEMENT_3D('',#4074,#3217,#3218);
#2798=AXIS2_PLACEMENT_3D('',#4078,#3220,#3221);
#2799=AXIS2_PLACEMENT_3D('',#4080,#3223,#3224);
#2800=AXIS2_PLACEMENT_3D('',#4086,#3228,#3229);
#2801=AXIS2_PLACEMENT_3D('',#4088,#3230,#3231);
#2802=AXIS2_PLACEMENT_3D('',#4090,#3232,#3233);
#2803=AXIS2_PLACEMENT_3D('',#4092,#3235,#3236);
#2804=AXIS2_PLACEMENT_3D('',#4095,#3239,#3240);
#2805=AXIS2_PLACEMENT_3D('',#4154,#3270,#3271);
#2806=AXIS2_PLACEMENT_3D('',#4180,#3284,#3285);
#2807=AXIS2_PLACEMENT_3D('',#4198,#3294,#3295);
#2808=AXIS2_PLACEMENT_3D('',#4200,#3296,#3297);
#2809=AXIS2_PLACEMENT_3D('',#4201,#3298,#3299);
#2810=AXIS2_PLACEMENT_3D('',#4204,#3300,#3301);
#2811=AXIS2_PLACEMENT_3D('',#4208,#3303,#3304);
#2812=AXIS2_PLACEMENT_3D('',#4210,#3306,#3307);
#2813=AXIS2_PLACEMENT_3D('',#4213,#3308,#3309);
#2814=AXIS2_PLACEMENT_3D('',#4214,#3310,#3311);
#2815=AXIS2_PLACEMENT_3D('',#4215,#3312,#3313);
#2816=AXIS2_PLACEMENT_3D('',#4216,#3314,#3315);
#2817=AXIS2_PLACEMENT_3D('',#4219,#3316,#3317);
#2818=AXIS2_PLACEMENT_3D('',#4220,#3318,#3319);
#2819=AXIS2_PLACEMENT_3D('',#4221,#3320,#3321);
#2820=AXIS2_PLACEMENT_3D('',#4222,#3322,#3323);
#2821=AXIS2_PLACEMENT_3D('',#4225,#3324,#3325);
#2822=AXIS2_PLACEMENT_3D('',#4228,#3328,#3329);
#2823=AXIS2_PLACEMENT_3D('',#4231,#3330,#3331);
#2824=AXIS2_PLACEMENT_3D('',#4234,#3334,#3335);
#2825=AXIS2_PLACEMENT_3D('',#4236,#3336,#3337);
#2826=AXIS2_PLACEMENT_3D('',#4237,#3338,#3339);
#2827=AXIS2_PLACEMENT_3D('',#4238,#3340,#3341);
#2828=AXIS2_PLACEMENT_3D('',#4239,#3342,#3343);
#2829=AXIS2_PLACEMENT_3D('',#4241,#3344,#3345);
#2830=AXIS2_PLACEMENT_3D('',#4242,#3346,#3347);
#2831=AXIS2_PLACEMENT_3D('',#4243,#3348,#3349);
#2832=AXIS2_PLACEMENT_3D('',#4244,#3350,#3351);
#2833=AXIS2_PLACEMENT_3D('',#4246,#3353,#3354);
#2834=AXIS2_PLACEMENT_3D('',#4304,#3383,#3384);
#2835=AXIS2_PLACEMENT_3D('',#4330,#3397,#3398);
#2836=AXIS2_PLACEMENT_3D('',#4348,#3407,#3408);
#2837=AXIS2_PLACEMENT_3D('',#4350,#3409,#3410);
#2838=AXIS2_PLACEMENT_3D('',#4351,#3411,#3412);
#2839=AXIS2_PLACEMENT_3D('',#4354,#3415,#3416);
#2840=AXIS2_PLACEMENT_3D('',#4356,#3418,#3419);
#2841=AXIS2_PLACEMENT_3D('',#4358,#3421,#3422);
#2842=AXIS2_PLACEMENT_3D('',#4359,#3423,#3424);
#2843=AXIS2_PLACEMENT_3D('',#4362,#3427,#3428);
#2844=AXIS2_PLACEMENT_3D('',#4364,#3430,#3431);
#2845=AXIS2_PLACEMENT_3D('',#4366,#3433,#3434);
#2846=AXIS2_PLACEMENT_3D('',#4367,#3435,#3436);
#2847=AXIS2_PLACEMENT_3D('',#4370,#3439,#3440);
#2848=AXIS2_PLACEMENT_3D('',#4372,#3442,#3443);
#2849=AXIS2_PLACEMENT_3D('',#4374,#3445,#3446);
#2850=AXIS2_PLACEMENT_3D('',#4375,#3447,#3448);
#2851=AXIS2_PLACEMENT_3D('',#4378,#3451,#3452);
#2852=AXIS2_PLACEMENT_3D('',#4380,#3454,#3455);
#2853=AXIS2_PLACEMENT_3D('',#4382,#3457,#3458);
#2854=AXIS2_PLACEMENT_3D('',#4383,#3459,#3460);
#2855=AXIS2_PLACEMENT_3D('',#4386,#3463,#3464);
#2856=AXIS2_PLACEMENT_3D('',#4388,#3466,#3467);
#2857=AXIS2_PLACEMENT_3D('',#4390,#3469,#3470);
#2858=AXIS2_PLACEMENT_3D('',#4391,#3471,#3472);
#2859=AXIS2_PLACEMENT_3D('',#4394,#3475,#3476);
#2860=AXIS2_PLACEMENT_3D('',#4396,#3478,#3479);
#2861=AXIS2_PLACEMENT_3D('',#4398,#3481,#3482);
#2862=AXIS2_PLACEMENT_3D('',#4399,#3483,#3484);
#2863=AXIS2_PLACEMENT_3D('',#4402,#3487,#3488);
#2864=AXIS2_PLACEMENT_3D('',#4404,#3490,#3491);
#2865=AXIS2_PLACEMENT_3D('',#4406,#3493,#3494);
#2866=AXIS2_PLACEMENT_3D('',#4407,#3495,#3496);
#2867=AXIS2_PLACEMENT_3D('',#4409,#3498,#3499);
#2868=AXIS2_PLACEMENT_3D('',#4412,#3502,#3503);
#2869=AXIS2_PLACEMENT_3D('',#4414,#3505,#3506);
#2870=AXIS2_PLACEMENT_3D('',#4416,#3508,#3509);
#2871=AXIS2_PLACEMENT_3D('',#4417,#3510,#3511);
#2872=AXIS2_PLACEMENT_3D('',#4420,#3514,#3515);
#2873=AXIS2_PLACEMENT_3D('',#4422,#3517,#3518);
#2874=AXIS2_PLACEMENT_3D('',#4424,#3520,#3521);
#2875=AXIS2_PLACEMENT_3D('',#4425,#3522,#3523);
#2876=AXIS2_PLACEMENT_3D('',#4428,#3526,#3527);
#2877=AXIS2_PLACEMENT_3D('',#4430,#3529,#3530);
#2878=AXIS2_PLACEMENT_3D('',#4432,#3532,#3533);
#2879=AXIS2_PLACEMENT_3D('',#4433,#3534,#3535);
#2880=AXIS2_PLACEMENT_3D('',#4435,#3537,#3538);
#2881=AXIS2_PLACEMENT_3D('',#4438,#3541,#3542);
#2882=AXIS2_PLACEMENT_3D('',#4440,#3544,#3545);
#2883=AXIS2_PLACEMENT_3D('',#4442,#3547,#3548);
#2884=AXIS2_PLACEMENT_3D('',#4443,#3549,#3550);
#2885=AXIS2_PLACEMENT_3D('',#4446,#3553,#3554);
#2886=AXIS2_PLACEMENT_3D('',#4448,#3556,#3557);
#2887=AXIS2_PLACEMENT_3D('',#4450,#3559,#3560);
#2888=AXIS2_PLACEMENT_3D('',#4451,#3561,#3562);
#2889=AXIS2_PLACEMENT_3D('',#4453,#3564,#3565);
#2890=AXIS2_PLACEMENT_3D('',#4455,#3567,#3568);
#2891=AXIS2_PLACEMENT_3D('',#4481,#3574,#3575);
#2892=AXIS2_PLACEMENT_3D('',#4490,#3576,#3577);
#2893=AXIS2_PLACEMENT_3D('',#4510,#3578,#3579);
#2894=AXIS2_PLACEMENT_3D('',#4511,#3580,#3581);
#2895=AXIS2_PLACEMENT_3D('',#4515,#3584,#3585);
#2896=AXIS2_PLACEMENT_3D('',#4517,#3586,#3587);
#2897=AXIS2_PLACEMENT_3D('',#4519,#3589,#3590);
#2898=AXIS2_PLACEMENT_3D('',#4523,#3593,#3594);
#2899=AXIS2_PLACEMENT_3D('',#4525,#3595,#3596);
#2900=AXIS2_PLACEMENT_3D('',#4527,#3598,#3599);
#2901=AXIS2_PLACEMENT_3D('',#4531,#3602,#3603);
#2902=AXIS2_PLACEMENT_3D('',#4533,#3604,#3605);
#2903=AXIS2_PLACEMENT_3D('',#4535,#3607,#3608);
#2904=AXIS2_PLACEMENT_3D('',#4539,#3611,#3612);
#2905=AXIS2_PLACEMENT_3D('',#4541,#3613,#3614);
#2906=AXIS2_PLACEMENT_3D('',#4543,#3616,#3617);
#2907=AXIS2_PLACEMENT_3D('',#4547,#3620,#3621);
#2908=AXIS2_PLACEMENT_3D('',#4551,#3624,#3625);
#2909=AXIS2_PLACEMENT_3D('',#4566,#3626,#3627);
#2910=AXIS2_PLACEMENT_3D('',#4567,#3628,#3629);
#2911=AXIS2_PLACEMENT_3D('',#4569,#3631,#3632);
#2912=AXIS2_PLACEMENT_3D('',#4570,#3633,#3634);
#2913=AXIS2_PLACEMENT_3D('',#4581,#3636,#3637);
#2914=AXIS2_PLACEMENT_3D('',#4600,#3638,#3639);
#2915=AXIS2_PLACEMENT_3D('',#4601,#3640,#3641);
#2916=AXIS2_PLACEMENT_3D('',#4603,#3643,#3644);
#2917=AXIS2_PLACEMENT_3D('',#4604,#3645,#3646);
#2918=AXIS2_PLACEMENT_3D('',#4605,#3647,#3648);
#2919=AXIS2_PLACEMENT_3D('',#4608,#3651,#3652);
#2920=AXIS2_PLACEMENT_3D('',#4609,#3653,#3654);
#2921=AXIS2_PLACEMENT_3D('',#4611,#3656,#3657);
#2922=AXIS2_PLACEMENT_3D('',#4613,#3659,#3660);
#2923=AXIS2_PLACEMENT_3D('',#4615,#3662,#3663);
#2924=AXIS2_PLACEMENT_3D('',#4617,#3665,#3666);
#2925=DIRECTION('axis',(0.,0.,1.));
#2926=DIRECTION('refdir',(1.,0.,0.));
#2927=DIRECTION('center_axis',(0.,-1.,0.));
#2928=DIRECTION('ref_axis',(0.,0.,-1.));
#2929=DIRECTION('center_axis',(-1.,0.,0.));
#2930=DIRECTION('ref_axis',(0.,1.,0.));
#2931=DIRECTION('center_axis',(0.,1.,0.));
#2932=DIRECTION('ref_axis',(-0.707106781186548,0.,-0.707106781186547));
#2933=DIRECTION('center_axis',(0.,0.,1.));
#2934=DIRECTION('ref_axis',(-1.,0.,0.));
#2935=DIRECTION('center_axis',(0.,-1.,0.));
#2936=DIRECTION('ref_axis',(-0.707106781186548,0.,-0.707106781186547));
#2937=DIRECTION('center_axis',(1.,0.,0.));
#2938=DIRECTION('ref_axis',(0.,0.707106781186548,-0.707106781186548));
#2939=DIRECTION('center_axis',(-1.,0.,0.));
#2940=DIRECTION('ref_axis',(0.,1.,0.));
#2941=DIRECTION('',(-1.,0.,0.));
#2942=DIRECTION('',(1.,0.,0.));
#2943=DIRECTION('center_axis',(-0.379841149292073,0.,-0.925051728988426));
#2944=DIRECTION('ref_axis',(0.,1.,0.));
#2945=DIRECTION('center_axis',(0.,1.,0.));
#2946=DIRECTION('ref_axis',(0.556847757788395,0.,-0.830614576470963));
#2947=DIRECTION('center_axis',(0.,-1.,0.));
#2948=DIRECTION('ref_axis',(0.556847757788395,0.,-0.830614576470963));
#2949=DIRECTION('center_axis',(0.707106781186547,0.,0.707106781186548));
#2950=DIRECTION('ref_axis',(0.707106781186548,0.,-0.707106781186547));
#2951=DIRECTION('center_axis',(0.,1.,0.));
#2952=DIRECTION('ref_axis',(0.925051728988427,0.,-0.379841149292073));
#2953=DIRECTION('center_axis',(0.,1.,0.));
#2954=DIRECTION('ref_axis',(-0.707106781186547,0.,0.707106781186547));
#2955=DIRECTION('',(0.,-1.,0.));
#2956=DIRECTION('',(0.,-1.,0.));
#2957=DIRECTION('center_axis',(-0.707106781186548,0.707106781186548,0.));
#2958=DIRECTION('ref_axis',(-0.707106781186547,-0.707106781186547,0.));
#2959=DIRECTION('',(0.,1.,0.));
#2960=DIRECTION('center_axis',(-0.707106781186548,-0.707106781186548,0.));
#2961=DIRECTION('ref_axis',(0.707106781186547,-0.707106781186547,0.));
#2962=DIRECTION('',(0.,-1.,0.));
#2963=DIRECTION('center_axis',(0.,-1.,0.));
#2964=DIRECTION('ref_axis',(-0.707106781186548,0.,-0.707106781186547));
#2965=DIRECTION('center_axis',(0.,0.,-1.));
#2966=DIRECTION('ref_axis',(-1.,0.,0.));
#2967=DIRECTION('',(0.,1.,0.));
#2968=DIRECTION('',(1.,0.,0.));
#2969=DIRECTION('center_axis',(0.,1.,0.));
#2970=DIRECTION('ref_axis',(0.707106781186547,0.,-0.707106781186547));
#2971=DIRECTION('',(0.,-1.,0.));
#2972=DIRECTION('center_axis',(0.,1.,0.));
#2973=DIRECTION('ref_axis',(1.,0.,0.));
#2974=DIRECTION('center_axis',(-0.707106781186547,0.,-0.707106781186548));
#2975=DIRECTION('ref_axis',(0.,-1.,0.));
#2976=DIRECTION('',(0.,1.,0.));
#2977=DIRECTION('',(5.86167851241943E-17,-1.,-6.69906115705077E-17));
#2978=DIRECTION('center_axis',(-0.707106781186547,7.40148683083438E-18,
-0.707106781186548));
#2979=DIRECTION('ref_axis',(0.707106781186548,0.,-0.707106781186547));
#2980=DIRECTION('',(-0.707106781186548,-8.88178419700125E-17,0.707106781186547));
#2981=DIRECTION('center_axis',(-0.707106781186547,-2.44249065417534E-16,
-0.707106781186548));
#2982=DIRECTION('ref_axis',(-1.0833637964918E-15,-1.,1.42878413740223E-15));
#2983=DIRECTION('',(-1.60149430785745E-16,1.,9.10653626036589E-17));
#2984=DIRECTION('center_axis',(-0.707106781186547,-8.14163551391782E-17,
-0.707106781186548));
#2985=DIRECTION('ref_axis',(-0.707106781186548,8.88178419700124E-16,0.707106781186547));
#2986=DIRECTION('',(0.707106781186548,0.,-0.707106781186547));
#2987=DIRECTION('center_axis',(-0.707106781186547,7.40148683083433E-18,
-0.707106781186548));
#2988=DIRECTION('ref_axis',(-4.65794096076187E-16,1.,4.76261379134079E-16));
#2989=DIRECTION('',(5.86167851241943E-17,-1.,-6.69906115705077E-17));
#2990=DIRECTION('',(0.,1.,0.));
#2991=DIRECTION('center_axis',(0.707106781186547,0.,0.707106781186548));
#2992=DIRECTION('ref_axis',(0.707106781186548,0.,-0.707106781186547));
#2993=DIRECTION('',(0.,-1.,0.));
#2994=DIRECTION('center_axis',(-0.707106781186547,0.,-0.707106781186548));
#2995=DIRECTION('ref_axis',(-0.707106781186548,0.,0.707106781186547));
#2996=DIRECTION('center_axis',(-0.707106781186547,0.,-0.707106781186548));
#2997=DIRECTION('ref_axis',(-0.707106781186548,-7.40148683083439E-16,0.707106781186547));
#2998=DIRECTION('',(0.707106781186548,2.50782551510028E-15,-0.707106781186547));
#2999=DIRECTION('',(-4.41719345043036E-17,1.,5.00336130167229E-17));
#3000=DIRECTION('center_axis',(0.707106781186547,-9.25185853854284E-18,
0.707106781186548));
#3001=DIRECTION('ref_axis',(-5.82242620095234E-16,1.,5.95326723917599E-16));
#3002=DIRECTION('',(-0.707106781186548,1.77635683940025E-16,0.707106781186547));
#3003=DIRECTION('center_axis',(0.707106781186547,3.69778549322346E-31,0.707106781186548));
#3004=DIRECTION('ref_axis',(-0.707106781186548,1.11022302462515E-15,0.707106781186547));
#3005=DIRECTION('',(1.60149430785745E-16,-1.,-9.10653626036589E-17));
#3006=DIRECTION('center_axis',(0.707106781186547,2.44249065417534E-16,0.707106781186548));
#3007=DIRECTION('ref_axis',(-1.39738228822856E-15,-1.,1.74280262913899E-15));
#3008=DIRECTION('',(0.707106781186548,8.88178419700125E-17,-0.707106781186547));
#3009=DIRECTION('center_axis',(0.707106781186547,0.,0.707106781186548));
#3010=DIRECTION('ref_axis',(0.707106781186548,0.,-0.707106781186547));
#3011=DIRECTION('',(-4.41719345043036E-17,1.,5.00336130167229E-17));
#3012=DIRECTION('',(-0.707106781186548,0.,0.707106781186547));
#3013=DIRECTION('center_axis',(-0.707106781186547,-9.24074496478562E-16,
-0.707106781186548));
#3014=DIRECTION('ref_axis',(1.30055189886944E-16,-1.,1.17678349567613E-15));
#3015=DIRECTION('center_axis',(-0.707106781186547,0.,-0.707106781186548));
#3016=DIRECTION('ref_axis',(-0.707106781186548,0.,0.707106781186547));
#3017=DIRECTION('center_axis',(0.,-1.,0.));
#3018=DIRECTION('ref_axis',(1.,0.,1.09906472107864E-15));
#3019=DIRECTION('center_axis',(0.,-1.,0.));
#3020=DIRECTION('ref_axis',(1.,0.,1.09906472107864E-15));
#3021=DIRECTION('',(0.,-1.,0.));
#3022=DIRECTION('center_axis',(1.14236252389042E-15,-1.,1.14236252389042E-15));
#3023=DIRECTION('ref_axis',(0.707106781186548,0.,-0.707106781186547));
#3024=DIRECTION('center_axis',(-0.379841149292073,0.,-0.925051728988426));
#3025=DIRECTION('ref_axis',(0.925051728988426,0.,-0.379841149292073));
#3026=DIRECTION('center_axis',(0.,1.,0.));
#3027=DIRECTION('ref_axis',(0.556847757788395,0.,-0.830614576470963));
#3028=DIRECTION('center_axis',(1.,0.,0.));
#3029=DIRECTION('ref_axis',(0.,-1.,0.));
#3030=DIRECTION('center_axis',(0.,-1.,0.));
#3031=DIRECTION('ref_axis',(0.556847757788395,0.,-0.830614576470963));
#3032=DIRECTION('center_axis',(-1.,0.,0.));
#3033=DIRECTION('ref_axis',(0.,-0.707106781186548,-0.707106781186547));
#3034=DIRECTION('center_axis',(1.,0.,0.));
#3035=DIRECTION('ref_axis',(0.,-1.,0.));
#3036=DIRECTION('',(1.,0.,0.));
#3037=DIRECTION('',(-1.,0.,0.));
#3038=DIRECTION('center_axis',(0.,1.,0.));
#3039=DIRECTION('ref_axis',(0.,0.,1.));
#3040=DIRECTION('center_axis',(0.,0.,1.));
#3041=DIRECTION('ref_axis',(-1.,0.,0.));
#3042=DIRECTION('center_axis',(0.,1.,0.));
#3043=DIRECTION('ref_axis',(-0.707106781186548,0.,-0.707106781186547));
#3044=DIRECTION('center_axis',(0.,-1.,0.));
#3045=DIRECTION('ref_axis',(0.925051728988426,0.,-0.379841149292073));
#3046=DIRECTION('center_axis',(0.,1.,0.));
#3047=DIRECTION('ref_axis',(-1.,0.,0.));
#3048=DIRECTION('center_axis',(0.,1.,0.));
#3049=DIRECTION('ref_axis',(1.,0.,1.09906472107864E-15));
#3050=DIRECTION('',(0.707106781186548,0.,-0.707106781186548));
#3051=DIRECTION('center_axis',(0.,1.,0.));
#3052=DIRECTION('ref_axis',(0.923879532511287,0.,-0.38268343236509));
#3053=DIRECTION('',(-1.,0.,0.));
#3054=DIRECTION('center_axis',(0.,-1.,0.));
#3055=DIRECTION('ref_axis',(1.,0.,1.09906472107864E-15));
#3056=DIRECTION('center_axis',(1.25607396694702E-15,1.,1.25607396694702E-15));
#3057=DIRECTION('ref_axis',(0.707106781186548,-1.77635683940025E-15,0.707106781186547));
#3058=DIRECTION('',(0.,-1.,0.));
#3059=DIRECTION('center_axis',(-0.707106781186548,0.,0.707106781186547));
#3060=DIRECTION('ref_axis',(0.707106781186547,0.,0.707106781186548));
#3061=DIRECTION('center_axis',(0.373000316723391,-0.849553722520536,0.373000316723392));
#3062=DIRECTION('ref_axis',(0.707106781186548,-1.11022302462515E-16,-0.707106781186547));
#3063=DIRECTION('center_axis',(-0.707106781186548,0.,0.707106781186547));
#3064=DIRECTION('ref_axis',(-0.500000000000001,-0.707106781186547,-0.500000000000001));
#3065=DIRECTION('center_axis',(-0.707106781186547,2.51214793389404E-15,
-0.707106781186548));
#3066=DIRECTION('ref_axis',(1.77635683940025E-15,1.,1.77635683940025E-15));
#3067=DIRECTION('center_axis',(0.707106781186548,0.,-0.707106781186547));
#3068=DIRECTION('ref_axis',(-0.500000000000001,-0.707106781186547,-0.500000000000001));
#3069=DIRECTION('center_axis',(0.707106781186547,9.25185853854298E-16,0.707106781186548));
#3070=DIRECTION('ref_axis',(0.499999999999999,0.707106781186549,-0.5));
#3071=DIRECTION('center_axis',(-0.707106781186548,-3.14018491736754E-16,
-0.707106781186548));
#3072=DIRECTION('ref_axis',(0.,1.,-4.44089209850061E-16));
#3073=DIRECTION('',(-0.707106781186547,-9.25185853854298E-16,-0.707106781186548));
#3074=DIRECTION('',(0.707106781186547,9.25185853854298E-16,0.707106781186548));
#3075=DIRECTION('center_axis',(-0.707106781186548,0.,0.707106781186547));
#3076=DIRECTION('ref_axis',(0.707106781186547,0.,0.707106781186548));
#3077=DIRECTION('center_axis',(-1.12723017717657E-15,-1.,-1.12723017717657E-15));
#3078=DIRECTION('ref_axis',(-0.707106781186548,1.59414420447933E-15,-0.707106781186547));
#3079=DIRECTION('center_axis',(0.707106781186548,0.,-0.707106781186547));
#3080=DIRECTION('ref_axis',(0.5,-0.707106781186548,0.5));
#3081=DIRECTION('center_axis',(-0.707106781186548,0.,0.707106781186547));
#3082=DIRECTION('ref_axis',(0.499999999999999,-0.707106781186548,0.5));
#3083=DIRECTION('center_axis',(0.,1.,0.));
#3084=DIRECTION('ref_axis',(0.,0.,-1.));
#3085=DIRECTION('center_axis',(-3.14018491736755E-16,-1.,-3.14018491736755E-16));
#3086=DIRECTION('ref_axis',(-0.707106781186548,4.44089209850062E-16,-0.707106781186548));
#3087=DIRECTION('',(0.,-1.,0.));
#3088=DIRECTION('',(0.,1.,0.));
#3089=DIRECTION('center_axis',(-0.707106781186548,0.,0.707106781186547));
#3090=DIRECTION('ref_axis',(0.707106781186547,0.,0.707106781186548));
#3091=DIRECTION('center_axis',(0.707106781186548,0.,0.707106781186548));
#3092=DIRECTION('ref_axis',(0.,-1.,0.));
#3093=DIRECTION('center_axis',(0.707106781186548,0.,-0.707106781186547));
#3094=DIRECTION('ref_axis',(0.5,0.707106781186548,0.5));
#3095=DIRECTION('center_axis',(-0.707106781186548,0.,0.707106781186547));
#3096=DIRECTION('ref_axis',(0.5,0.707106781186548,0.5));
#3097=DIRECTION('center_axis',(-0.707106781186547,-7.40148683083438E-16,
-0.707106781186548));
#3098=DIRECTION('ref_axis',(0.499999999999999,-0.707106781186548,-0.5));
#3099=DIRECTION('center_axis',(0.707106781186548,7.85046229341888E-16,0.707106781186548));
#3100=DIRECTION('ref_axis',(0.,-1.,1.11022302462516E-15));
#3101=DIRECTION('',(0.707106781186547,7.40148683083438E-16,0.707106781186548));
#3102=DIRECTION('',(-0.707106781186547,-7.40148683083438E-16,-0.707106781186548));
#3103=DIRECTION('center_axis',(-0.707106781186548,0.,0.707106781186547));
#3104=DIRECTION('ref_axis',(0.707106781186548,0.,0.707106781186548));
#3105=DIRECTION('center_axis',(0.373000316723392,0.849553722520535,0.373000316723392));
#3106=DIRECTION('ref_axis',(0.600725198176546,-0.527502106679681,0.600725198176544));
#3107=DIRECTION('center_axis',(0.707106781186548,0.,-0.707106781186547));
#3108=DIRECTION('ref_axis',(-0.5,0.707106781186547,-0.5));
#3109=DIRECTION('center_axis',(-0.707106781186548,0.,0.707106781186547));
#3110=DIRECTION('ref_axis',(-0.5,0.707106781186547,-0.5));
#3111=DIRECTION('center_axis',(-0.707106781186548,0.,0.707106781186547));
#3112=DIRECTION('ref_axis',(0.707106781186547,0.,0.707106781186548));
#3113=DIRECTION('center_axis',(-0.707106781186548,0.,0.707106781186547));
#3114=DIRECTION('ref_axis',(-0.707106781186547,-1.61554457443259E-15,-0.707106781186548));
#3115=DIRECTION('center_axis',(-0.707106781186548,0.,0.707106781186547));
#3116=DIRECTION('ref_axis',(0.707106781186548,0.,0.707106781186548));
#3117=DIRECTION('center_axis',(-0.707106781186548,0.,0.707106781186547));
#3118=DIRECTION('ref_axis',(-0.707106781186548,1.66533453693773E-15,-0.707106781186547));
#3119=DIRECTION('center_axis',(0.707106781186548,0.,-0.707106781186547));
#3120=DIRECTION('ref_axis',(0.,-1.,0.));
#3121=DIRECTION('',(-0.707106781186547,0.,-0.707106781186548));
#3122=DIRECTION('',(0.,-1.,0.));
#3123=DIRECTION('',(-0.707106781186547,0.,-0.707106781186548));
#3124=DIRECTION('center_axis',(0.,1.,0.));
#3125=DIRECTION('ref_axis',(0.923879532511287,0.,-0.38268343236509));
#3126=DIRECTION('center_axis',(0.,-1.,0.));
#3127=DIRECTION('ref_axis',(0.923879532511287,0.,-0.38268343236509));
#3128=DIRECTION('',(0.,1.,0.));
#3129=DIRECTION('',(0.,-1.,0.));
#3130=DIRECTION('center_axis',(0.,0.,-1.));
#3131=DIRECTION('ref_axis',(1.,0.,0.));
#3132=DIRECTION('',(1.,0.,0.));
#3133=DIRECTION('center_axis',(0.,-1.,0.));
#3134=DIRECTION('ref_axis',(1.,0.,0.));
#3135=DIRECTION('',(-0.707106781186548,0.,0.707106781186548));
#3136=DIRECTION('center_axis',(-0.707106781186548,0.,-0.707106781186548));
#3137=DIRECTION('ref_axis',(0.,-1.,0.));
#3138=DIRECTION('',(-0.707106781186547,0.,0.707106781186547));
#3139=DIRECTION('',(0.,1.,0.));
#3140=DIRECTION('',(-0.707106781186547,0.,0.707106781186547));
#3141=DIRECTION('center_axis',(0.,0.,-1.));
#3142=DIRECTION('ref_axis',(-1.,0.,0.));
#3143=DIRECTION('',(-1.,0.,0.));
#3144=DIRECTION('',(0.,1.,0.));
#3145=DIRECTION('center_axis',(0.,1.,0.));
#3146=DIRECTION('ref_axis',(0.707106781186547,0.,-0.707106781186547));
#3147=DIRECTION('center_axis',(0.,1.,0.));
#3148=DIRECTION('ref_axis',(1.,0.,0.));
#3149=DIRECTION('center_axis',(-0.707106781186548,0.,0.707106781186548));
#3150=DIRECTION('ref_axis',(0.,1.,0.));
#3151=DIRECTION('',(-0.707106781186547,0.,0.707106781186547));
#3152=DIRECTION('center_axis',(0.707106781186548,0.,-0.707106781186547));
#3153=DIRECTION('ref_axis',(0.,1.,0.));
#3154=DIRECTION('',(-0.707106781186547,0.,0.707106781186547));
#3155=DIRECTION('center_axis',(0.707106781186548,0.,0.707106781186548));
#3156=DIRECTION('ref_axis',(0.,1.,0.));
#3157=DIRECTION('',(-0.707106781186547,0.,0.707106781186547));
#3158=DIRECTION('',(0.,-1.,0.));
#3159=DIRECTION('center_axis',(-0.707106781186548,0.,0.707106781186548));
#3160=DIRECTION('ref_axis',(0.707106781186548,-1.61554457443259E-15,0.707106781186548));
#3161=DIRECTION('',(-0.707106781186547,0.,0.707106781186547));
#3162=DIRECTION('center_axis',(0.707106781186548,0.,-0.707106781186547));
#3163=DIRECTION('ref_axis',(0.707106781186548,-1.61554457443259E-15,0.707106781186548));
#3164=DIRECTION('center_axis',(6.5420519111824E-16,-1.,6.5420519111824E-16));
#3165=DIRECTION('ref_axis',(0.707106781186548,9.25185853854298E-16,0.707106781186548));
#3166=DIRECTION('',(-0.707106781186547,0.,0.707106781186547));
#3167=DIRECTION('',(-1.,-6.5420519111824E-16,0.));
#3168=DIRECTION('',(-0.707106781186547,-9.25185853854298E-16,-0.707106781186548));
#3169=DIRECTION('center_axis',(-0.707106781186548,0.,0.707106781186548));
#3170=DIRECTION('ref_axis',(-1.57009245868377E-15,-1.,-1.57009245868377E-15));
#3171=DIRECTION('center_axis',(0.,0.,-1.));
#3172=DIRECTION('ref_axis',(1.,-1.57009245868377E-15,0.));
#3173=DIRECTION('center_axis',(-0.707106781186548,0.,0.707106781186548));
#3174=DIRECTION('ref_axis',(-0.707106781186548,1.66533453693773E-15,-0.707106781186548));
#3175=DIRECTION('',(-0.707106781186547,0.,0.707106781186547));
#3176=DIRECTION('center_axis',(0.,0.,-1.));
#3177=DIRECTION('ref_axis',(-1.,1.17756934401283E-15,0.));
#3178=DIRECTION('center_axis',(-5.23364152894592E-16,1.,-5.23364152894592E-16));
#3179=DIRECTION('ref_axis',(-0.707106781186548,-7.40148683083438E-16,-0.707106781186548));
#3180=DIRECTION('',(0.707106781186547,7.40148683083438E-16,0.707106781186548));
#3181=DIRECTION('',(1.,5.23364152894592E-16,0.));
#3182=DIRECTION('center_axis',(-0.707106781186548,0.,0.707106781186547));
#3183=DIRECTION('ref_axis',(0.,1.,0.));
#3184=DIRECTION('',(0.,-1.,0.));
#3185=DIRECTION('center_axis',(0.707106781186548,0.,-0.707106781186547));
#3186=DIRECTION('ref_axis',(0.707106781186547,0.,0.707106781186548));
#3187=DIRECTION('',(-0.707106781186548,0.,-0.707106781186547));
#3188=DIRECTION('',(0.,1.,0.));
#3189=DIRECTION('',(-0.707106781186547,0.,-0.707106781186548));
#3190=DIRECTION('',(0.,-1.,0.));
#3191=DIRECTION('',(-0.707106781186547,0.,-0.707106781186548));
#3192=DIRECTION('',(0.,1.,0.));
#3193=DIRECTION('',(-0.707106781186548,0.,-0.707106781186547));
#3194=DIRECTION('center_axis',(0.707106781186548,0.,-0.707106781186547));
#3195=DIRECTION('ref_axis',(0.707106781186547,0.,0.707106781186548));
#3196=DIRECTION('',(0.,-1.,0.));
#3197=DIRECTION('center_axis',(0.707106781186548,0.,0.707106781186547));
#3198=DIRECTION('ref_axis',(0.,-1.,0.));
#3199=DIRECTION('center_axis',(0.707106781186547,0.,0.707106781186548));
#3200=DIRECTION('ref_axis',(0.,-1.,0.));
#3201=DIRECTION('',(0.707106781186548,0.,0.707106781186547));
#3202=DIRECTION('center_axis',(0.707106781186547,0.,0.707106781186548));
#3203=DIRECTION('ref_axis',(0.,-1.,0.));
#3204=DIRECTION('center_axis',(-0.707106781186547,0.,-0.707106781186548));
#3205=DIRECTION('ref_axis',(0.,-1.,0.));
#3206=DIRECTION('center_axis',(0.707106781186548,0.,0.707106781186547));
#3207=DIRECTION('ref_axis',(0.,-1.,0.));
#3208=DIRECTION('center_axis',(0.707106781186547,0.,0.707106781186548));
#3209=DIRECTION('ref_axis',(0.,-1.,0.));
#3210=DIRECTION('',(0.707106781186548,0.,0.707106781186547));
#3211=DIRECTION('center_axis',(0.707106781186547,0.,0.707106781186548));
#3212=DIRECTION('ref_axis',(0.,-1.,0.));
#3213=DIRECTION('center_axis',(-0.707106781186547,0.,-0.707106781186548));
#3214=DIRECTION('ref_axis',(0.,-1.,0.));
#3215=DIRECTION('center_axis',(0.707106781186547,0.,0.707106781186548));
#3216=DIRECTION('ref_axis',(0.,-1.,0.));
#3217=DIRECTION('center_axis',(0.707106781186547,0.,0.707106781186548));
#3218=DIRECTION('ref_axis',(0.,-1.,0.));
#3219=DIRECTION('',(0.707106781186547,0.,0.707106781186548));
#3220=DIRECTION('center_axis',(-0.707106781186547,0.,-0.707106781186548));
#3221=DIRECTION('ref_axis',(0.,-1.,0.));
#3222=DIRECTION('',(-0.707106781186547,0.,-0.707106781186548));
#3223=DIRECTION('center_axis',(0.707106781186548,0.,-0.707106781186547));
#3224=DIRECTION('ref_axis',(0.,-1.,0.));
#3225=DIRECTION('',(0.,-1.,0.));
#3226=DIRECTION('',(0.707106781186547,0.,0.707106781186548));
#3227=DIRECTION('',(0.,1.,0.));
#3228=DIRECTION('center_axis',(0.707106781186547,0.,0.707106781186548));
#3229=DIRECTION('ref_axis',(0.,-1.,0.));
#3230=DIRECTION('center_axis',(0.707106781186547,0.,0.707106781186548));
#3231=DIRECTION('ref_axis',(0.,-1.,0.));
#3232=DIRECTION('center_axis',(-0.707106781186547,0.,-0.707106781186548));
#3233=DIRECTION('ref_axis',(0.,-1.,0.));
#3234=DIRECTION('',(-0.707106781186547,0.,-0.707106781186548));
#3235=DIRECTION('center_axis',(0.,-1.,0.));
#3236=DIRECTION('ref_axis',(-0.707106781186548,0.,0.707106781186547));
#3237=DIRECTION('',(-0.707106781186548,0.,0.707106781186547));
#3238=DIRECTION('',(0.707106781186548,0.,-0.707106781186547));
#3239=DIRECTION('center_axis',(0.707106781186547,0.,0.707106781186548));
#3240=DIRECTION('ref_axis',(0.,1.,0.));
#3241=DIRECTION('',(-0.707106781186548,0.,0.707106781186547));
#3242=DIRECTION('',(0.,-1.,0.));
#3243=DIRECTION('',(0.707106781186548,0.,-0.707106781186547));
#3244=DIRECTION('',(0.,1.,0.));
#3245=DIRECTION('',(-0.707106781186548,0.,0.707106781186547));
#3246=DIRECTION('',(0.,-1.,0.));
#3247=DIRECTION('',(0.707106781186548,0.,-0.707106781186547));
#3248=DIRECTION('',(0.,1.,0.));
#3249=DIRECTION('',(-0.707106781186548,0.,0.707106781186547));
#3250=DIRECTION('',(0.,-1.,0.));
#3251=DIRECTION('',(0.707106781186548,0.,-0.707106781186547));
#3252=DIRECTION('',(0.,1.,0.));
#3253=DIRECTION('',(-0.707106781186548,0.,0.707106781186547));
#3254=DIRECTION('',(0.,-1.,0.));
#3255=DIRECTION('',(0.707106781186548,0.,-0.707106781186547));
#3256=DIRECTION('',(0.,1.,0.));
#3257=DIRECTION('',(-0.707106781186548,0.,0.707106781186547));
#3258=DIRECTION('',(0.,-1.,0.));
#3259=DIRECTION('',(0.707106781186548,0.,-0.707106781186547));
#3260=DIRECTION('',(0.,1.,0.));
#3261=DIRECTION('',(-0.707106781186548,0.,0.707106781186547));
#3262=DIRECTION('',(0.,-1.,0.));
#3263=DIRECTION('',(0.707106781186548,0.,-0.707106781186547));
#3264=DIRECTION('',(0.,1.,0.));
#3265=DIRECTION('',(-0.707106781186548,0.,0.707106781186547));
#3266=DIRECTION('',(0.,-1.,0.));
#3267=DIRECTION('',(0.707106781186548,0.,-0.707106781186547));
#3268=DIRECTION('',(0.,1.,0.));
#3269=DIRECTION('',(-0.707106781186548,0.,0.707106781186547));
#3270=DIRECTION('center_axis',(-0.707106781186547,0.,-0.707106781186548));
#3271=DIRECTION('ref_axis',(0.,1.,0.));
#3272=DIRECTION('',(0.,-1.,0.));
#3273=DIRECTION('',(0.707106781186548,0.,-0.707106781186547));
#3274=DIRECTION('',(0.,1.,0.));
#3275=DIRECTION('',(-0.707106781186548,0.,0.707106781186547));
#3276=DIRECTION('',(0.,-1.,0.));
#3277=DIRECTION('',(0.707106781186548,0.,-0.707106781186547));
#3278=DIRECTION('',(0.,1.,0.));
#3279=DIRECTION('',(-0.707106781186548,0.,0.707106781186547));
#3280=DIRECTION('',(0.,-1.,0.));
#3281=DIRECTION('',(0.707106781186548,0.,-0.707106781186547));
#3282=DIRECTION('',(0.,1.,0.));
#3283=DIRECTION('',(-0.707106781186548,0.,0.707106781186547));
#3284=DIRECTION('center_axis',(-0.707106781186547,0.,-0.707106781186548));
#3285=DIRECTION('ref_axis',(0.,1.,0.));
#3286=DIRECTION('',(0.,-1.,0.));
#3287=DIRECTION('',(0.707106781186548,0.,-0.707106781186547));
#3288=DIRECTION('',(0.,1.,0.));
#3289=DIRECTION('',(-0.707106781186548,0.,0.707106781186547));
#3290=DIRECTION('',(0.,-1.,0.));
#3291=DIRECTION('',(0.707106781186548,0.,-0.707106781186547));
#3292=DIRECTION('',(0.,1.,0.));
#3293=DIRECTION('',(-0.707106781186548,0.,0.707106781186547));
#3294=DIRECTION('center_axis',(-0.707106781186547,0.,-0.707106781186548));
#3295=DIRECTION('ref_axis',(0.,1.,0.));
#3296=DIRECTION('center_axis',(-0.707106781186547,0.,-0.707106781186548));
#3297=DIRECTION('ref_axis',(0.,1.,0.));
#3298=DIRECTION('center_axis',(0.,1.,0.));
#3299=DIRECTION('ref_axis',(-0.258819045102525,0.,0.965925826289067));
#3300=DIRECTION('center_axis',(-4.85788297327162E-16,-1.,6.76615813206227E-15));
#3301=DIRECTION('ref_axis',(0.707106781186548,4.44089209850063E-15,0.707106781186548));
#3302=DIRECTION('',(0.,1.,0.));
#3303=DIRECTION('center_axis',(0.,1.,0.));
#3304=DIRECTION('ref_axis',(-0.258819045102525,0.,0.965925826289067));
#3305=DIRECTION('',(0.,1.,0.));
#3306=DIRECTION('center_axis',(0.707106781186547,0.,0.707106781186548));
#3307=DIRECTION('ref_axis',(0.707106781186548,4.04640995843881E-15,-0.707106781186547));
#3308=DIRECTION('center_axis',(-0.707106781186548,-9.01388759242299E-16,
0.707106781186548));
#3309=DIRECTION('ref_axis',(0.707106781186548,2.22044604925032E-15,0.707106781186548));
#3310=DIRECTION('center_axis',(0.707106781186547,0.,0.707106781186548));
#3311=DIRECTION('ref_axis',(-1.25607396694702E-15,1.,1.25607396694702E-15));
#3312=DIRECTION('center_axis',(-0.707106781186547,0.,-0.707106781186548));
#3313=DIRECTION('ref_axis',(0.707106781186548,4.07676971427782E-15,-0.707106781186547));
#3314=DIRECTION('center_axis',(0.707106781186547,0.,0.707106781186548));
#3315=DIRECTION('ref_axis',(0.707106781186548,1.34880331947961E-15,-0.707106781186547));
#3316=DIRECTION('center_axis',(-0.707106781186548,0.,0.707106781186548));
#3317=DIRECTION('ref_axis',(0.353553390593273,-0.866025403784439,0.353553390593273));
#3318=DIRECTION('center_axis',(-0.707106781186547,0.,-0.707106781186548));
#3319=DIRECTION('ref_axis',(0.707106781186548,1.35892323809261E-15,-0.707106781186547));
#3320=DIRECTION('center_axis',(0.707106781186547,0.,0.707106781186548));
#3321=DIRECTION('ref_axis',(-0.707106781186548,-8.88178419700125E-16,0.707106781186547));
#3322=DIRECTION('center_axis',(0.707106781186548,-8.88178419700125E-17,
-0.707106781186547));
#3323=DIRECTION('ref_axis',(0.353553390593274,0.866025403784439,0.353553390593273));
#3324=DIRECTION('center_axis',(-0.70710678118654,7.66180445355952E-15,0.707106781186555));
#3325=DIRECTION('ref_axis',(0.707106781186555,0.,0.70710678118654));
#3326=DIRECTION('',(0.707106781186548,-8.88178419700125E-17,-0.707106781186547));
#3327=DIRECTION('',(0.707106781186548,-8.88178419700125E-17,-0.707106781186547));
#3328=DIRECTION('center_axis',(-0.707106781186548,-8.88178419700125E-17,
0.707106781186547));
#3329=DIRECTION('ref_axis',(0.353553390593272,-0.86602540378444,0.353553390593272));
#3330=DIRECTION('center_axis',(-0.707106781186548,2.00308613164954E-16,
0.707106781186547));
#3331=DIRECTION('ref_axis',(0.353553390593272,-0.86602540378444,0.353553390593272));
#3332=DIRECTION('',(-0.707106781186548,-8.88178419700125E-17,0.707106781186547));
#3333=DIRECTION('',(-0.707106781186548,-8.88178419700125E-17,0.707106781186547));
#3334=DIRECTION('center_axis',(0.707106781186547,0.,0.707106781186548));
#3335=DIRECTION('ref_axis',(5.39521327791842E-15,-1.,-5.05801244804852E-15));
#3336=DIRECTION('center_axis',(0.,1.,0.));
#3337=DIRECTION('ref_axis',(0.707106781186548,0.,0.707106781186548));
#3338=DIRECTION('center_axis',(0.707106781186547,0.,0.707106781186548));
#3339=DIRECTION('ref_axis',(0.707106781186548,0.,-0.707106781186547));
#3340=DIRECTION('center_axis',(-0.707106781186547,0.,-0.707106781186548));
#3341=DIRECTION('ref_axis',(4.75623133332413E-15,-1.,-4.75623133332413E-15));
#3342=DIRECTION('center_axis',(0.707106781186547,0.,0.707106781186548));
#3343=DIRECTION('ref_axis',(6.74401659739803E-16,1.,-6.74401659739803E-16));
#3344=DIRECTION('center_axis',(0.,-1.,0.));
#3345=DIRECTION('ref_axis',(0.965925826289068,0.,-0.258819045102523));
#3346=DIRECTION('center_axis',(-0.707106781186547,0.,-0.707106781186548));
#3347=DIRECTION('ref_axis',(6.79461619046306E-16,1.,-6.79461619046306E-16));
#3348=DIRECTION('center_axis',(0.707106781186547,0.,0.707106781186548));
#3349=DIRECTION('ref_axis',(-3.14018491736755E-16,-1.,3.14018491736755E-16));
#3350=DIRECTION('center_axis',(0.,-1.,0.));
#3351=DIRECTION('ref_axis',(0.965925826289068,0.,-0.258819045102522));
#3352=DIRECTION('',(0.,-1.,0.));
#3353=DIRECTION('center_axis',(0.707106781186547,0.,0.707106781186548));
#3354=DIRECTION('ref_axis',(0.,1.,0.));
#3355=DIRECTION('',(0.,-1.,0.));
#3356=DIRECTION('',(-0.707106781186548,0.,0.707106781186547));
#3357=DIRECTION('',(0.,1.,0.));
#3358=DIRECTION('',(0.707106781186548,0.,-0.707106781186547));
#3359=DIRECTION('',(0.,-1.,0.));
#3360=DIRECTION('',(-0.707106781186548,0.,0.707106781186547));
#3361=DIRECTION('',(0.,1.,0.));
#3362=DIRECTION('',(0.707106781186548,0.,-0.707106781186547));
#3363=DIRECTION('',(0.,-1.,0.));
#3364=DIRECTION('',(-0.707106781186548,0.,0.707106781186547));
#3365=DIRECTION('',(0.,1.,0.));
#3366=DIRECTION('',(0.707106781186548,0.,-0.707106781186547));
#3367=DIRECTION('',(0.,-1.,0.));
#3368=DIRECTION('',(-0.707106781186548,0.,0.707106781186547));
#3369=DIRECTION('',(0.,1.,0.));
#3370=DIRECTION('',(0.707106781186548,0.,-0.707106781186547));
#3371=DIRECTION('',(0.,-1.,0.));
#3372=DIRECTION('',(-0.707106781186548,0.,0.707106781186547));
#3373=DIRECTION('',(0.,1.,0.));
#3374=DIRECTION('',(0.707106781186548,0.,-0.707106781186547));
#3375=DIRECTION('',(0.,-1.,0.));
#3376=DIRECTION('',(-0.707106781186548,0.,0.707106781186547));
#3377=DIRECTION('',(0.,1.,0.));
#3378=DIRECTION('',(0.707106781186548,0.,-0.707106781186547));
#3379=DIRECTION('',(0.,-1.,0.));
#3380=DIRECTION('',(-0.707106781186548,0.,0.707106781186547));
#3381=DIRECTION('',(0.,1.,0.));
#3382=DIRECTION('',(0.707106781186548,0.,-0.707106781186547));
#3383=DIRECTION('center_axis',(-0.707106781186547,0.,-0.707106781186548));
#3384=DIRECTION('ref_axis',(0.,1.,0.));
#3385=DIRECTION('',(0.,-1.,0.));
#3386=DIRECTION('',(-0.707106781186548,0.,0.707106781186547));
#3387=DIRECTION('',(0.,1.,0.));
#3388=DIRECTION('',(0.707106781186548,0.,-0.707106781186547));
#3389=DIRECTION('',(0.,-1.,0.));
#3390=DIRECTION('',(-0.707106781186548,0.,0.707106781186547));
#3391=DIRECTION('',(0.,1.,0.));
#3392=DIRECTION('',(0.707106781186548,0.,-0.707106781186547));
#3393=DIRECTION('',(0.,-1.,0.));
#3394=DIRECTION('',(-0.707106781186548,0.,0.707106781186547));
#3395=DIRECTION('',(0.,1.,0.));
#3396=DIRECTION('',(0.707106781186548,0.,-0.707106781186547));
#3397=DIRECTION('center_axis',(-0.707106781186547,0.,-0.707106781186548));
#3398=DIRECTION('ref_axis',(0.,1.,0.));
#3399=DIRECTION('',(0.,-1.,0.));
#3400=DIRECTION('',(-0.707106781186548,0.,0.707106781186547));
#3401=DIRECTION('',(0.,1.,0.));
#3402=DIRECTION('',(0.707106781186548,0.,-0.707106781186547));
#3403=DIRECTION('',(0.,-1.,0.));
#3404=DIRECTION('',(-0.707106781186548,0.,0.707106781186547));
#3405=DIRECTION('',(0.,1.,0.));
#3406=DIRECTION('',(0.707106781186548,0.,-0.707106781186547));
#3407=DIRECTION('center_axis',(-0.707106781186547,0.,-0.707106781186548));
#3408=DIRECTION('ref_axis',(0.,1.,0.));
#3409=DIRECTION('center_axis',(-0.707106781186547,0.,-0.707106781186548));
#3410=DIRECTION('ref_axis',(0.,1.,0.));
#3411=DIRECTION('center_axis',(0.,-1.,0.));
#3412=DIRECTION('ref_axis',(0.707106781186548,0.,-0.707106781186547));
#3413=DIRECTION('',(0.707106781186548,0.,0.707106781186548));
#3414=DIRECTION('',(0.707106781186548,0.,0.707106781186548));
#3415=DIRECTION('center_axis',(0.707106781186548,0.,-0.707106781186548));
#3416=DIRECTION('ref_axis',(0.,1.,0.));
#3417=DIRECTION('',(0.707106781186548,0.,0.707106781186548));
#3418=DIRECTION('center_axis',(0.,1.,0.));
#3419=DIRECTION('ref_axis',(-0.707106781186548,0.,0.707106781186547));
#3420=DIRECTION('',(0.707106781186548,0.,0.707106781186548));
#3421=DIRECTION('center_axis',(-0.707106781186548,0.,0.707106781186548));
#3422=DIRECTION('ref_axis',(0.,-1.,0.));
#3423=DIRECTION('center_axis',(0.,-1.,0.));
#3424=DIRECTION('ref_axis',(0.707106781186548,0.,-0.707106781186547));
#3425=DIRECTION('',(0.707106781186548,0.,0.707106781186548));
#3426=DIRECTION('',(0.707106781186548,0.,0.707106781186548));
#3427=DIRECTION('center_axis',(0.707106781186548,0.,-0.707106781186548));
#3428=DIRECTION('ref_axis',(0.,1.,0.));
#3429=DIRECTION('',(0.707106781186548,0.,0.707106781186548));
#3430=DIRECTION('center_axis',(0.,1.,0.));
#3431=DIRECTION('ref_axis',(-0.707106781186548,0.,0.707106781186547));
#3432=DIRECTION('',(0.707106781186548,0.,0.707106781186548));
#3433=DIRECTION('center_axis',(-0.707106781186548,0.,0.707106781186548));
#3434=DIRECTION('ref_axis',(0.,-1.,0.));
#3435=DIRECTION('center_axis',(0.,-1.,0.));
#3436=DIRECTION('ref_axis',(0.707106781186548,0.,-0.707106781186547));
#3437=DIRECTION('',(0.707106781186548,0.,0.707106781186548));
#3438=DIRECTION('',(0.707106781186548,0.,0.707106781186548));
#3439=DIRECTION('center_axis',(0.707106781186548,0.,-0.707106781186548));
#3440=DIRECTION('ref_axis',(0.,1.,0.));
#3441=DIRECTION('',(0.707106781186548,0.,0.707106781186548));
#3442=DIRECTION('center_axis',(0.,1.,0.));
#3443=DIRECTION('ref_axis',(-0.707106781186548,0.,0.707106781186547));
#3444=DIRECTION('',(0.707106781186548,0.,0.707106781186548));
#3445=DIRECTION('center_axis',(-0.707106781186548,0.,0.707106781186548));
#3446=DIRECTION('ref_axis',(0.,-1.,0.));
#3447=DIRECTION('center_axis',(0.,-1.,0.));
#3448=DIRECTION('ref_axis',(0.707106781186548,0.,-0.707106781186547));
#3449=DIRECTION('',(0.707106781186548,0.,0.707106781186548));
#3450=DIRECTION('',(0.707106781186548,0.,0.707106781186548));
#3451=DIRECTION('center_axis',(0.707106781186548,0.,-0.707106781186548));
#3452=DIRECTION('ref_axis',(0.,1.,0.));
#3453=DIRECTION('',(0.707106781186548,0.,0.707106781186548));
#3454=DIRECTION('center_axis',(0.,1.,0.));
#3455=DIRECTION('ref_axis',(-0.707106781186548,0.,0.707106781186547));
#3456=DIRECTION('',(0.707106781186548,0.,0.707106781186548));
#3457=DIRECTION('center_axis',(-0.707106781186548,0.,0.707106781186548));
#3458=DIRECTION('ref_axis',(0.,-1.,0.));
#3459=DIRECTION('center_axis',(0.,-1.,0.));
#3460=DIRECTION('ref_axis',(0.707106781186548,0.,-0.707106781186547));
#3461=DIRECTION('',(0.707106781186548,0.,0.707106781186548));
#3462=DIRECTION('',(0.707106781186548,0.,0.707106781186548));
#3463=DIRECTION('center_axis',(0.707106781186548,0.,-0.707106781186548));
#3464=DIRECTION('ref_axis',(0.,1.,0.));
#3465=DIRECTION('',(0.707106781186548,0.,0.707106781186548));
#3466=DIRECTION('center_axis',(0.,1.,0.));
#3467=DIRECTION('ref_axis',(-0.707106781186548,0.,0.707106781186547));
#3468=DIRECTION('',(0.707106781186548,0.,0.707106781186548));
#3469=DIRECTION('center_axis',(-0.707106781186548,0.,0.707106781186548));
#3470=DIRECTION('ref_axis',(0.,-1.,0.));
#3471=DIRECTION('center_axis',(0.,-1.,0.));
#3472=DIRECTION('ref_axis',(0.707106781186548,0.,-0.707106781186547));
#3473=DIRECTION('',(0.707106781186548,0.,0.707106781186548));
#3474=DIRECTION('',(0.707106781186548,0.,0.707106781186548));
#3475=DIRECTION('center_axis',(0.707106781186548,0.,-0.707106781186548));
#3476=DIRECTION('ref_axis',(0.,1.,0.));
#3477=DIRECTION('',(0.707106781186548,0.,0.707106781186548));
#3478=DIRECTION('center_axis',(0.,1.,0.));
#3479=DIRECTION('ref_axis',(-0.707106781186548,0.,0.707106781186547));
#3480=DIRECTION('',(0.707106781186548,0.,0.707106781186548));
#3481=DIRECTION('center_axis',(-0.707106781186548,0.,0.707106781186548));
#3482=DIRECTION('ref_axis',(0.,-1.,0.));
#3483=DIRECTION('center_axis',(0.,-1.,0.));
#3484=DIRECTION('ref_axis',(0.707106781186548,0.,-0.707106781186547));
#3485=DIRECTION('',(0.707106781186548,0.,0.707106781186548));
#3486=DIRECTION('',(0.707106781186548,0.,0.707106781186548));
#3487=DIRECTION('center_axis',(0.707106781186548,0.,-0.707106781186548));
#3488=DIRECTION('ref_axis',(0.,1.,0.));
#3489=DIRECTION('',(0.707106781186548,0.,0.707106781186548));
#3490=DIRECTION('center_axis',(0.,1.,0.));
#3491=DIRECTION('ref_axis',(-0.707106781186548,0.,0.707106781186547));
#3492=DIRECTION('',(0.707106781186548,0.,0.707106781186548));
#3493=DIRECTION('center_axis',(-0.707106781186548,0.,0.707106781186548));
#3494=DIRECTION('ref_axis',(0.,-1.,0.));
#3495=DIRECTION('center_axis',(0.707106781186548,0.,0.707106781186548));
#3496=DIRECTION('ref_axis',(0.,1.,0.));
#3497=DIRECTION('',(-0.707106781186547,0.,-0.707106781186547));
#3498=DIRECTION('center_axis',(0.,-1.,0.));
#3499=DIRECTION('ref_axis',(0.707106781186548,0.,-0.707106781186547));
#3500=DIRECTION('',(0.707106781186548,0.,0.707106781186548));
#3501=DIRECTION('',(0.707106781186548,0.,0.707106781186548));
#3502=DIRECTION('center_axis',(0.707106781186548,0.,-0.707106781186548));
#3503=DIRECTION('ref_axis',(0.,1.,0.));
#3504=DIRECTION('',(0.707106781186548,0.,0.707106781186548));
#3505=DIRECTION('center_axis',(0.,1.,0.));
#3506=DIRECTION('ref_axis',(-0.707106781186548,0.,0.707106781186547));
#3507=DIRECTION('',(0.707106781186548,0.,0.707106781186548));
#3508=DIRECTION('center_axis',(-0.707106781186548,0.,0.707106781186548));
#3509=DIRECTION('ref_axis',(0.,-1.,0.));
#3510=DIRECTION('center_axis',(0.,-1.,0.));
#3511=DIRECTION('ref_axis',(0.707106781186548,0.,-0.707106781186547));
#3512=DIRECTION('',(0.707106781186548,0.,0.707106781186548));
#3513=DIRECTION('',(0.707106781186548,0.,0.707106781186548));
#3514=DIRECTION('center_axis',(0.707106781186548,0.,-0.707106781186548));
#3515=DIRECTION('ref_axis',(0.,1.,0.));
#3516=DIRECTION('',(0.707106781186548,0.,0.707106781186548));
#3517=DIRECTION('center_axis',(0.,1.,0.));
#3518=DIRECTION('ref_axis',(-0.707106781186548,0.,0.707106781186547));
#3519=DIRECTION('',(0.707106781186548,0.,0.707106781186548));
#3520=DIRECTION('center_axis',(-0.707106781186548,0.,0.707106781186548));
#3521=DIRECTION('ref_axis',(0.,-1.,0.));
#3522=DIRECTION('center_axis',(0.,-1.,0.));
#3523=DIRECTION('ref_axis',(0.707106781186548,0.,-0.707106781186547));
#3524=DIRECTION('',(0.707106781186548,0.,0.707106781186548));
#3525=DIRECTION('',(0.707106781186548,0.,0.707106781186548));
#3526=DIRECTION('center_axis',(0.707106781186548,0.,-0.707106781186548));
#3527=DIRECTION('ref_axis',(0.,1.,0.));
#3528=DIRECTION('',(0.707106781186548,0.,0.707106781186548));
#3529=DIRECTION('center_axis',(0.,1.,0.));
#3530=DIRECTION('ref_axis',(-0.707106781186548,0.,0.707106781186547));
#3531=DIRECTION('',(0.707106781186548,0.,0.707106781186548));
#3532=DIRECTION('center_axis',(-0.707106781186548,0.,0.707106781186548));
#3533=DIRECTION('ref_axis',(0.,-1.,0.));
#3534=DIRECTION('center_axis',(0.707106781186548,0.,0.707106781186548));
#3535=DIRECTION('ref_axis',(0.,1.,0.));
#3536=DIRECTION('',(-0.707106781186548,0.,-0.707106781186548));
#3537=DIRECTION('center_axis',(0.,-1.,0.));
#3538=DIRECTION('ref_axis',(0.707106781186548,0.,-0.707106781186547));
#3539=DIRECTION('',(0.707106781186548,0.,0.707106781186548));
#3540=DIRECTION('',(0.707106781186548,0.,0.707106781186548));
#3541=DIRECTION('center_axis',(0.707106781186548,0.,-0.707106781186548));
#3542=DIRECTION('ref_axis',(0.,1.,0.));
#3543=DIRECTION('',(0.707106781186548,0.,0.707106781186548));
#3544=DIRECTION('center_axis',(0.,1.,0.));
#3545=DIRECTION('ref_axis',(-0.707106781186548,0.,0.707106781186547));
#3546=DIRECTION('',(0.707106781186548,0.,0.707106781186548));
#3547=DIRECTION('center_axis',(-0.707106781186548,0.,0.707106781186548));
#3548=DIRECTION('ref_axis',(0.,-1.,0.));
#3549=DIRECTION('center_axis',(0.,-1.,0.));
#3550=DIRECTION('ref_axis',(0.707106781186548,0.,-0.707106781186547));
#3551=DIRECTION('',(0.707106781186548,0.,0.707106781186548));
#3552=DIRECTION('',(0.707106781186548,0.,0.707106781186548));
#3553=DIRECTION('center_axis',(0.707106781186548,0.,-0.707106781186548));
#3554=DIRECTION('ref_axis',(0.,1.,0.));
#3555=DIRECTION('',(0.707106781186548,0.,0.707106781186548));
#3556=DIRECTION('center_axis',(0.,1.,0.));
#3557=DIRECTION('ref_axis',(-0.707106781186548,0.,0.707106781186547));
#3558=DIRECTION('',(0.707106781186548,0.,0.707106781186548));
#3559=DIRECTION('center_axis',(-0.707106781186548,0.,0.707106781186548));
#3560=DIRECTION('ref_axis',(0.,-1.,0.));
#3561=DIRECTION('center_axis',(0.707106781186548,0.,0.707106781186548));
#3562=DIRECTION('ref_axis',(0.,1.,0.));
#3563=DIRECTION('',(-0.707106781186547,0.,-0.707106781186547));
#3564=DIRECTION('center_axis',(0.707106781186548,0.,0.707106781186548));
#3565=DIRECTION('ref_axis',(0.,1.,0.));
#3566=DIRECTION('',(-0.707106781186547,0.,-0.707106781186547));
#3567=DIRECTION('center_axis',(0.,-1.,0.));
#3568=DIRECTION('ref_axis',(-0.707106781186548,0.,0.707106781186547));
#3569=DIRECTION('',(1.,0.,0.));
#3570=DIRECTION('',(-0.707106781186548,0.,-0.707106781186547));
#3571=DIRECTION('',(-0.707106781186548,0.,-0.707106781186547));
#3572=DIRECTION('',(0.707106781186548,0.,-0.707106781186547));
#3573=DIRECTION('',(-0.707106781186548,0.,-0.707106781186547));
#3574=DIRECTION('center_axis',(-0.707106781186548,0.,-0.707106781186547));
#3575=DIRECTION('ref_axis',(-5.23364152894592E-16,-1.,5.23364152894592E-16));
#3576=DIRECTION('center_axis',(-0.707106781186548,0.,-0.707106781186547));
#3577=DIRECTION('ref_axis',(-5.23364152894592E-16,-1.,5.23364152894592E-16));
#3578=DIRECTION('center_axis',(0.707106781186547,0.,0.707106781186548));
#3579=DIRECTION('ref_axis',(-5.23364152894592E-16,-1.,5.23364152894592E-16));
#3580=DIRECTION('center_axis',(-0.707106781186547,-6.66133814775094E-17,
0.707106781186548));
#3581=DIRECTION('ref_axis',(-4.41719345043036E-17,1.,5.00336130167229E-17));
#3582=DIRECTION('',(4.71027737605133E-17,-1.,-4.71027737605132E-17));
#3583=DIRECTION('',(-0.707106781186548,0.,-0.707106781186547));
#3584=DIRECTION('center_axis',(-0.707106781186548,0.,-0.707106781186547));
#3585=DIRECTION('ref_axis',(0.707106781186547,0.,-0.707106781186548));
#3586=DIRECTION('center_axis',(-0.707106781186547,0.,-0.707106781186548));
#3587=DIRECTION('ref_axis',(0.707106781186547,0.,-0.707106781186548));
#3588=DIRECTION('',(-0.707106781186548,0.,-0.707106781186547));
#3589=DIRECTION('center_axis',(-6.2803698347351E-17,1.,6.2803698347351E-17));
#3590=DIRECTION('ref_axis',(0.707106781186548,8.88178419700125E-17,-0.707106781186547));
#3591=DIRECTION('',(-0.707106781186548,-8.88178419700125E-17,0.707106781186547));
#3592=DIRECTION('',(-0.707106781186548,0.,-0.707106781186547));
#3593=DIRECTION('center_axis',(-0.707106781186548,0.,-0.707106781186547));
#3594=DIRECTION('ref_axis',(-1.57009245868377E-15,-1.,1.57009245868377E-15));
#3595=DIRECTION('center_axis',(-0.707106781186547,0.,-0.707106781186548));
#3596=DIRECTION('ref_axis',(-1.57009245868377E-15,-1.,1.57009245868377E-15));
#3597=DIRECTION('',(-0.707106781186548,0.,-0.707106781186547));
#3598=DIRECTION('center_axis',(0.707106781186547,1.77635683940025E-16,-0.707106781186548));
#3599=DIRECTION('ref_axis',(1.60149430785745E-16,-1.,-9.10653626036589E-17));
#3600=DIRECTION('',(-1.25607396694702E-16,1.,1.25607396694702E-16));
#3601=DIRECTION('',(-0.707106781186548,0.,-0.707106781186547));
#3602=DIRECTION('center_axis',(-0.707106781186548,0.,-0.707106781186547));
#3603=DIRECTION('ref_axis',(-0.707106781186547,1.11022302462515E-15,0.707106781186548));
#3604=DIRECTION('center_axis',(-0.707106781186547,0.,-0.707106781186548));
#3605=DIRECTION('ref_axis',(-0.707106781186547,1.11022302462515E-15,0.707106781186548));
#3606=DIRECTION('',(-0.707106781186548,0.,-0.707106781186547));
#3607=DIRECTION('center_axis',(-1.25607396694702E-16,-1.,1.25607396694702E-16));
#3608=DIRECTION('ref_axis',(-0.707106781186548,1.77635683940025E-16,0.707106781186547));
#3609=DIRECTION('',(0.707106781186548,-1.77635683940025E-16,-0.707106781186547));
#3610=DIRECTION('',(-0.707106781186548,0.,-0.707106781186547));
#3611=DIRECTION('center_axis',(-0.707106781186548,0.,-0.707106781186547));
#3612=DIRECTION('ref_axis',(-5.88784672006416E-16,1.,5.88784672006417E-16));
#3613=DIRECTION('center_axis',(-0.707106781186547,0.,-0.707106781186548));
#3614=DIRECTION('ref_axis',(-5.88784672006416E-16,1.,5.88784672006417E-16));
#3615=DIRECTION('',(-0.707106781186548,0.,-0.707106781186547));
#3616=DIRECTION('center_axis',(-0.707106781186547,-6.66133814775094E-17,
0.707106781186548));
#3617=DIRECTION('ref_axis',(-4.41719345043036E-17,1.,5.00336130167229E-17));
#3618=DIRECTION('',(4.71027737605133E-17,-1.,-4.71027737605132E-17));
#3619=DIRECTION('',(-0.707106781186548,0.,-0.707106781186547));
#3620=DIRECTION('center_axis',(-1.77330042776005E-15,1.,1.77330042776005E-15));
#3621=DIRECTION('ref_axis',(0.707106781186548,2.50782551510028E-15,-0.707106781186547));
#3622=DIRECTION('',(-0.707106781186548,-2.50782551510028E-15,0.707106781186547));
#3623=DIRECTION('',(-0.707106781186548,0.,-0.707106781186547));
#3624=DIRECTION('center_axis',(-0.707106781186548,0.,-0.707106781186547));
#3625=DIRECTION('ref_axis',(-0.707106781186547,-7.40148683083439E-16,0.707106781186548));
#3626=DIRECTION('center_axis',(0.707106781186547,0.,0.707106781186548));
#3627=DIRECTION('ref_axis',(-0.707106781186547,-7.40148683083439E-16,0.707106781186548));
#3628=DIRECTION('center_axis',(0.707106781186547,0.,0.707106781186548));
#3629=DIRECTION('ref_axis',(0.,1.,0.));
#3630=DIRECTION('',(0.707106781186548,0.,-0.707106781186547));
#3631=DIRECTION('center_axis',(1.,0.,0.));
#3632=DIRECTION('ref_axis',(0.,0.707106781186547,0.707106781186547));
#3633=DIRECTION('center_axis',(1.,0.,0.));
#3634=DIRECTION('ref_axis',(0.,0.647414362984564,-0.762138204396874));
#3635=DIRECTION('',(1.,0.,0.));
#3636=DIRECTION('center_axis',(1.,0.,0.));
#3637=DIRECTION('ref_axis',(0.,-0.647414362984563,-0.762138204396875));
#3638=DIRECTION('center_axis',(1.,0.,0.));
#3639=DIRECTION('ref_axis',(0.,-0.647414362984563,-0.762138204396875));
#3640=DIRECTION('center_axis',(-1.,0.,0.));
#3641=DIRECTION('ref_axis',(0.,-0.707106781186547,0.707106781186547));
#3642=DIRECTION('',(-1.,0.,0.));
#3643=DIRECTION('center_axis',(0.,0.,1.));
#3644=DIRECTION('ref_axis',(1.,0.,0.));
#3645=DIRECTION('center_axis',(0.,1.,0.));
#3646=DIRECTION('ref_axis',(0.707106781186548,0.,-0.707106781186547));
#3647=DIRECTION('center_axis',(6.2803698347351E-17,-1.,-6.2803698347351E-17));
#3648=DIRECTION('ref_axis',(-0.707106781186548,-8.88178419700125E-17,0.707106781186547));
#3649=DIRECTION('',(-0.707106781186547,0.,-0.707106781186548));
#3650=DIRECTION('',(-0.707106781186547,0.,-0.707106781186548));
#3651=DIRECTION('center_axis',(-0.707106781186547,0.,-0.707106781186548));
#3652=DIRECTION('ref_axis',(-3.14018491736755E-16,-1.,3.14018491736755E-16));
#3653=DIRECTION('center_axis',(-0.707106781186547,0.,-0.707106781186548));
#3654=DIRECTION('ref_axis',(0.707106781186548,0.,-0.707106781186547));
#3655=DIRECTION('',(-0.707106781186547,0.,-0.707106781186548));
#3656=DIRECTION('center_axis',(6.2803698347351E-17,1.,-6.2803698347351E-17));
#3657=DIRECTION('ref_axis',(0.707106781186548,-8.88178419700125E-17,-0.707106781186547));
#3658=DIRECTION('',(-0.707106781186547,0.,-0.707106781186548));
#3659=DIRECTION('center_axis',(-0.707106781186547,0.,-0.707106781186548));
#3660=DIRECTION('ref_axis',(-1.25607396694702E-15,1.,1.25607396694702E-15));
#3661=DIRECTION('',(-0.707106781186547,0.,-0.707106781186548));
#3662=DIRECTION('center_axis',(-0.707106781186548,0.,0.707106781186547));
#3663=DIRECTION('ref_axis',(0.,1.,0.));
#3664=DIRECTION('',(-0.707106781186547,0.,-0.707106781186548));
#3665=DIRECTION('center_axis',(-0.707106781186547,0.,-0.707106781186548));
#3666=DIRECTION('ref_axis',(-0.707106781186548,-8.88178419700125E-16,0.707106781186547));
#3667=CARTESIAN_POINT('',(0.,0.,0.));
#3668=CARTESIAN_POINT('Origin',(-45.,2.9802322276673E-8,5.));
#3669=CARTESIAN_POINT('',(-45.,2.00000002980232,2.));
#3670=CARTESIAN_POINT('',(-45.,2.9802322276673E-8,0.));
#3671=CARTESIAN_POINT('Origin',(-45.,2.9802322276673E-8,2.));
#3672=CARTESIAN_POINT('',(-50.,2.9802322276673E-8,5.));
#3673=CARTESIAN_POINT('Origin',(-45.,2.9802322276673E-8,5.));
#3674=CARTESIAN_POINT('',(-48.,2.00000002980232,5.));
#3675=CARTESIAN_POINT('Origin',(-48.,2.9802322276673E-8,5.));
#3676=CARTESIAN_POINT('Origin',(-45.,2.00000002980232,5.));
#3677=CARTESIAN_POINT('Origin',(-14.0168556211425,2.9802322276673E-8,2.));
#3678=CARTESIAN_POINT('',(27.5,2.00000002980232,2.));
#3679=CARTESIAN_POINT('',(27.5,2.9802322276673E-8,0.));
#3680=CARTESIAN_POINT('Origin',(27.5,2.9802322276673E-8,2.));
#3681=CARTESIAN_POINT('',(-14.0168556211425,2.9802322276673E-8,0.));
#3682=CARTESIAN_POINT('',(-14.0168556211425,2.00000002980232,2.));
#3683=CARTESIAN_POINT('Ctrl Pts',(27.5,2.00000002980232,2.));
#3684=CARTESIAN_POINT('Ctrl Pts',(27.8352022547896,2.00000002980232,2.));
#3685=CARTESIAN_POINT('Ctrl Pts',(27.9625258644942,2.00000002980232,2.31007942535396));
#3686=CARTESIAN_POINT('Ctrl Pts',(27.5,2.00000002980232,2.77555756156289E-16));
#3687=CARTESIAN_POINT('Ctrl Pts',(29.1760112739481,2.00000002980232,0.));
#3688=CARTESIAN_POINT('Ctrl Pts',(29.8126293224711,2.00000002980232,1.55039712676982));
#3689=CARTESIAN_POINT('Ctrl Pts',(27.5,2.9802322276673E-8,2.77555756156289E-16));
#3690=CARTESIAN_POINT('Ctrl Pts',(29.1760112739481,2.9802322276673E-8,0.));
#3691=CARTESIAN_POINT('Ctrl Pts',(29.8126293224711,2.9802322276673E-8,1.55039712676982));
#3692=CARTESIAN_POINT('',(27.9625258644942,2.00000002980232,2.31007942535396));
#3693=CARTESIAN_POINT('',(29.8126293224711,2.9802322276673E-8,1.55039712676982));
#3694=CARTESIAN_POINT('Origin',(27.9625258644942,2.9802322276673E-8,2.31007942535396));
#3695=CARTESIAN_POINT('Origin',(27.5,2.9802322276673E-8,2.5));
#3696=CARTESIAN_POINT('Origin',(27.5,2.00000002980232,2.5));
#3697=CARTESIAN_POINT('Ctrl Pts',(29.8126293224711,2.98023225216024E-8,
1.55039712676982));
#3698=CARTESIAN_POINT('Ctrl Pts',(29.8126293224711,2.98023225216024E-8,
1.55039712676982));
#3699=CARTESIAN_POINT('Ctrl Pts',(29.8126293224711,2.98023225216024E-8,
1.55039712676982));
#3700=CARTESIAN_POINT('Ctrl Pts',(29.8126293224711,2.98023225216024E-8,
1.55039712676982));
#3701=CARTESIAN_POINT('Ctrl Pts',(29.8126293224711,2.98023225216024E-8,
1.55039712676982));
#3702=CARTESIAN_POINT('Ctrl Pts',(29.8126293224711,2.98023225216024E-8,
1.55039712676982));
#3703=CARTESIAN_POINT('Ctrl Pts',(29.8126293224711,2.98023225216024E-8,
1.55039712676982));
#3704=CARTESIAN_POINT('Ctrl Pts',(29.8126293224711,2.00000002980232,1.55039712676982));
#3705=CARTESIAN_POINT('Ctrl Pts',(29.8126293224711,2.00000002980232,1.55039712676982));
#3706=CARTESIAN_POINT('Ctrl Pts',(29.8126293224711,2.00000002980232,1.55039712676982));
#3707=CARTESIAN_POINT('Ctrl Pts',(29.8126293224711,2.00000002980232,1.55039712676982));
#3708=CARTESIAN_POINT('Ctrl Pts',(29.8126293224711,2.00000002980232,1.55039712676982));
#3709=CARTESIAN_POINT('Ctrl Pts',(29.8126293224711,2.00000002980232,1.55039712676982));
#3710=CARTESIAN_POINT('Ctrl Pts',(29.8126293224711,2.00000002980232,1.55039712676982));
#3711=CARTESIAN_POINT('Ctrl Pts',(27.9625258644942,2.00000002980232,2.31007942535396));
#3712=CARTESIAN_POINT('Ctrl Pts',(28.4706926132785,2.00000002980232,3.54765079026131));
#3713=CARTESIAN_POINT('Ctrl Pts',(29.8085299757791,2.00000002980232,3.55039292560458));
#3714=CARTESIAN_POINT('Ctrl Pts',(31.1463673382796,2.00000002980232,3.55313506094784));
#3715=CARTESIAN_POINT('Ctrl Pts',(31.6596030407076,2.00000002980232,2.31765724181793));
#3716=CARTESIAN_POINT('Ctrl Pts',(32.1728387431355,2.00000002980232,1.08217942268803));
#3717=CARTESIAN_POINT('Ctrl Pts',(31.2268428848442,2.00000002980232,0.13618356439671));
#3718=CARTESIAN_POINT('',(30.8476911865239,1.92678179723777,0.515335262717013));
#3719=CARTESIAN_POINT('Origin',(31.2268428848442,2.9802322276673E-8,0.136183564396722));
#3720=CARTESIAN_POINT('',(30.5140627101016,2.00000002980232,3.42336034122896));
#3721=CARTESIAN_POINT('Origin',(29.8126293224711,2.00000002980232,1.55039712676982));
#3722=CARTESIAN_POINT('Ctrl Pts',(30.5140627101016,2.00000002980232,3.42336034122896));
#3723=CARTESIAN_POINT('Ctrl Pts',(30.7136480176835,2.00000002980232,3.20461349922071));
#3724=CARTESIAN_POINT('Ctrl Pts',(30.8722359162706,1.98568781871482,2.95288475594136));
#3725=CARTESIAN_POINT('Ctrl Pts',(31.0969612429039,1.94345827089113,2.3998970716738));
#3726=CARTESIAN_POINT('Ctrl Pts',(31.1590189020825,1.91595665715777,2.10211165748358));
#3727=CARTESIAN_POINT('Ctrl Pts',(31.1729814298081,1.88690093362973,1.53822434265935));
#3728=CARTESIAN_POINT('Ctrl Pts',(31.138503884604,1.88401534394232,1.27799408729718));
#3729=CARTESIAN_POINT('Ctrl Pts',(31.0107340517349,1.90043392047702,0.84798009767893));
#3730=CARTESIAN_POINT('Ctrl Pts',(30.9381767961033,1.91284241044594,0.676658366731301));
#3731=CARTESIAN_POINT('Ctrl Pts',(30.8476911865239,1.92678179723777,0.515335262717014));
#3732=CARTESIAN_POINT('Origin',(-45.,0.,5.));
#3733=CARTESIAN_POINT('',(-50.,8.00000002980232,5.));
#3734=CARTESIAN_POINT('',(-50.,0.,5.));
#3735=CARTESIAN_POINT('',(-45.,-30.,0.));
#3736=CARTESIAN_POINT('',(-45.,0.,0.));
#3737=CARTESIAN_POINT('',(-45.,-30.,10.));
#3738=CARTESIAN_POINT('Origin',(-45.,-30.,5.));
#3739=CARTESIAN_POINT('',(-45.,40.,10.));
#3740=CARTESIAN_POINT('',(-45.,0.,10.));
#3741=CARTESIAN_POINT('',(-45.,40.,0.));
#3742=CARTESIAN_POINT('Origin',(-45.,40.,5.));
#3743=CARTESIAN_POINT('',(-45.,8.00000002980232,0.));
#3744=CARTESIAN_POINT('',(-45.,0.,0.));
#3745=CARTESIAN_POINT('Origin',(-45.,8.00000002980232,5.));
#3746=CARTESIAN_POINT('Origin',(30.,0.,0.));
#3747=CARTESIAN_POINT('',(27.5,-30.,0.));
#3748=CARTESIAN_POINT('',(27.5,0.,0.));
#3749=CARTESIAN_POINT('',(10.,-30.,0.));
#3750=CARTESIAN_POINT('Origin',(27.5,0.,2.5));
#3751=CARTESIAN_POINT('',(29.8126293224711,-30.,1.55039712676982));
#3752=CARTESIAN_POINT('',(29.8126293224711,0.,1.55039712676982));
#3753=CARTESIAN_POINT('Origin',(27.5,-30.,2.5));
#3754=CARTESIAN_POINT('Origin',(-11.5126625488954,5.04390697211964,42.8756889981362));
#3755=CARTESIAN_POINT('',(30.8476911865239,-2.22868906008047E-15,0.515335262717014));
#3756=CARTESIAN_POINT('',(30.8476911865239,31.7719534860598,0.515335262717013));
#3757=CARTESIAN_POINT('',(30.9137443222975,-2.37375948005856,0.4492821269434));
#3758=CARTESIAN_POINT('Ctrl Pts',(30.9137443222975,-2.37375948005857,0.449282126943419));
#3759=CARTESIAN_POINT('Ctrl Pts',(30.9137443222975,-2.14299803637973,0.449282126943419));
#3760=CARTESIAN_POINT('Ctrl Pts',(30.9059974179414,-1.86630111528089,0.457029031299495));
#3761=CARTESIAN_POINT('Ctrl Pts',(30.8775339043312,-1.1247304707918,0.485492544909703));
#3762=CARTESIAN_POINT('Ctrl Pts',(30.8476911865239,-0.511900904890174,0.515335262717019));
#3763=CARTESIAN_POINT('Ctrl Pts',(30.8476911865239,2.77555756156289E-15,
0.515335262717019));
#3764=CARTESIAN_POINT('',(30.9137443222975,-44.9560930278804,0.4492821269434));
#3765=CARTESIAN_POINT('',(30.9137443222975,-44.9560930278804,0.449282126943399));
#3766=CARTESIAN_POINT('',(23.842676510432,-54.9560930278804,7.52034993880887));
#3767=CARTESIAN_POINT('Origin',(23.842676510432,-44.9560930278804,7.52034993880887));
#3768=CARTESIAN_POINT('',(-46.8680016082228,-54.9560930278804,78.2310280574636));
#3769=CARTESIAN_POINT('',(-46.8680016082228,-54.9560930278804,78.2310280574636));
#3770=CARTESIAN_POINT('',(-53.9390694200883,-44.9560930278804,85.3020958693291));
#3771=CARTESIAN_POINT('Origin',(-46.8680016082228,-44.9560930278804,78.2310280574636));
#3772=CARTESIAN_POINT('',(-53.9390694200883,55.0439069721196,85.3020958693291));
#3773=CARTESIAN_POINT('',(-53.9390694200883,55.0439069721196,85.3020958693291));
#3774=CARTESIAN_POINT('',(-46.8680016082228,65.0439069721197,78.2310280574636));
#3775=CARTESIAN_POINT('Origin',(-46.8680016082228,55.0439069721196,78.2310280574636));
#3776=CARTESIAN_POINT('',(23.842676510432,65.0439069721196,7.52034993880887));
#3777=CARTESIAN_POINT('',(23.842676510432,65.0439069721196,7.52034993880887));
#3778=CARTESIAN_POINT('',(30.9137443222975,55.0439069721196,0.449282126943406));
#3779=CARTESIAN_POINT('Origin',(23.842676510432,55.0439069721196,7.52034993880887));
#3780=CARTESIAN_POINT('',(30.9137443222975,10.8737594800586,0.449282126943403));
#3781=CARTESIAN_POINT('',(30.9137443222975,-44.9560930278804,0.449282126943399));
#3782=CARTESIAN_POINT('',(30.8476911865239,8.5,0.515335262717022));
#3783=CARTESIAN_POINT('Ctrl Pts',(30.8476911865239,8.5,0.51533526271702));
#3784=CARTESIAN_POINT('Ctrl Pts',(30.8476911865239,9.01190090489018,0.51533526271702));
#3785=CARTESIAN_POINT('Ctrl Pts',(30.8775339043312,9.62473047079181,0.485492544909709));
#3786=CARTESIAN_POINT('Ctrl Pts',(30.9059974179414,10.3663011152809,0.457029031299502));
#3787=CARTESIAN_POINT('Ctrl Pts',(30.9137443222975,10.6429980363797,0.449282126943421));
#3788=CARTESIAN_POINT('Ctrl Pts',(30.9137443222975,10.8737594800586,0.449282126943421));
#3789=CARTESIAN_POINT('',(30.8476911865239,6.07321826236687,0.515335262717013));
#3790=CARTESIAN_POINT('',(30.8476911865239,31.7719534860598,0.515335262717013));
#3791=CARTESIAN_POINT('',(29.8126293224711,8.00000002980232,1.55039712676982));
#3792=CARTESIAN_POINT('Origin',(31.2268428848442,8.00000002980232,0.136183564396722));
#3793=CARTESIAN_POINT('',(29.8126293224711,40.,1.55039712676982));
#3794=CARTESIAN_POINT('',(29.8126293224711,0.,1.55039712676982));
#3795=CARTESIAN_POINT('',(27.5,44.8690133646227,3.86302644924089));
#3796=CARTESIAN_POINT('Ctrl Pts',(27.5,44.8690133646227,3.86302644924088));
#3797=CARTESIAN_POINT('Ctrl Pts',(27.6081019738763,44.8437702453544,3.75492447536461));
#3798=CARTESIAN_POINT('Ctrl Pts',(27.7134526118929,44.8077877354136,3.64957383734795));
#3799=CARTESIAN_POINT('Ctrl Pts',(28.0737554935072,44.6514259475249,3.28927095573372));
#3800=CARTESIAN_POINT('Ctrl Pts',(28.3677377902043,44.4347544685905,2.99528865903657));
#3801=CARTESIAN_POINT('Ctrl Pts',(28.8475350808712,43.9181805933512,2.51549136836972));
#3802=CARTESIAN_POINT('Ctrl Pts',(29.106354062698,43.5016148658425,2.25667238654285));
#3803=CARTESIAN_POINT('Ctrl Pts',(29.3878545127929,42.8479992460106,1.975171936448));
#3804=CARTESIAN_POINT('Ctrl Pts',(29.4962992744036,42.5180580482525,1.86672717483729));
#3805=CARTESIAN_POINT('Ctrl Pts',(29.6513864701995,41.8961917819206,1.71163997904135));
#3806=CARTESIAN_POINT('Ctrl Pts',(29.7161095304192,41.5169868557525,1.64691691882173));
#3807=CARTESIAN_POINT('Ctrl Pts',(29.7961810281592,40.7468800264953,1.56684542108168));
#3808=CARTESIAN_POINT('Ctrl Pts',(29.8126293224711,40.3562076400996,1.55039712676982));
#3809=CARTESIAN_POINT('Ctrl Pts',(29.8126293224711,40.,1.55039712676982));
#3810=CARTESIAN_POINT('',(26.6234901918779,44.9932112551715,4.73953625736297));
#3811=CARTESIAN_POINT('Origin',(26.3630264492409,40.,5.));
#3812=CARTESIAN_POINT('',(26.9952218289723,45.0162863618868,4.36780462026856));
#3813=CARTESIAN_POINT('Origin',(26.9952218289723,39.0162863618868,4.36780462026857));
#3814=CARTESIAN_POINT('',(29.4995307599244,45.0162863618868,1.86349568931649));
#3815=CARTESIAN_POINT('',(29.4995307599244,45.0162863618868,1.86349568931649));
#3816=CARTESIAN_POINT('',(29.4995307599244,55.0439069721196,1.8634956893165));
#3817=CARTESIAN_POINT('',(29.4995307599244,-44.9560930278804,1.86349568931649));
#3818=CARTESIAN_POINT('',(23.842676510432,63.0439069721196,7.52034993880887));
#3819=CARTESIAN_POINT('Origin',(23.842676510432,55.0439069721196,7.52034993880887));
#3820=CARTESIAN_POINT('',(-46.8680016082228,63.0439069721196,78.2310280574636));
#3821=CARTESIAN_POINT('',(23.842676510432,63.0439069721196,7.52034993880887));
#3822=CARTESIAN_POINT('',(-52.5248558577152,55.0439069721196,83.887882306956));
#3823=CARTESIAN_POINT('Origin',(-46.8680016082228,55.0439069721196,78.2310280574636));
#3824=CARTESIAN_POINT('',(-52.5248558577152,-44.9560930278804,83.887882306956));
#3825=CARTESIAN_POINT('',(-52.5248558577152,55.0439069721196,83.887882306956));
#3826=CARTESIAN_POINT('',(-46.8680016082228,-52.9560930278804,78.2310280574636));
#3827=CARTESIAN_POINT('Origin',(-46.8680016082228,-44.9560930278804,78.2310280574636));
#3828=CARTESIAN_POINT('',(23.842676510432,-52.9560930278804,7.52034993880888));
#3829=CARTESIAN_POINT('',(-46.8680016082228,-52.9560930278804,78.2310280574636));
#3830=CARTESIAN_POINT('',(29.4995307599244,-44.9560930278804,1.86349568931649));
#3831=CARTESIAN_POINT('Origin',(23.842676510432,-44.9560930278804,7.52034993880887));
#3832=CARTESIAN_POINT('',(29.4995307599244,-34.9953147098246,1.86349568931649));
#3833=CARTESIAN_POINT('',(29.4995307599244,-44.9560930278804,1.86349568931649));
#3834=CARTESIAN_POINT('',(26.9952204681033,-34.9953147098246,4.36780598113754));
#3835=CARTESIAN_POINT('',(29.4995307599244,-34.9953147098246,1.86349568931649));
#3836=CARTESIAN_POINT('',(26.7482365171298,-34.9851392361294,4.61478993211106));
#3837=CARTESIAN_POINT('Origin',(26.9952204681033,-28.9953147098246,4.36780598113753));
#3838=CARTESIAN_POINT('',(27.5,-34.8690133646227,3.86302644924089));
#3839=CARTESIAN_POINT('Origin',(26.3630264492409,-30.,5.));
#3840=CARTESIAN_POINT('Ctrl Pts',(29.8126293224711,-30.,1.55039712676982));
#3841=CARTESIAN_POINT('Ctrl Pts',(29.8126293224711,-30.3562076400996,1.55039712676982));
#3842=CARTESIAN_POINT('Ctrl Pts',(29.7961810281592,-30.7468800264953,1.56684542108168));
#3843=CARTESIAN_POINT('Ctrl Pts',(29.7161095304192,-31.5169868557525,1.64691691882173));
#3844=CARTESIAN_POINT('Ctrl Pts',(29.6513864701995,-31.8961917819206,1.71163997904135));
#3845=CARTESIAN_POINT('Ctrl Pts',(29.4962992744036,-32.5180580482525,1.86672717483729));
#3846=CARTESIAN_POINT('Ctrl Pts',(29.3878545127929,-32.8479992460106,1.975171936448));
#3847=CARTESIAN_POINT('Ctrl Pts',(29.106354062698,-33.5016148658425,2.25667238654285));
#3848=CARTESIAN_POINT('Ctrl Pts',(28.8475350808712,-33.9181805933512,2.51549136836972));
#3849=CARTESIAN_POINT('Ctrl Pts',(28.3677377902043,-34.4347544685905,2.99528865903657));
#3850=CARTESIAN_POINT('Ctrl Pts',(28.0737554935072,-34.6514259475249,3.28927095573372));
#3851=CARTESIAN_POINT('Ctrl Pts',(27.7134526118929,-34.8077877354136,3.64957383734795));
#3852=CARTESIAN_POINT('Ctrl Pts',(27.6081019738763,-34.8437702453544,3.75492447536461));
#3853=CARTESIAN_POINT('Ctrl Pts',(27.5,-34.8690133646227,3.86302644924088));
#3854=CARTESIAN_POINT('Origin',(28.6672602457861,31.7719534860598,1.73833195636477));
#3855=CARTESIAN_POINT('',(30.4350271987525,2.00000002980232,3.50609890933114));
#3856=CARTESIAN_POINT('Origin',(28.6672602457861,2.00000002980232,1.73833195636477));
#3857=CARTESIAN_POINT('',(30.4350271987525,9.3224719347914E-16,3.50609890933114));
#3858=CARTESIAN_POINT('',(30.4350271987525,31.7719534860598,3.50609890933114));
#3859=CARTESIAN_POINT('Origin',(28.6672602457861,-3.10661424260235E-15,
1.73833195636477));
#3860=CARTESIAN_POINT('Ctrl Pts',(27.9625258644942,6.00000002980232,2.31007942535397));
#3861=CARTESIAN_POINT('Ctrl Pts',(27.8352022547896,6.00000002980232,2.));
#3862=CARTESIAN_POINT('Ctrl Pts',(27.5,6.00000002980232,2.));
#3863=CARTESIAN_POINT('Ctrl Pts',(29.8126293224711,6.00000002980232,1.55039712676982));
#3864=CARTESIAN_POINT('Ctrl Pts',(29.1760112739481,6.00000002980232,8.32667268468867E-16));
#3865=CARTESIAN_POINT('Ctrl Pts',(27.5,6.00000002980232,5.55111512312578E-16));
#3866=CARTESIAN_POINT('Ctrl Pts',(29.8126293224711,8.00000002980232,1.55039712676982));
#3867=CARTESIAN_POINT('Ctrl Pts',(29.1760112739481,8.00000002980232,8.32667268468867E-16));
#3868=CARTESIAN_POINT('Ctrl Pts',(27.5,8.00000002980232,5.55111512312578E-16));
#3869=CARTESIAN_POINT('',(27.9625258644942,6.00000002980232,2.31007942535396));
#3870=CARTESIAN_POINT('Origin',(27.9625258644942,8.00000002980232,2.31007942535396));
#3871=CARTESIAN_POINT('',(27.5,6.00000002980232,2.));
#3872=CARTESIAN_POINT('Origin',(27.5,6.00000002980232,2.5));
#3873=CARTESIAN_POINT('',(27.5,8.00000002980232,0.));
#3874=CARTESIAN_POINT('Origin',(27.5,8.00000002980232,2.));
#3875=CARTESIAN_POINT('Origin',(27.5,8.00000002980232,2.5));
#3876=CARTESIAN_POINT('Origin',(32.0000002533197,8.00000002980232,2.));
#3877=CARTESIAN_POINT('',(-45.,6.00000002980232,2.));
#3878=CARTESIAN_POINT('Origin',(-45.,8.00000002980232,2.));
#3879=CARTESIAN_POINT('',(32.0000002533197,8.00000002980232,0.));
#3880=CARTESIAN_POINT('',(32.0000002533197,6.00000002980232,2.));
#3881=CARTESIAN_POINT('Origin',(-45.,8.00000002980232,5.));
#3882=CARTESIAN_POINT('',(-48.,6.00000002980232,5.));
#3883=CARTESIAN_POINT('Origin',(-48.,8.00000002980232,5.));
#3884=CARTESIAN_POINT('Origin',(-45.,6.00000002980232,5.));
#3885=CARTESIAN_POINT('Ctrl Pts',(29.8126293224711,8.00000002980232,1.55039712676982));
#3886=CARTESIAN_POINT('Ctrl Pts',(29.8126293224711,8.00000002980232,1.55039712676982));
#3887=CARTESIAN_POINT('Ctrl Pts',(29.8126293224711,8.00000002980232,1.55039712676982));
#3888=CARTESIAN_POINT('Ctrl Pts',(29.8126293224711,8.00000002980232,1.55039712676982));
#3889=CARTESIAN_POINT('Ctrl Pts',(29.8126293224711,8.00000002980232,1.55039712676982));
#3890=CARTESIAN_POINT('Ctrl Pts',(29.8126293224711,8.00000002980232,1.55039712676982));
#3891=CARTESIAN_POINT('Ctrl Pts',(29.8126293224711,8.00000002980232,1.55039712676982));
#3892=CARTESIAN_POINT('Ctrl Pts',(29.8126293224711,6.00000002980232,1.55039712676982));
#3893=CARTESIAN_POINT('Ctrl Pts',(29.8126293224711,6.00000002980232,1.55039712676982));
#3894=CARTESIAN_POINT('Ctrl Pts',(29.8126293224711,6.00000002980232,1.55039712676982));
#3895=CARTESIAN_POINT('Ctrl Pts',(29.8126293224711,6.00000002980232,1.55039712676982));
#3896=CARTESIAN_POINT('Ctrl Pts',(29.8126293224711,6.00000002980232,1.55039712676982));
#3897=CARTESIAN_POINT('Ctrl Pts',(29.8126293224711,6.00000002980232,1.55039712676982));
#3898=CARTESIAN_POINT('Ctrl Pts',(29.8126293224711,6.00000002980232,1.55039712676982));
#3899=CARTESIAN_POINT('Ctrl Pts',(31.2268428848441,6.00000002980232,0.136183564396699));
#3900=CARTESIAN_POINT('Ctrl Pts',(32.1728387431355,6.00000002980232,1.08217942268802));
#3901=CARTESIAN_POINT('Ctrl Pts',(31.6596030407076,6.00000002980232,2.31765724181794));
#3902=CARTESIAN_POINT('Ctrl Pts',(31.1463673382796,6.00000002980232,3.55313506094786));
#3903=CARTESIAN_POINT('Ctrl Pts',(29.8085299757791,6.00000002980232,3.55039292560458));
#3904=CARTESIAN_POINT('Ctrl Pts',(28.4706926132785,6.00000002980232,3.54765079026131));
#3905=CARTESIAN_POINT('Ctrl Pts',(27.9625258644942,6.00000002980232,2.31007942535396));
#3906=CARTESIAN_POINT('',(30.5140627101016,6.00000002980232,3.42336034122895));
#3907=CARTESIAN_POINT('Ctrl Pts',(30.8476911865239,6.07321826236687,0.515335262717016));
#3908=CARTESIAN_POINT('Ctrl Pts',(30.9583730986615,6.09026890711931,0.71266553111295));
#3909=CARTESIAN_POINT('Ctrl Pts',(31.0422168438721,6.10488992058282,0.924935294010834));
#3910=CARTESIAN_POINT('Ctrl Pts',(31.178011144691,6.11795788828069,1.48230842389165));
#3911=CARTESIAN_POINT('Ctrl Pts',(31.1833491991299,6.10207847702917,1.80359352352483));
#3912=CARTESIAN_POINT('Ctrl Pts',(31.1090735823053,6.06464127816805,2.32313607496485));
#3913=CARTESIAN_POINT('Ctrl Pts',(31.0438006416801,6.04456220861394,2.54869890054567));
#3914=CARTESIAN_POINT('Ctrl Pts',(30.8395478376878,6.01141773413172,3.00381342647651));
#3915=CARTESIAN_POINT('Ctrl Pts',(30.6932531328102,6.00000002980232,3.22696643047199));
#3916=CARTESIAN_POINT('Ctrl Pts',(30.5140627101016,6.00000002980232,3.42336034122896));
#3917=CARTESIAN_POINT('Origin',(29.8126293224711,6.00000002980232,1.55039712676982));
#3918=CARTESIAN_POINT('Origin',(34.0000005066395,6.00000002980232,0.));
#3919=CARTESIAN_POINT('',(30.4350271987525,6.00000002980232,3.50609890933114));
#3920=CARTESIAN_POINT('Origin',(28.6672602457861,6.00000002980232,1.73833195636477));
#3921=CARTESIAN_POINT('',(26.3804659363038,6.00000002980232,7.56066017177982));
#3922=CARTESIAN_POINT('',(33.0866787295402,6.00000002980232,0.854447378543416));
#3923=CARTESIAN_POINT('',(25.319805764524,6.00000002980232,5.));
#3924=CARTESIAN_POINT('Origin',(25.319805764524,6.00000002980232,6.5));
#3925=CARTESIAN_POINT('',(-67.6678111057973,6.00000002980232,5.));
#3926=CARTESIAN_POINT('Origin',(28.6672602457861,31.7719534860598,1.73833195636477));
#3927=CARTESIAN_POINT('',(30.4350271987525,8.5,3.50609890933115));
#3928=CARTESIAN_POINT('Origin',(28.6672602457861,8.50000000000001,1.73833195636478));
#3929=CARTESIAN_POINT('',(30.4350271987525,31.7719534860598,3.50609890933114));
#3930=CARTESIAN_POINT('Origin',(31.8492407611256,4.16333634234434E-15,4.92031247170424));
#3931=CARTESIAN_POINT('',(30.6477903647725,-1.05500421335936,3.71886207535115));
#3932=CARTESIAN_POINT('Origin',(29.1459773693311,-2.37375948005856,2.21704907990979));
#3933=CARTESIAN_POINT('',(31.8492407611255,-2.,4.92031247170424));
#3934=CARTESIAN_POINT('Origin',(31.8492407611256,4.16333634234434E-15,4.92031247170424));
#3935=CARTESIAN_POINT('',(33.6170077140919,-4.5,3.15254551873787));
#3936=CARTESIAN_POINT('Origin',(31.8492407611255,-4.5,4.92031247170424));
#3937=CARTESIAN_POINT('Origin',(33.6170077140919,4.16333634234434E-15,3.15254551873788));
#3938=CARTESIAN_POINT('Origin',(36.508016705314,-4.5,9.57908841589269));
#3939=CARTESIAN_POINT('',(33.9705611046852,-2.,7.04163281526388));
#3940=CARTESIAN_POINT('',(35.7383280576516,-4.50000000000001,5.27386586229751));
#3941=CARTESIAN_POINT('Origin',(33.9705611046852,-4.50000000000001,7.04163281526388));
#3942=CARTESIAN_POINT('',(38.2757836582804,-4.5,7.81132146292632));
#3943=CARTESIAN_POINT('',(36.508016705314,-2.,9.57908841589269));
#3944=CARTESIAN_POINT('Origin',(33.9705611046852,3.33066907387547E-15,7.04163281526388));
#3945=CARTESIAN_POINT('',(35.3847746670583,9.9579925010292E-17,8.45584637763698));
#3946=CARTESIAN_POINT('',(38.920308572991,-3.88578058618805E-15,8.45584637763698));
#3947=CARTESIAN_POINT('Origin',(37.1525416200247,-3.88578058618805E-15,
10.2236133306033));
#3948=CARTESIAN_POINT('Origin',(35.7383280576516,3.33066907387547E-15,5.27386586229751));
#3949=CARTESIAN_POINT('Origin',(33.9705611046852,3.33066907387547E-15,7.04163281526388));
#3950=CARTESIAN_POINT('Origin',(37.1525416200247,27.5219534860598,10.2236133306033));
#3951=CARTESIAN_POINT('',(35.3847746670583,8.5,8.45584637763698));
#3952=CARTESIAN_POINT('',(38.920308572991,8.5,8.45584637763698));
#3953=CARTESIAN_POINT('Origin',(37.1525416200247,8.5,10.2236133306033));
#3954=CARTESIAN_POINT('',(38.920308572991,27.5219534860598,8.45584637763698));
#3955=CARTESIAN_POINT('',(35.3847746670583,27.5219534860598,8.45584637763698));
#3956=CARTESIAN_POINT('Origin',(33.9705611046852,8.5,7.04163281526388));
#3957=CARTESIAN_POINT('',(33.9705611046852,10.5,7.04163281526388));
#3958=CARTESIAN_POINT('',(35.7383280576516,13.,5.27386586229751));
#3959=CARTESIAN_POINT('Origin',(33.9705611046852,13.,7.04163281526388));
#3960=CARTESIAN_POINT('Origin',(35.7383280576516,8.5,5.27386586229751));
#3961=CARTESIAN_POINT('Origin',(33.9705611046852,8.5,7.04163281526388));
#3962=CARTESIAN_POINT('Origin',(37.5686768770938,13.,10.6397485876725));
#3963=CARTESIAN_POINT('',(31.8492407611255,10.5,4.92031247170424));
#3964=CARTESIAN_POINT('',(33.6170077140919,13.,3.15254551873787));
#3965=CARTESIAN_POINT('Origin',(31.8492407611255,13.,4.92031247170424));
#3966=CARTESIAN_POINT('',(39.3364438300602,13.,8.87198163470613));
#3967=CARTESIAN_POINT('',(37.5686768770938,10.5,10.6397485876725));
#3968=CARTESIAN_POINT('Origin',(31.8492407611255,8.5,4.92031247170424));
#3969=CARTESIAN_POINT('',(30.6477903647725,9.55500421335936,3.71886207535115));
#3970=CARTESIAN_POINT('Origin',(29.1459773693311,10.8737594800586,2.21704907990979));
#3971=CARTESIAN_POINT('Origin',(33.6170077140919,8.5,3.15254551873787));
#3972=CARTESIAN_POINT('Origin',(31.8492407611255,8.5,4.92031247170424));
#3973=CARTESIAN_POINT('Origin',(31.8492407611256,4.16333634234434E-15,4.92031247170424));
#3974=CARTESIAN_POINT('Origin',(31.8492407611256,4.16333634234434E-15,4.92031247170424));
#3975=CARTESIAN_POINT('Origin',(31.8492407611255,8.5,4.92031247170424));
#3976=CARTESIAN_POINT('Origin',(31.8492407611255,8.5,4.92031247170424));
#3977=CARTESIAN_POINT('Origin',(42.9345596024688,55.0439069721196,12.4700974071147));
#3978=CARTESIAN_POINT('',(42.9345596024688,55.0439069721196,12.4700974071147));
#3979=CARTESIAN_POINT('',(42.9345596024688,55.0439069721196,12.4700974071147));
#3980=CARTESIAN_POINT('',(42.9345596024688,-44.9560930278804,12.4700974071147));
#3981=CARTESIAN_POINT('',(42.9345596024688,55.0439069721196,12.4700974071147));
#3982=CARTESIAN_POINT('',(42.9345596024688,-44.9560930278804,12.4700974071147));
#3983=CARTESIAN_POINT('Origin',(25.319805764524,6.25000000372529,6.5));
#3984=CARTESIAN_POINT('',(26.3804659363038,2.00000002980232,7.56066017177982));
#3985=CARTESIAN_POINT('',(25.319805764524,2.00000002980232,5.));
#3986=CARTESIAN_POINT('Origin',(25.319805764524,2.00000002980232,6.5));
#3987=CARTESIAN_POINT('',(25.319805764524,6.25000000372529,5.));
#3988=CARTESIAN_POINT('',(26.3804659363038,6.25000000372529,7.56066017177982));
#3989=CARTESIAN_POINT('Origin',(-12.6042602115182,4.00000000745058,5.));
#3990=CARTESIAN_POINT('',(34.0000005066395,2.00000002980232,5.));
#3991=CARTESIAN_POINT('Origin',(-58.033711242285,2.00000002980232,0.));
#3992=CARTESIAN_POINT('',(10.0782507923091,2.00000002980232,23.8628753157745));
#3993=CARTESIAN_POINT('Origin',(32.2027941517188,8.5,1.73833195636477));
#3994=CARTESIAN_POINT('',(23.9411261080836,8.5,10.));
#3995=CARTESIAN_POINT('',(32.2027941517188,8.5,1.73833195636477));
#3996=CARTESIAN_POINT('',(23.9411261080836,9.3224719347914E-16,10.));
#3997=CARTESIAN_POINT('',(23.9411261080836,4.25,10.));
#3998=CARTESIAN_POINT('',(32.2027941517188,9.3224719347914E-16,1.73833195636477));
#3999=CARTESIAN_POINT('Origin',(30.,0.,0.));
#4000=CARTESIAN_POINT('',(27.5,40.,0.));
#4001=CARTESIAN_POINT('',(10.,40.,0.));
#4002=CARTESIAN_POINT('',(27.5,0.,0.));
#4003=CARTESIAN_POINT('Origin',(27.5,0.,2.5));
#4004=CARTESIAN_POINT('Origin',(27.5,40.,2.5));
#4005=CARTESIAN_POINT('Origin',(35.7383280576516,8.5,5.27386586229751));
#4006=CARTESIAN_POINT('',(31.4956873705323,8.5,12.344933674163));
#4007=CARTESIAN_POINT('',(37.1525416200247,8.5,6.68807942467061));
#4008=CARTESIAN_POINT('',(30.0814738081592,10.5,10.9307201117899));
#4009=CARTESIAN_POINT('Origin',(30.0814738081592,8.5,10.9307201117899));
#4010=CARTESIAN_POINT('',(35.7383280576516,10.5,5.27386586229751));
#4011=CARTESIAN_POINT('Origin',(37.1525416200247,9.9579925010292E-17,6.68807942467061));
#4012=CARTESIAN_POINT('',(31.4956873705323,9.9579925010292E-17,12.344933674163));
#4013=CARTESIAN_POINT('',(37.1525416200247,9.9579925010292E-17,6.68807942467061));
#4014=CARTESIAN_POINT('',(31.4956873705323,-23.4780465139402,12.344933674163));
#4015=CARTESIAN_POINT('Origin',(35.7383280576516,3.33066907387547E-15,5.27386586229751));
#4016=CARTESIAN_POINT('',(30.0814738081592,-2.,10.9307201117899));
#4017=CARTESIAN_POINT('',(35.7383280576516,-2.,5.27386586229751));
#4018=CARTESIAN_POINT('Origin',(30.0814738081592,3.33066907387547E-15,10.9307201117899));
#4019=CARTESIAN_POINT('Origin',(33.6170077140919,-2.,3.15254551873787));
#4020=CARTESIAN_POINT('',(26.7695532328298,-2.,10.));
#4021=CARTESIAN_POINT('',(33.6170077140919,-2.,3.15254551873787));
#4022=CARTESIAN_POINT('',(29.1507536963693,-2.,10.));
#4023=CARTESIAN_POINT('',(-8.19149614295404,-2.00000000000002,10.));
#4024=CARTESIAN_POINT('',(32.6189294087879,-2.,13.4681757124187));
#4025=CARTESIAN_POINT('Origin',(33.6170077140919,4.16333634234434E-15,3.15254551873787));
#4026=CARTESIAN_POINT('Origin',(26.7695532328298,4.16333634234434E-15,10.));
#4027=CARTESIAN_POINT('Origin',(33.6170077140919,8.5,3.15254551873787));
#4028=CARTESIAN_POINT('',(26.7695532328298,10.5,10.));
#4029=CARTESIAN_POINT('',(33.6170077140919,10.5,3.15254551873787));
#4030=CARTESIAN_POINT('Origin',(26.7695532328298,8.5,10.));
#4031=CARTESIAN_POINT('Origin',(35.7383280576516,10.5,5.27386586229751));
#4032=CARTESIAN_POINT('',(29.1507536963693,10.5,10.));
#4033=CARTESIAN_POINT('',(33.6795895805678,10.5,14.5288358841985));
#4034=CARTESIAN_POINT('',(-7.13083597117422,10.5,10.));
#4035=CARTESIAN_POINT('Origin',(37.2777053529764,-46.9560930278804,18.1269516566071));
#4036=CARTESIAN_POINT('',(29.1507536963693,-30.,10.));
#4037=CARTESIAN_POINT('',(29.1507536963693,-23.4780465139402,10.));
#4038=CARTESIAN_POINT('',(26.3939591747946,-34.468560079216,7.2432054784253));
#4039=CARTESIAN_POINT('Origin',(24.1507536963693,-30.,5.));
#4040=CARTESIAN_POINT('',(26.6711036351782,-34.468560079216,7.52034993880889));
#4041=CARTESIAN_POINT('',(26.6711036351782,-34.468560079216,7.52034993880889));
#4042=CARTESIAN_POINT('',(26.6711036351782,-46.9560930278804,7.5203499388089));
#4043=CARTESIAN_POINT('',(26.6711036351782,57.0439069721196,7.52034993880888));
#4044=CARTESIAN_POINT('',(37.2777053529764,-46.9560930278804,18.1269516566071));
#4045=CARTESIAN_POINT('',(37.2777053529764,-46.9560930278804,18.1269516566071));
#4046=CARTESIAN_POINT('',(37.2777053529764,57.0439069721196,18.1269516566071));
#4047=CARTESIAN_POINT('',(37.2777053529764,57.0439069721196,18.1269516566071));
#4048=CARTESIAN_POINT('',(26.6711036351782,57.0439069721196,7.5203499388089));
#4049=CARTESIAN_POINT('',(37.2777053529764,57.0439069721196,18.1269516566071));
#4050=CARTESIAN_POINT('',(26.6711036351782,44.4895308668401,7.52034993880889));
#4051=CARTESIAN_POINT('',(26.6711036351782,57.0439069721196,7.52034993880888));
#4052=CARTESIAN_POINT('',(26.3516881787404,44.4895308668401,7.20093448237107));
#4053=CARTESIAN_POINT('',(26.6711036351782,44.4895308668401,7.52034993880889));
#4054=CARTESIAN_POINT('',(29.1507536963693,40.,10.));
#4055=CARTESIAN_POINT('Origin',(24.1507536963693,40.,5.));
#4056=CARTESIAN_POINT('',(29.1507536963693,-23.4780465139402,10.));
#4057=CARTESIAN_POINT('Origin',(-47.6045447452468,57.0000009685755,79.6746779756742));
#4058=CARTESIAN_POINT('',(-46.5438845734669,58.5000009685755,80.7353381474541));
#4059=CARTESIAN_POINT('Origin',(-46.5438845734669,57.0000009685755,80.7353381474541));
#4060=CARTESIAN_POINT('',(-44.0690108393141,58.5000009685755,83.2102118816069));
#4061=CARTESIAN_POINT('',(-47.6045447452468,58.5000009685755,79.6746779756742));
#4062=CARTESIAN_POINT('Origin',(-44.0690108393141,57.0000009685755,83.2102118816069));
#4063=CARTESIAN_POINT('Origin',(-44.0690108393141,57.0000009685755,83.2102118816069));
#4064=CARTESIAN_POINT('Origin',(-47.6045436915756,-47.,79.6746769220029));
#4065=CARTESIAN_POINT('',(-46.5438835197957,-45.5,80.7353370937828));
#4066=CARTESIAN_POINT('Origin',(-46.5438835197957,-47.,80.7353370937828));
#4067=CARTESIAN_POINT('',(-44.0690097856429,-45.5,83.2102108279357));
#4068=CARTESIAN_POINT('',(-47.6045436915756,-45.5,79.6746769220029));
#4069=CARTESIAN_POINT('Origin',(-44.0690097856429,-47.,83.2102108279357));
#4070=CARTESIAN_POINT('Origin',(-44.0690097856429,-47.,83.2102108279357));
#4071=CARTESIAN_POINT('Origin',(-46.8680016082228,-46.9560930278804,81.0594551822098));
#4072=CARTESIAN_POINT('',(-34.4936329374582,-46.9560930278804,89.8982899470417));
#4073=CARTESIAN_POINT('',(-36.2613998904246,-44.4560930278804,91.666056900008));
#4074=CARTESIAN_POINT('Origin',(-36.2613998904246,-46.9560930278804,91.666056900008));
#4075=CARTESIAN_POINT('',(-45.1002346552564,-46.9560930278804,79.2916882292434));
#4076=CARTESIAN_POINT('',(-45.1002346552564,-46.9560930278804,79.2916882292434));
#4077=CARTESIAN_POINT('',(-46.8680016082228,-44.4560930278804,81.0594551822098));
#4078=CARTESIAN_POINT('Origin',(-46.8680016082228,-46.9560930278804,81.0594551822098));
#4079=CARTESIAN_POINT('',(-46.8680016082228,-44.4560930278804,81.0594551822098));
#4080=CARTESIAN_POINT('Origin',(-36.2613998904246,57.0439069721196,91.666056900008));
#4081=CARTESIAN_POINT('',(-46.8680016082228,54.5439069721196,81.0594551822098));
#4082=CARTESIAN_POINT('',(-46.8680016082228,-46.9560930278804,81.0594551822098));
#4083=CARTESIAN_POINT('',(-36.2613998904246,54.5439069721196,91.666056900008));
#4084=CARTESIAN_POINT('',(-46.8680016082228,54.5439069721196,81.0594551822098));
#4085=CARTESIAN_POINT('',(-36.2613998904246,-46.9560930278804,91.666056900008));
#4086=CARTESIAN_POINT('Origin',(-46.8680016082228,57.0439069721196,81.0594551822098));
#4087=CARTESIAN_POINT('',(-34.4936329374582,57.0439069721196,89.8982899470417));
#4088=CARTESIAN_POINT('Origin',(-36.2613998904246,57.0439069721196,91.666056900008));
#4089=CARTESIAN_POINT('',(-45.1002346552564,57.0439069721196,79.2916882292434));
#4090=CARTESIAN_POINT('Origin',(-46.8680016082228,57.0439069721196,81.0594551822098));
#4091=CARTESIAN_POINT('',(-45.1002346552564,57.0439069721196,79.2916882292434));
#4092=CARTESIAN_POINT('Origin',(37.2777053529764,57.0439069721196,18.1269516566071));
#4093=CARTESIAN_POINT('',(-46.8680016082228,57.0439069721196,81.0594551822098));
#4094=CARTESIAN_POINT('',(-36.2613998904246,57.0439069721196,91.666056900008));
#4095=CARTESIAN_POINT('Origin',(0.508152731275899,5.04390697211964,54.8965042783076));
#4096=CARTESIAN_POINT('',(37.2777053529764,-46.9560930278804,18.1269516566071));
#4097=CARTESIAN_POINT('',(-1.42337067442428,-23.7952541335267,56.8280276840078));
#4098=CARTESIAN_POINT('',(-1.42337067442428,-37.001677296657,56.8280276840078));
#4099=CARTESIAN_POINT('',(-1.42337067442428,-23.7952541335267,56.8280276840078));
#4100=CARTESIAN_POINT('',(-10.9662114944359,-23.7952541335267,66.3708685040194));
#4101=CARTESIAN_POINT('',(-10.9662114944359,-23.7952541335267,66.3708685040194));
#4102=CARTESIAN_POINT('',(-10.9662114944359,-37.001677296657,66.3708685040194));
#4103=CARTESIAN_POINT('',(-10.9662114944359,-37.001677296657,66.3708685040194));
#4104=CARTESIAN_POINT('',(-1.42337067442428,-37.001677296657,56.8280276840078));
#4105=CARTESIAN_POINT('',(15.2766007605962,-0.081530789511608,40.1280562489873));
#4106=CARTESIAN_POINT('',(15.2766007605962,-13.287953952642,40.1280562489873));
#4107=CARTESIAN_POINT('',(15.2766007605962,-0.081530789511608,40.1280562489873));
#4108=CARTESIAN_POINT('',(6.07457568415632,-0.081530789511608,49.3300813254272));
#4109=CARTESIAN_POINT('',(6.07457568415632,-0.081530789511608,49.3300813254272));
#4110=CARTESIAN_POINT('',(6.07457568415632,-13.287953952642,49.3300813254272));
#4111=CARTESIAN_POINT('',(6.07457568415632,-13.287953952642,49.3300813254272));
#4112=CARTESIAN_POINT('',(15.2766007605962,-13.287953952642,40.1280562489873));
#4113=CARTESIAN_POINT('',(-18.6131663530818,-24.0000003576279,74.0178233626652));
#4114=CARTESIAN_POINT('',(-18.6131663530818,-36.7401007242071,74.0178233626652));
#4115=CARTESIAN_POINT('',(-18.6131663530818,-24.0000003576279,74.0178233626652));
#4116=CARTESIAN_POINT('',(-27.5735368045253,-24.0000003576279,82.9781938141087));
#4117=CARTESIAN_POINT('',(-27.5735368045253,-24.0000003576279,82.9781938141087));
#4118=CARTESIAN_POINT('',(-27.5735368045253,-36.7401007242071,82.9781938141087));
#4119=CARTESIAN_POINT('',(-27.5735368045253,-36.7401007242071,82.9781938141087));
#4120=CARTESIAN_POINT('',(-18.6131663530818,-36.7401007242071,74.0178233626652));
#4121=CARTESIAN_POINT('',(-1.42337067442428,23.4393980557716,56.8280276840078));
#4122=CARTESIAN_POINT('',(-1.42337067442428,10.2329748926413,56.8280276840078));
#4123=CARTESIAN_POINT('',(-1.42337067442428,23.4393980557716,56.8280276840078));
#4124=CARTESIAN_POINT('',(-10.9662114944359,23.4393980557716,66.3708685040194));
#4125=CARTESIAN_POINT('',(-10.9662114944359,23.4393980557716,66.3708685040194));
#4126=CARTESIAN_POINT('',(-10.9662114944359,10.2329748926413,66.3708685040194));
#4127=CARTESIAN_POINT('',(-10.9662114944359,10.2329748926413,66.3708685040194));
#4128=CARTESIAN_POINT('',(-1.42337067442428,10.2329748926413,56.8280276840078));
#4129=CARTESIAN_POINT('',(-18.2596129572202,47.5412472100589,73.6642699668036));
#4130=CARTESIAN_POINT('',(-18.2596129572202,34.3335499097687,73.6642699668036));
#4131=CARTESIAN_POINT('',(-18.2596129572202,47.5412472100589,73.6642699668036));
#4132=CARTESIAN_POINT('',(-27.8913074151351,47.5412472100589,83.2959644247185));
#4133=CARTESIAN_POINT('',(-27.8913074151351,47.5412472100589,83.2959644247185));
#4134=CARTESIAN_POINT('',(-27.8913074151351,34.3335499097687,83.2959644247185));
#4135=CARTESIAN_POINT('',(-27.8913074151351,34.3335499097687,83.2959644247185));
#4136=CARTESIAN_POINT('',(-18.2596129572202,34.3335499097687,73.6642699668036));
#4137=CARTESIAN_POINT('',(15.2766007605962,-23.7952541335267,40.1280562489873));
#4138=CARTESIAN_POINT('',(15.2766007605962,-37.001677296657,40.1280562489873));
#4139=CARTESIAN_POINT('',(15.2766007605962,-23.7952541335267,40.1280562489873));
#4140=CARTESIAN_POINT('',(6.07457568415632,-23.7952541335267,49.3300813254272));
#4141=CARTESIAN_POINT('',(6.07457568415632,-23.7952541335267,49.3300813254272));
#4142=CARTESIAN_POINT('',(6.07457568415632,-37.001677296657,49.3300813254272));
#4143=CARTESIAN_POINT('',(6.07457568415632,-37.001677296657,49.3300813254272));
#4144=CARTESIAN_POINT('',(15.2766007605962,-37.001677296657,40.1280562489873));
#4145=CARTESIAN_POINT('',(-1.42337067442428,-0.177928038877528,56.8280276840078));
#4146=CARTESIAN_POINT('',(-1.42337067442428,-13.6735429501056,56.8280276840078));
#4147=CARTESIAN_POINT('',(-1.42337067442428,-0.177928038877528,56.8280276840078));
#4148=CARTESIAN_POINT('',(-10.9662114944359,-0.177928038877528,66.3708685040194));
#4149=CARTESIAN_POINT('',(-10.9662114944359,-0.177928038877528,66.3708685040194));
#4150=CARTESIAN_POINT('',(-10.9662114944359,-13.6735429501056,66.3708685040194));
#4151=CARTESIAN_POINT('',(-10.9662114944359,-13.6735429501056,66.3708685040194));
#4152=CARTESIAN_POINT('',(-1.42337067442428,-13.6735429501056,56.8280276840078));
#4153=CARTESIAN_POINT('',(27.6449715496733,24.7767305911128,27.7596854599102));
#4154=CARTESIAN_POINT('Origin',(27.6449715496733,28.7767305911128,27.7596854599102));
#4155=CARTESIAN_POINT('',(-18.2596129572202,0.,73.6642699668036));
#4156=CARTESIAN_POINT('',(-18.2596129572202,-13.2537339961456,73.6642699668036));
#4157=CARTESIAN_POINT('',(-18.2596129572202,0.,73.6642699668036));
#4158=CARTESIAN_POINT('',(-27.5735368045253,0.,82.9781938141087));
#4159=CARTESIAN_POINT('',(-27.5735368045253,0.,82.9781938141087));
#4160=CARTESIAN_POINT('',(-27.5735368045253,-13.2537339961456,82.9781938141087));
#4161=CARTESIAN_POINT('',(-27.5735368045253,-13.2537339961456,82.9781938141087));
#4162=CARTESIAN_POINT('',(-18.2596129572202,-13.2537339961456,73.6642699668036));
#4163=CARTESIAN_POINT('',(-18.2596129572202,24.0000003576279,73.6642699668036));
#4164=CARTESIAN_POINT('',(-18.2596129572202,10.3915068635498,73.6642699668036));
#4165=CARTESIAN_POINT('',(-18.2596129572202,24.0000003576279,73.6642699668036));
#4166=CARTESIAN_POINT('',(-27.8913074151351,24.0000003576279,83.2959644247185));
#4167=CARTESIAN_POINT('',(-27.8913074151351,24.0000003576279,83.2959644247185));
#4168=CARTESIAN_POINT('',(-27.8913074151351,10.3915068635498,83.2959644247185));
#4169=CARTESIAN_POINT('',(-27.8913074151351,10.3915068635498,83.2959644247185));
#4170=CARTESIAN_POINT('',(-18.2596129572202,10.3915068635498,73.6642699668036));
#4171=CARTESIAN_POINT('',(-1.42337067442428,47.5412472100589,56.8280276840078));
#4172=CARTESIAN_POINT('',(-1.42337067442428,34.3335499097687,56.8280276840078));
#4173=CARTESIAN_POINT('',(-1.42337067442428,47.5412472100589,56.8280276840078));
#4174=CARTESIAN_POINT('',(-10.9662114944359,47.5412472100589,66.3708685040194));
#4175=CARTESIAN_POINT('',(-10.9662114944359,47.5412472100589,66.3708685040194));
#4176=CARTESIAN_POINT('',(-10.9662114944359,34.3335499097687,66.3708685040194));
#4177=CARTESIAN_POINT('',(-10.9662114944359,34.3335499097687,66.3708685040194));
#4178=CARTESIAN_POINT('',(-1.42337067442428,34.3335499097687,56.8280276840078));
#4179=CARTESIAN_POINT('',(20.6312605875591,-35.5000004693866,34.7733964220243));
#4180=CARTESIAN_POINT('Origin',(20.6312605875591,-31.5000004693866,34.7733964220243));
#4181=CARTESIAN_POINT('',(15.2766007605962,47.3459158985185,40.1280562489873));
#4182=CARTESIAN_POINT('',(15.2766007605962,34.33228723412,40.1280562489873));
#4183=CARTESIAN_POINT('',(15.2766007605962,47.3459158985185,40.1280562489873));
#4184=CARTESIAN_POINT('',(6.07457568415632,47.3459158985185,49.3300813254272));
#4185=CARTESIAN_POINT('',(6.07457568415632,47.3459158985185,49.3300813254272));
#4186=CARTESIAN_POINT('',(6.07457568415632,34.33228723412,49.3300813254272));
#4187=CARTESIAN_POINT('',(6.07457568415632,34.33228723412,49.3300813254272));
#4188=CARTESIAN_POINT('',(15.2766007605962,34.33228723412,40.1280562489873));
#4189=CARTESIAN_POINT('',(15.2766007605962,23.5357953051375,40.1280562489873));
#4190=CARTESIAN_POINT('',(15.2766007605962,10.522166640739,40.1280562489873));
#4191=CARTESIAN_POINT('',(15.2766007605962,23.5357953051375,40.1280562489873));
#4192=CARTESIAN_POINT('',(6.07457568415632,23.5357953051375,49.3300813254272));
#4193=CARTESIAN_POINT('',(6.07457568415632,23.5357953051375,49.3300813254272));
#4194=CARTESIAN_POINT('',(6.07457568415632,10.522166640739,49.3300813254272));
#4195=CARTESIAN_POINT('',(6.07457568415632,10.522166640739,49.3300813254272));
#4196=CARTESIAN_POINT('',(15.2766007605962,10.522166640739,40.1280562489873));
#4197=CARTESIAN_POINT('',(26.6131875580744,-35.5000004693866,28.7914694515091));
#4198=CARTESIAN_POINT('Origin',(26.6131875580744,-31.5000004693866,28.7914694515091));
#4199=CARTESIAN_POINT('',(32.7907315073384,-35.5000004693866,22.6139255022451));
#4200=CARTESIAN_POINT('Origin',(32.7907315073384,-31.5000004693866,22.6139255022451));
#4201=CARTESIAN_POINT('Origin',(-40.8829779595069,-44.9560930278804,93.4592078443441));
#4202=CARTESIAN_POINT('',(-38.0545508347607,55.0439069721196,96.2876349690903));
#4203=CARTESIAN_POINT('',(-41.918254139917,55.0439069721196,97.3229111495004));
#4204=CARTESIAN_POINT('Origin',(-40.8829779595069,55.0439069721196,93.4592078443441));
#4205=CARTESIAN_POINT('',(-41.918254139917,-44.9560930278804,97.3229111495004));
#4206=CARTESIAN_POINT('',(-41.918254139917,-44.9560930278804,97.3229111495004));
#4207=CARTESIAN_POINT('',(-38.0545508347607,-44.9560930278804,96.2876349690903));
#4208=CARTESIAN_POINT('Origin',(-40.8829779595069,-44.9560930278804,93.4592078443441));
#4209=CARTESIAN_POINT('',(-38.0545508347607,-44.9560930278804,96.2876349690903));
#4210=CARTESIAN_POINT('Origin',(-36.2613998904246,55.0439069721196,88.8376297752619));
#4211=CARTESIAN_POINT('',(-33.4329727656784,61.5798053569819,91.6660569000081));
#4212=CARTESIAN_POINT('',(-34.8471863280515,65.0439069721196,90.251843337635));
#4213=CARTESIAN_POINT('Origin',(-36.2613998904246,61.5798053569819,88.8376297752619));
#4214=CARTESIAN_POINT('Origin',(-34.8471863280515,55.0439069721196,90.2518433376349));
#4215=CARTESIAN_POINT('Origin',(-33.4329727656784,55.0439069721196,91.666056900008));
#4216=CARTESIAN_POINT('Origin',(-36.2613998904246,-44.9560930278804,88.8376297752619));
#4217=CARTESIAN_POINT('',(-34.8471863280515,-54.9560930278804,90.2518433376349));
#4218=CARTESIAN_POINT('',(-33.4329727656784,-51.4919914127426,91.666056900008));
#4219=CARTESIAN_POINT('Origin',(-36.2613998904246,-51.4919914127426,88.8376297752619));
#4220=CARTESIAN_POINT('Origin',(-33.4329727656784,-44.9560930278804,91.666056900008));
#4221=CARTESIAN_POINT('Origin',(-34.8471863280515,-44.9560930278804,90.2518433376349));
#4222=CARTESIAN_POINT('Origin',(-36.2613998904246,61.5798053569819,88.8376297752619));
#4223=CARTESIAN_POINT('',(37.2777053529764,61.5798053569819,20.9553787813533));
#4224=CARTESIAN_POINT('',(35.8634917906033,65.0439069721196,19.5411652189802));
#4225=CARTESIAN_POINT('Origin',(34.4492782282302,61.5798053569819,18.1269516566072));
#4226=CARTESIAN_POINT('',(-34.8471863280515,65.0439069721196,90.251843337635));
#4227=CARTESIAN_POINT('',(-33.4329727656784,61.5798053569819,91.6660569000081));
#4228=CARTESIAN_POINT('Origin',(34.4492782282302,-51.4919914127426,18.1269516566071));
#4229=CARTESIAN_POINT('',(35.8634917906033,-54.9560930278804,19.5411652189802));
#4230=CARTESIAN_POINT('',(37.2777053529764,-51.4919914127426,20.9553787813533));
#4231=CARTESIAN_POINT('Origin',(34.4492782282302,-51.4919914127426,18.1269516566071));
#4232=CARTESIAN_POINT('',(37.2777053529764,-51.4919914127426,20.9553787813533));
#4233=CARTESIAN_POINT('',(35.8634917906033,-54.9560930278804,19.5411652189802));
#4234=CARTESIAN_POINT('Origin',(34.4492782282302,55.0439069721196,18.1269516566071));
#4235=CARTESIAN_POINT('',(41.8992834220587,55.0439069721196,16.333800712271));
#4236=CARTESIAN_POINT('Origin',(39.0708562973125,55.0439069721196,13.5053735875248));
#4237=CARTESIAN_POINT('Origin',(35.8634917906033,55.0439069721196,19.5411652189802));
#4238=CARTESIAN_POINT('Origin',(37.2777053529764,55.0439069721196,20.9553787813533));
#4239=CARTESIAN_POINT('Origin',(34.4492782282302,-44.9560930278804,18.1269516566071));
#4240=CARTESIAN_POINT('',(41.8992834220587,-44.9560930278804,16.333800712271));
#4241=CARTESIAN_POINT('Origin',(39.0708562973125,-44.9560930278804,13.5053735875248));
#4242=CARTESIAN_POINT('Origin',(37.2777053529764,-44.9560930278804,20.9553787813533));
#4243=CARTESIAN_POINT('Origin',(35.8634917906033,-44.9560930278804,19.5411652189802));
#4244=CARTESIAN_POINT('Origin',(39.0708562973125,55.0439069721196,13.5053735875248));
#4245=CARTESIAN_POINT('',(41.8992834220587,55.0439069721196,16.333800712271));
#4246=CARTESIAN_POINT('Origin',(1.92236629364899,5.04390697211964,56.3107178406807));
#4247=CARTESIAN_POINT('',(-0.00915711205118352,-23.7952541335267,58.2422412463808));
#4248=CARTESIAN_POINT('',(-0.00915711205118352,-37.001677296657,58.2422412463808));
#4249=CARTESIAN_POINT('',(-0.00915711205118824,-23.7952541335267,58.2422412463809));
#4250=CARTESIAN_POINT('',(-9.55199793206281,-37.001677296657,67.7850820663925));
#4251=CARTESIAN_POINT('',(-0.00915711205118824,-37.001677296657,58.2422412463809));
#4252=CARTESIAN_POINT('',(-9.55199793206281,-23.7952541335267,67.7850820663925));
#4253=CARTESIAN_POINT('',(-9.5519979320628,-37.001677296657,67.7850820663925));
#4254=CARTESIAN_POINT('',(-9.5519979320628,-23.7952541335267,67.7850820663925));
#4255=CARTESIAN_POINT('',(16.6908143229693,-0.081530789511608,41.5422698113604));
#4256=CARTESIAN_POINT('',(16.6908143229693,-13.287953952642,41.5422698113604));
#4257=CARTESIAN_POINT('',(16.6908143229693,-0.081530789511608,41.5422698113604));
#4258=CARTESIAN_POINT('',(7.48878924652941,-13.287953952642,50.7442948878003));
#4259=CARTESIAN_POINT('',(16.6908143229693,-13.287953952642,41.5422698113604));
#4260=CARTESIAN_POINT('',(7.48878924652941,-0.081530789511608,50.7442948878003));
#4261=CARTESIAN_POINT('',(7.48878924652941,-13.287953952642,50.7442948878003));
#4262=CARTESIAN_POINT('',(7.48878924652941,-0.081530789511608,50.7442948878003));
#4263=CARTESIAN_POINT('',(-17.1989527907087,-24.0000003576279,75.4320369250384));
#4264=CARTESIAN_POINT('',(-17.1989527907087,-36.7401007242071,75.4320369250384));
#4265=CARTESIAN_POINT('',(-17.1989527907087,-24.0000003576279,75.4320369250384));
#4266=CARTESIAN_POINT('',(-26.1593232421522,-36.7401007242071,84.3924073764818));
#4267=CARTESIAN_POINT('',(-17.1989527907087,-36.7401007242071,75.4320369250384));
#4268=CARTESIAN_POINT('',(-26.1593232421522,-24.0000003576279,84.3924073764818));
#4269=CARTESIAN_POINT('',(-26.1593232421522,-36.7401007242071,84.3924073764818));
#4270=CARTESIAN_POINT('',(-26.1593232421522,-24.0000003576279,84.3924073764818));
#4271=CARTESIAN_POINT('',(-0.00915711205118352,23.4393980557716,58.2422412463808));
#4272=CARTESIAN_POINT('',(-0.00915711205118352,10.2329748926413,58.2422412463808));
#4273=CARTESIAN_POINT('',(-0.00915711205118824,23.4393980557716,58.2422412463809));
#4274=CARTESIAN_POINT('',(-9.55199793206281,10.2329748926413,67.7850820663925));
#4275=CARTESIAN_POINT('',(-0.00915711205118824,10.2329748926413,58.2422412463809));
#4276=CARTESIAN_POINT('',(-9.55199793206281,23.4393980557716,67.7850820663925));
#4277=CARTESIAN_POINT('',(-9.5519979320628,10.2329748926413,67.7850820663925));
#4278=CARTESIAN_POINT('',(-9.5519979320628,23.4393980557716,67.7850820663925));
#4279=CARTESIAN_POINT('',(-16.8453993948471,47.5412472100589,75.0784835291767));
#4280=CARTESIAN_POINT('',(-16.8453993948471,34.3335499097687,75.0784835291767));
#4281=CARTESIAN_POINT('',(-16.8453993948471,47.5412472100589,75.0784835291767));
#4282=CARTESIAN_POINT('',(-26.477093852762,34.3335499097687,84.7101779870917));
#4283=CARTESIAN_POINT('',(-16.8453993948471,34.3335499097687,75.0784835291767));
#4284=CARTESIAN_POINT('',(-26.477093852762,47.5412472100589,84.7101779870917));
#4285=CARTESIAN_POINT('',(-26.477093852762,34.3335499097687,84.7101779870917));
#4286=CARTESIAN_POINT('',(-26.477093852762,47.5412472100589,84.7101779870917));
#4287=CARTESIAN_POINT('',(16.6908143229693,-23.7952541335267,41.5422698113604));
#4288=CARTESIAN_POINT('',(16.6908143229693,-37.001677296657,41.5422698113604));
#4289=CARTESIAN_POINT('',(16.6908143229693,-23.7952541335267,41.5422698113604));
#4290=CARTESIAN_POINT('',(7.48878924652941,-37.001677296657,50.7442948878003));
#4291=CARTESIAN_POINT('',(16.6908143229693,-37.001677296657,41.5422698113604));
#4292=CARTESIAN_POINT('',(7.48878924652941,-23.7952541335267,50.7442948878003));
#4293=CARTESIAN_POINT('',(7.48878924652941,-37.001677296657,50.7442948878003));
#4294=CARTESIAN_POINT('',(7.48878924652941,-23.7952541335267,50.7442948878003));
#4295=CARTESIAN_POINT('',(-0.00915711205118352,-0.177928038877528,58.2422412463808));
#4296=CARTESIAN_POINT('',(-0.00915711205118352,-13.6735429501056,58.2422412463808));
#4297=CARTESIAN_POINT('',(-0.00915711205118824,-0.177928038877528,58.2422412463809));
#4298=CARTESIAN_POINT('',(-9.55199793206281,-13.6735429501056,67.7850820663925));
#4299=CARTESIAN_POINT('',(-0.00915711205118824,-13.6735429501056,58.2422412463809));
#4300=CARTESIAN_POINT('',(-9.55199793206281,-0.177928038877528,67.7850820663925));
#4301=CARTESIAN_POINT('',(-9.5519979320628,-13.6735429501056,67.7850820663925));
#4302=CARTESIAN_POINT('',(-9.5519979320628,-0.177928038877528,67.7850820663925));
#4303=CARTESIAN_POINT('',(29.0591851120464,24.7767305911128,29.1738990222833));
#4304=CARTESIAN_POINT('Origin',(29.0591851120464,28.7767305911128,29.1738990222833));
#4305=CARTESIAN_POINT('',(-16.8453993948471,0.,75.0784835291767));
#4306=CARTESIAN_POINT('',(-16.8453993948471,-13.2537339961456,75.0784835291767));
#4307=CARTESIAN_POINT('',(-16.8453993948471,0.,75.0784835291767));
#4308=CARTESIAN_POINT('',(-26.1593232421522,-13.2537339961456,84.3924073764818));
#4309=CARTESIAN_POINT('',(-16.8453993948471,-13.2537339961456,75.0784835291767));
#4310=CARTESIAN_POINT('',(-26.1593232421522,0.,84.3924073764818));
#4311=CARTESIAN_POINT('',(-26.1593232421522,-13.2537339961456,84.3924073764818));
#4312=CARTESIAN_POINT('',(-26.1593232421522,0.,84.3924073764818));
#4313=CARTESIAN_POINT('',(-16.8453993948471,24.0000003576279,75.0784835291767));
#4314=CARTESIAN_POINT('',(-16.8453993948471,10.3915068635498,75.0784835291767));
#4315=CARTESIAN_POINT('',(-16.8453993948471,24.0000003576279,75.0784835291767));
#4316=CARTESIAN_POINT('',(-26.477093852762,10.3915068635498,84.7101779870917));
#4317=CARTESIAN_POINT('',(-16.8453993948471,10.3915068635498,75.0784835291767));
#4318=CARTESIAN_POINT('',(-26.477093852762,24.0000003576279,84.7101779870917));
#4319=CARTESIAN_POINT('',(-26.477093852762,10.3915068635498,84.7101779870917));
#4320=CARTESIAN_POINT('',(-26.477093852762,24.0000003576279,84.7101779870917));
#4321=CARTESIAN_POINT('',(-0.00915711205118352,47.5412472100589,58.2422412463808));
#4322=CARTESIAN_POINT('',(-0.00915711205118352,34.3335499097687,58.2422412463808));
#4323=CARTESIAN_POINT('',(-0.00915711205118824,47.5412472100589,58.2422412463809));
#4324=CARTESIAN_POINT('',(-9.55199793206281,34.3335499097687,67.7850820663925));
#4325=CARTESIAN_POINT('',(-0.00915711205118824,34.3335499097687,58.2422412463809));
#4326=CARTESIAN_POINT('',(-9.55199793206281,47.5412472100589,67.7850820663925));
#4327=CARTESIAN_POINT('',(-9.5519979320628,34.3335499097687,67.7850820663925));
#4328=CARTESIAN_POINT('',(-9.5519979320628,47.5412472100589,67.7850820663925));
#4329=CARTESIAN_POINT('',(22.0454741499322,-35.5000004693866,36.1876099843975));
#4330=CARTESIAN_POINT('Origin',(22.0454741499322,-31.5000004693866,36.1876099843975));
#4331=CARTESIAN_POINT('',(16.6908143229693,47.3459158985185,41.5422698113604));
#4332=CARTESIAN_POINT('',(16.6908143229693,34.33228723412,41.5422698113604));
#4333=CARTESIAN_POINT('',(16.6908143229693,47.3459158985185,41.5422698113604));
#4334=CARTESIAN_POINT('',(7.48878924652941,34.33228723412,50.7442948878003));
#4335=CARTESIAN_POINT('',(16.6908143229693,34.33228723412,41.5422698113604));
#4336=CARTESIAN_POINT('',(7.48878924652941,47.3459158985185,50.7442948878003));
#4337=CARTESIAN_POINT('',(7.48878924652941,34.33228723412,50.7442948878003));
#4338=CARTESIAN_POINT('',(7.48878924652941,47.3459158985185,50.7442948878003));
#4339=CARTESIAN_POINT('',(16.6908143229693,23.5357953051375,41.5422698113604));
#4340=CARTESIAN_POINT('',(16.6908143229693,10.522166640739,41.5422698113604));
#4341=CARTESIAN_POINT('',(16.6908143229693,23.5357953051375,41.5422698113604));
#4342=CARTESIAN_POINT('',(7.48878924652941,10.522166640739,50.7442948878003));
#4343=CARTESIAN_POINT('',(16.6908143229693,10.522166640739,41.5422698113604));
#4344=CARTESIAN_POINT('',(7.48878924652941,23.5357953051375,50.7442948878003));
#4345=CARTESIAN_POINT('',(7.48878924652941,10.522166640739,50.7442948878003));
#4346=CARTESIAN_POINT('',(7.48878924652941,23.5357953051375,50.7442948878003));
#4347=CARTESIAN_POINT('',(28.0274011204475,-35.5000004693866,30.2056830138822));
#4348=CARTESIAN_POINT('Origin',(28.0274011204475,-31.5000004693866,30.2056830138822));
#4349=CARTESIAN_POINT('',(34.2049450697115,-35.5000004693866,24.0281390646182));
#4350=CARTESIAN_POINT('Origin',(34.2049450697115,-31.5000004693866,24.0281390646182));
#4351=CARTESIAN_POINT('Origin',(-10.9662114944359,-23.7952541335267,66.3708685040194));
#4352=CARTESIAN_POINT('',(-1.42337067442428,-23.7952541335267,56.8280276840078));
#4353=CARTESIAN_POINT('',(-10.9662114944359,-23.7952541335267,66.3708685040194));
#4354=CARTESIAN_POINT('Origin',(-10.9662114944359,-37.001677296657,66.3708685040194));
#4355=CARTESIAN_POINT('',(-10.9662114944359,-37.001677296657,66.3708685040194));
#4356=CARTESIAN_POINT('Origin',(-1.42337067442428,-37.001677296657,56.8280276840078));
#4357=CARTESIAN_POINT('',(-1.42337067442428,-37.001677296657,56.8280276840078));
#4358=CARTESIAN_POINT('Origin',(-1.42337067442428,-23.7952541335267,56.8280276840078));
#4359=CARTESIAN_POINT('Origin',(6.07457568415632,-0.081530789511608,49.3300813254272));
#4360=CARTESIAN_POINT('',(15.2766007605962,-0.081530789511608,40.1280562489873));
#4361=CARTESIAN_POINT('',(6.07457568415632,-0.081530789511608,49.3300813254272));
#4362=CARTESIAN_POINT('Origin',(6.07457568415632,-13.287953952642,49.3300813254272));
#4363=CARTESIAN_POINT('',(6.07457568415632,-13.287953952642,49.3300813254272));
#4364=CARTESIAN_POINT('Origin',(15.2766007605962,-13.287953952642,40.1280562489873));
#4365=CARTESIAN_POINT('',(15.2766007605962,-13.287953952642,40.1280562489873));
#4366=CARTESIAN_POINT('Origin',(15.2766007605962,-0.081530789511608,40.1280562489873));
#4367=CARTESIAN_POINT('Origin',(-27.5735368045253,-24.0000003576279,82.9781938141087));
#4368=CARTESIAN_POINT('',(-18.6131663530818,-24.0000003576279,74.0178233626652));
#4369=CARTESIAN_POINT('',(-27.5735368045253,-24.0000003576279,82.9781938141087));
#4370=CARTESIAN_POINT('Origin',(-27.5735368045253,-36.7401007242071,82.9781938141087));
#4371=CARTESIAN_POINT('',(-27.5735368045253,-36.7401007242071,82.9781938141087));
#4372=CARTESIAN_POINT('Origin',(-18.6131663530818,-36.7401007242071,74.0178233626652));
#4373=CARTESIAN_POINT('',(-18.6131663530818,-36.7401007242071,74.0178233626652));
#4374=CARTESIAN_POINT('Origin',(-18.6131663530818,-24.0000003576279,74.0178233626652));
#4375=CARTESIAN_POINT('Origin',(-10.9662114944359,23.4393980557716,66.3708685040194));
#4376=CARTESIAN_POINT('',(-1.42337067442428,23.4393980557716,56.8280276840078));
#4377=CARTESIAN_POINT('',(-10.9662114944359,23.4393980557716,66.3708685040194));
#4378=CARTESIAN_POINT('Origin',(-10.9662114944359,10.2329748926413,66.3708685040194));
#4379=CARTESIAN_POINT('',(-10.9662114944359,10.2329748926413,66.3708685040194));
#4380=CARTESIAN_POINT('Origin',(-1.42337067442428,10.2329748926413,56.8280276840078));
#4381=CARTESIAN_POINT('',(-1.42337067442428,10.2329748926413,56.8280276840078));
#4382=CARTESIAN_POINT('Origin',(-1.42337067442428,23.4393980557716,56.8280276840078));
#4383=CARTESIAN_POINT('Origin',(-27.8913074151351,47.5412472100589,83.2959644247185));
#4384=CARTESIAN_POINT('',(-18.2596129572202,47.5412472100589,73.6642699668036));
#4385=CARTESIAN_POINT('',(-27.8913074151351,47.5412472100589,83.2959644247185));
#4386=CARTESIAN_POINT('Origin',(-27.8913074151351,34.3335499097687,83.2959644247185));
#4387=CARTESIAN_POINT('',(-27.8913074151351,34.3335499097687,83.2959644247185));
#4388=CARTESIAN_POINT('Origin',(-18.2596129572202,34.3335499097687,73.6642699668036));
#4389=CARTESIAN_POINT('',(-18.2596129572202,34.3335499097687,73.6642699668036));
#4390=CARTESIAN_POINT('Origin',(-18.2596129572202,47.5412472100589,73.6642699668036));
#4391=CARTESIAN_POINT('Origin',(6.07457568415632,-23.7952541335267,49.3300813254272));
#4392=CARTESIAN_POINT('',(15.2766007605962,-23.7952541335267,40.1280562489873));
#4393=CARTESIAN_POINT('',(6.07457568415632,-23.7952541335267,49.3300813254272));
#4394=CARTESIAN_POINT('Origin',(6.07457568415632,-37.001677296657,49.3300813254272));
#4395=CARTESIAN_POINT('',(6.07457568415632,-37.001677296657,49.3300813254272));
#4396=CARTESIAN_POINT('Origin',(15.2766007605962,-37.001677296657,40.1280562489873));
#4397=CARTESIAN_POINT('',(15.2766007605962,-37.001677296657,40.1280562489873));
#4398=CARTESIAN_POINT('Origin',(15.2766007605962,-23.7952541335267,40.1280562489873));
#4399=CARTESIAN_POINT('Origin',(-10.9662114944359,-0.177928038877528,66.3708685040194));
#4400=CARTESIAN_POINT('',(-1.42337067442428,-0.177928038877528,56.8280276840078));
#4401=CARTESIAN_POINT('',(-10.9662114944359,-0.177928038877528,66.3708685040194));
#4402=CARTESIAN_POINT('Origin',(-10.9662114944359,-13.6735429501056,66.3708685040194));
#4403=CARTESIAN_POINT('',(-10.9662114944359,-13.6735429501056,66.3708685040194));
#4404=CARTESIAN_POINT('Origin',(-1.42337067442428,-13.6735429501056,56.8280276840078));
#4405=CARTESIAN_POINT('',(-1.42337067442428,-13.6735429501056,56.8280276840078));
#4406=CARTESIAN_POINT('Origin',(-1.42337067442428,-0.177928038877528,56.8280276840078));
#4407=CARTESIAN_POINT('Origin',(27.6449715496733,28.7767305911128,27.7596854599102));
#4408=CARTESIAN_POINT('',(27.6449715496733,24.7767305911128,27.7596854599102));
#4409=CARTESIAN_POINT('Origin',(-27.5735368045253,0.,82.9781938141087));
#4410=CARTESIAN_POINT('',(-18.2596129572202,0.,73.6642699668036));
#4411=CARTESIAN_POINT('',(-27.5735368045253,0.,82.9781938141087));
#4412=CARTESIAN_POINT('Origin',(-27.5735368045253,-13.2537339961456,82.9781938141087));
#4413=CARTESIAN_POINT('',(-27.5735368045253,-13.2537339961456,82.9781938141087));
#4414=CARTESIAN_POINT('Origin',(-18.2596129572202,-13.2537339961456,73.6642699668036));
#4415=CARTESIAN_POINT('',(-18.2596129572202,-13.2537339961456,73.6642699668036));
#4416=CARTESIAN_POINT('Origin',(-18.2596129572202,0.,73.6642699668036));
#4417=CARTESIAN_POINT('Origin',(-27.8913074151351,24.0000003576279,83.2959644247185));
#4418=CARTESIAN_POINT('',(-18.2596129572202,24.0000003576279,73.6642699668036));
#4419=CARTESIAN_POINT('',(-27.8913074151351,24.0000003576279,83.2959644247185));
#4420=CARTESIAN_POINT('Origin',(-27.8913074151351,10.3915068635498,83.2959644247185));
#4421=CARTESIAN_POINT('',(-27.8913074151351,10.3915068635498,83.2959644247185));
#4422=CARTESIAN_POINT('Origin',(-18.2596129572202,10.3915068635498,73.6642699668036));
#4423=CARTESIAN_POINT('',(-18.2596129572202,10.3915068635498,73.6642699668036));
#4424=CARTESIAN_POINT('Origin',(-18.2596129572202,24.0000003576279,73.6642699668036));
#4425=CARTESIAN_POINT('Origin',(-10.9662114944359,47.5412472100589,66.3708685040194));
#4426=CARTESIAN_POINT('',(-1.42337067442428,47.5412472100589,56.8280276840078));
#4427=CARTESIAN_POINT('',(-10.9662114944359,47.5412472100589,66.3708685040194));
#4428=CARTESIAN_POINT('Origin',(-10.9662114944359,34.3335499097687,66.3708685040194));
#4429=CARTESIAN_POINT('',(-10.9662114944359,34.3335499097687,66.3708685040194));
#4430=CARTESIAN_POINT('Origin',(-1.42337067442428,34.3335499097687,56.8280276840078));
#4431=CARTESIAN_POINT('',(-1.42337067442428,34.3335499097687,56.8280276840078));
#4432=CARTESIAN_POINT('Origin',(-1.42337067442428,47.5412472100589,56.8280276840078));
#4433=CARTESIAN_POINT('Origin',(20.6312605875591,-31.5000004693866,34.7733964220243));
#4434=CARTESIAN_POINT('',(20.6312605875591,-35.5000004693866,34.7733964220243));
#4435=CARTESIAN_POINT('Origin',(6.07457568415632,47.3459158985185,49.3300813254272));
#4436=CARTESIAN_POINT('',(15.2766007605962,47.3459158985185,40.1280562489873));
#4437=CARTESIAN_POINT('',(6.07457568415632,47.3459158985185,49.3300813254272));
#4438=CARTESIAN_POINT('Origin',(6.07457568415632,34.33228723412,49.3300813254272));
#4439=CARTESIAN_POINT('',(6.07457568415632,34.33228723412,49.3300813254272));
#4440=CARTESIAN_POINT('Origin',(15.2766007605962,34.33228723412,40.1280562489873));
#4441=CARTESIAN_POINT('',(15.2766007605962,34.33228723412,40.1280562489873));
#4442=CARTESIAN_POINT('Origin',(15.2766007605962,47.3459158985185,40.1280562489873));
#4443=CARTESIAN_POINT('Origin',(6.07457568415632,23.5357953051375,49.3300813254272));
#4444=CARTESIAN_POINT('',(15.2766007605962,23.5357953051375,40.1280562489873));
#4445=CARTESIAN_POINT('',(6.07457568415632,23.5357953051375,49.3300813254272));
#4446=CARTESIAN_POINT('Origin',(6.07457568415632,10.522166640739,49.3300813254272));
#4447=CARTESIAN_POINT('',(6.07457568415632,10.522166640739,49.3300813254272));
#4448=CARTESIAN_POINT('Origin',(15.2766007605962,10.522166640739,40.1280562489873));
#4449=CARTESIAN_POINT('',(15.2766007605962,10.522166640739,40.1280562489873));
#4450=CARTESIAN_POINT('Origin',(15.2766007605962,23.5357953051375,40.1280562489873));
#4451=CARTESIAN_POINT('Origin',(26.6131875580744,-31.5000004693866,28.7914694515091));
#4452=CARTESIAN_POINT('',(26.6131875580744,-35.5000004693866,28.7914694515091));
#4453=CARTESIAN_POINT('Origin',(32.7907315073384,-31.5000004693866,22.6139255022451));
#4454=CARTESIAN_POINT('',(32.7907315073384,-35.5000004693866,22.6139255022451));
#4455=CARTESIAN_POINT('Origin',(30.9137443222975,-34.9953147098246,3.27770925168959));
#4456=CARTESIAN_POINT('',(27.5,-34.9953147098246,4.78359540252065));
#4457=CARTESIAN_POINT('',(27.6519956075772,-34.9953147098246,5.02458112061137));
#4458=CARTESIAN_POINT('Ctrl Pts',(27.5,-34.9953147098246,4.78359540252064));
#4459=CARTESIAN_POINT('Ctrl Pts',(27.5108924517648,-34.9953147098246,4.78359540252064));
#4460=CARTESIAN_POINT('Ctrl Pts',(27.5237929576016,-34.9953147098246,4.78569932195809));
#4461=CARTESIAN_POINT('Ctrl Pts',(27.546229253894,-34.9953147098246,4.79296529818857));
#4462=CARTESIAN_POINT('Ctrl Pts',(27.5596965716137,-34.9953147098246,4.80007598764383));
#4463=CARTESIAN_POINT('Ctrl Pts',(27.5842700211719,-34.9953147098246,4.81794477831081));
#4464=CARTESIAN_POINT('Ctrl Pts',(27.5987613721823,-34.9953147098246,4.83346076271997));
#4465=CARTESIAN_POINT('Ctrl Pts',(27.6167426354118,-34.9953147098246,4.85922976724432));
#4466=CARTESIAN_POINT('Ctrl Pts',(27.6246644763058,-34.9953147098246,4.873676469444));
#4467=CARTESIAN_POINT('Ctrl Pts',(27.644859909829,-34.9953147098246,4.91992898926418));
#4468=CARTESIAN_POINT('Ctrl Pts',(27.6529852899239,-34.9953147098246,4.96326079726003));
#4469=CARTESIAN_POINT('Ctrl Pts',(27.6529852899239,-34.9953147098246,5.));
#4470=CARTESIAN_POINT('Ctrl Pts',(27.6529852899239,-34.9953147098246,5.0079367588134));
#4471=CARTESIAN_POINT('Ctrl Pts',(27.6526737041855,-34.9953147098246,5.01618742546415));
#4472=CARTESIAN_POINT('Ctrl Pts',(27.6519956075772,-34.9953147098246,5.02458112061137));
#4473=CARTESIAN_POINT('',(27.4110098894864,-34.9953147098246,4.78359540252065));
#4474=CARTESIAN_POINT('',(-30.,-34.9953147098246,4.78359540252065));
#4475=CARTESIAN_POINT('',(28.4094340304764,-34.9953147098246,5.78201954351064));
#4476=CARTESIAN_POINT('',(30.9137443222975,-34.9953147098246,3.27770925168959));
#4477=CARTESIAN_POINT('',(30.9137443222975,-34.9953147098246,3.27770925168959));
#4478=CARTESIAN_POINT('',(28.4094340304764,-34.9953147098246,5.78201954351064));
#4479=CARTESIAN_POINT('',(10.4076476678876,-34.9953147098246,23.7838059060995));
#4480=CARTESIAN_POINT('',(28.4094340304764,-34.9953147098246,5.78201954351064));
#4481=CARTESIAN_POINT('Origin',(28.4094340304764,-28.9953147098246,5.78201954351063));
#4482=CARTESIAN_POINT('Ctrl Pts',(26.7482365171298,-34.9851392361294,4.61478993211106));
#4483=CARTESIAN_POINT('Ctrl Pts',(26.8079210712101,-34.986743951671,4.63555712143513));
#4484=CARTESIAN_POINT('Ctrl Pts',(26.8672421951812,-34.9881697867145,4.65571988280078));
#4485=CARTESIAN_POINT('Ctrl Pts',(27.0074752030056,-34.9911393863866,4.70128501425153));
#4486=CARTESIAN_POINT('Ctrl Pts',(27.0877806461126,-34.9925250888588,4.72595064327995));
#4487=CARTESIAN_POINT('Ctrl Pts',(27.2481750983449,-34.9945808955587,4.76639390656345));
#4488=CARTESIAN_POINT('Ctrl Pts',(27.3279008939694,-34.9953147098246,4.78359540252065));
#4489=CARTESIAN_POINT('Ctrl Pts',(27.4110098894865,-34.9953147098246,4.78359540252065));
#4490=CARTESIAN_POINT('Origin',(28.4094340304764,-28.9953147098246,5.78201954351063));
#4491=CARTESIAN_POINT('',(27.5,-34.9833973511328,5.40712509222873));
#4492=CARTESIAN_POINT('Ctrl Pts',(27.5,-34.9833973511328,5.40712509222873));
#4493=CARTESIAN_POINT('Ctrl Pts',(27.4892331264797,-34.9823380552668,5.42009135815987));
#4494=CARTESIAN_POINT('Ctrl Pts',(27.4786112736249,-34.981197961049,5.43342351944973));
#4495=CARTESIAN_POINT('Ctrl Pts',(27.3684901648153,-34.9683965885376,5.57600401706837));
#4496=CARTESIAN_POINT('Ctrl Pts',(27.275127755361,-34.9485431785478,5.72978035229233));
#4497=CARTESIAN_POINT('Ctrl Pts',(27.0352451548361,-34.8781407115527,6.12760079415663));
#4498=CARTESIAN_POINT('Ctrl Pts',(26.8744691537856,-34.8060853416849,6.40938652008253));
#4499=CARTESIAN_POINT('Ctrl Pts',(26.6058458199324,-34.6390074917613,6.87659459893681));
#4500=CARTESIAN_POINT('Ctrl Pts',(26.4967439104803,-34.5574340593303,7.06616475547796));
#4501=CARTESIAN_POINT('Ctrl Pts',(26.3939591747946,-34.468560079216,7.2432054784253));
#4502=CARTESIAN_POINT('Ctrl Pts',(27.6519956075772,-34.9953147098246,5.02458112061137));
#4503=CARTESIAN_POINT('Ctrl Pts',(27.6506986385934,-34.9953147098246,5.04063541454395));
#4504=CARTESIAN_POINT('Ctrl Pts',(27.6487349576424,-34.9952766819992,5.05665438799741));
#4505=CARTESIAN_POINT('Ctrl Pts',(27.6381158332339,-34.9949307727621,5.12339098336673));
#4506=CARTESIAN_POINT('Ctrl Pts',(27.6239382456315,-34.994181390539,5.17447487855128));
#4507=CARTESIAN_POINT('Ctrl Pts',(27.578059856616,-34.9908222016526,5.29320909843848));
#4508=CARTESIAN_POINT('Ctrl Pts',(27.5414131828821,-34.9874717756485,5.35725227248292));
#4509=CARTESIAN_POINT('Ctrl Pts',(27.5,-34.9833973511328,5.40712509222873));
#4510=CARTESIAN_POINT('Origin',(28.4094340304764,-28.9953147098246,5.78201954351061));
#4511=CARTESIAN_POINT('Origin',(30.9137443222975,-44.9560930278804,3.27770925168959));
#4512=CARTESIAN_POINT('',(30.9137443222975,-44.9560930278804,3.27770925168959));
#4513=CARTESIAN_POINT('',(30.9137443222975,-19.9560930278804,3.2777092516896));
#4514=CARTESIAN_POINT('',(30.9137443222975,-44.9560930278804,3.27770925168959));
#4515=CARTESIAN_POINT('Origin',(25.2568900728051,-44.9560930278804,8.93456350118197));
#4516=CARTESIAN_POINT('',(25.2568900728051,-52.9560930278804,8.93456350118197));
#4517=CARTESIAN_POINT('Origin',(25.2568900728051,-44.9560930278804,8.93456350118194));
#4518=CARTESIAN_POINT('',(25.2568900728051,-52.9560930278804,8.93456350118197));
#4519=CARTESIAN_POINT('Origin',(-45.4537880458497,-52.9560930278804,79.6452416198367));
#4520=CARTESIAN_POINT('',(-45.4537880458497,-52.9560930278804,79.6452416198367));
#4521=CARTESIAN_POINT('',(-27.776118516186,-52.9560930278804,61.9675720901731));
#4522=CARTESIAN_POINT('',(-45.4537880458497,-52.9560930278804,79.6452416198367));
#4523=CARTESIAN_POINT('Origin',(-45.4537880458497,-44.9560930278804,79.6452416198367));
#4524=CARTESIAN_POINT('',(-51.1106422953421,-44.9560930278804,85.3020958693291));
#4525=CARTESIAN_POINT('Origin',(-45.4537880458497,-44.9560930278804,79.6452416198367));
#4526=CARTESIAN_POINT('',(-51.1106422953421,-44.9560930278804,85.3020958693291));
#4527=CARTESIAN_POINT('Origin',(-51.1106422953421,55.0439069721196,85.3020958693291));
#4528=CARTESIAN_POINT('',(-51.1106422953421,55.0439069721196,85.3020958693291));
#4529=CARTESIAN_POINT('',(-51.1106422953421,30.0439069721196,85.3020958693291));
#4530=CARTESIAN_POINT('',(-51.1106422953421,55.0439069721196,85.3020958693291));
#4531=CARTESIAN_POINT('Origin',(-45.4537880458497,55.0439069721196,79.6452416198367));
#4532=CARTESIAN_POINT('',(-45.4537880458497,63.0439069721197,79.6452416198368));
#4533=CARTESIAN_POINT('Origin',(-45.4537880458497,55.0439069721196,79.6452416198367));
#4534=CARTESIAN_POINT('',(-45.4537880458497,63.0439069721197,79.6452416198368));
#4535=CARTESIAN_POINT('Origin',(25.2568900728051,63.0439069721196,8.93456350118197));
#4536=CARTESIAN_POINT('',(25.2568900728051,63.0439069721196,8.93456350118197));
#4537=CARTESIAN_POINT('',(7.5792205431414,63.0439069721196,26.6122330308457));
#4538=CARTESIAN_POINT('',(25.2568900728051,63.0439069721196,8.93456350118197));
#4539=CARTESIAN_POINT('Origin',(25.2568900728051,55.0439069721196,8.93456350118197));
#4540=CARTESIAN_POINT('',(30.9137443222975,55.0439069721196,3.27770925168959));
#4541=CARTESIAN_POINT('Origin',(25.2568900728051,55.0439069721196,8.93456350118194));
#4542=CARTESIAN_POINT('',(30.9137443222975,55.0439069721196,3.27770925168959));
#4543=CARTESIAN_POINT('Origin',(30.9137443222975,45.0162863618868,3.27770925168959));
#4544=CARTESIAN_POINT('',(30.9137443222975,45.0162863618868,3.27770925168959));
#4545=CARTESIAN_POINT('',(30.9137443222975,25.0300966670032,3.27770925168959));
#4546=CARTESIAN_POINT('',(30.9137443222975,45.0162863618868,3.27770925168959));
#4547=CARTESIAN_POINT('Origin',(28.4094353913454,45.0162863618868,5.78201818264166));
#4548=CARTESIAN_POINT('',(28.4094353913454,45.0162863618868,5.78201818264166));
#4549=CARTESIAN_POINT('',(9.15549320241152,45.0162863618868,25.0359603715755));
#4550=CARTESIAN_POINT('',(28.4094353913454,45.0162863618868,5.78201818264166));
#4551=CARTESIAN_POINT('Origin',(28.4094353913454,39.0162863618868,5.78201818264166));
#4552=CARTESIAN_POINT('Ctrl Pts',(26.3516881787404,44.4895308668401,7.20093448237107));
#4553=CARTESIAN_POINT('Ctrl Pts',(26.3545125687124,44.4920782720085,7.19573821041226));
#4554=CARTESIAN_POINT('Ctrl Pts',(26.3573374378863,44.4946166129982,7.19053760195154));
#4555=CARTESIAN_POINT('Ctrl Pts',(26.54015216545,44.6582747369498,6.85374938532099));
#4556=CARTESIAN_POINT('Ctrl Pts',(26.7236826099119,44.7803631617353,6.50513190302711));
#4557=CARTESIAN_POINT('Ctrl Pts',(26.9781793386954,44.9114804474218,5.96143730563751));
#4558=CARTESIAN_POINT('Ctrl Pts',(27.0972110379338,44.9555564589694,5.70533949040603));
#4559=CARTESIAN_POINT('Ctrl Pts',(27.1526041331576,44.9853790723545,5.39067967640823));
#4560=CARTESIAN_POINT('Ctrl Pts',(27.1573742213138,44.9917204001551,5.29942342849556));
#4561=CARTESIAN_POINT('Ctrl Pts',(27.1125251724593,44.9989225430748,5.13307348862351));
#4562=CARTESIAN_POINT('Ctrl Pts',(27.0611195546933,45.,5.05847606031886));
#4563=CARTESIAN_POINT('Ctrl Pts',(26.8989194257046,45.,4.89627593133017));
#4564=CARTESIAN_POINT('Ctrl Pts',(26.7633695047436,44.9971795676244,4.81561065529277));
#4565=CARTESIAN_POINT('Ctrl Pts',(26.6234901918779,44.9932112551715,4.73953625736301));
#4566=CARTESIAN_POINT('Origin',(28.4094353913454,39.0162863618868,5.78201818264164));
#4567=CARTESIAN_POINT('Origin',(-10.0984489865223,5.04390697211964,44.2899025605093));
#4568=CARTESIAN_POINT('',(26.6711036351782,-46.9560930278804,7.52034993880888));
#4569=CARTESIAN_POINT('Origin',(-30.,40.,5.));
#4570=CARTESIAN_POINT('Origin',(27.5,40.,5.));
#4571=CARTESIAN_POINT('',(-30.,40.,10.));
#4572=CARTESIAN_POINT('Ctrl Pts',(29.8126293224711,-30.,1.55039712676982));
#4573=CARTESIAN_POINT('Ctrl Pts',(29.8126293224711,-32.7368803781664,1.55039712676982));
#4574=CARTESIAN_POINT('Ctrl Pts',(29.8126293224711,-33.3592324984797,4.21557855450293));
#4575=CARTESIAN_POINT('Ctrl Pts',(29.1760112739481,-30.,-4.44089209850063E-15));
#4576=CARTESIAN_POINT('Ctrl Pts',(29.1760112739481,-33.966949934158,-4.44089209850063E-15));
#4577=CARTESIAN_POINT('Ctrl Pts',(29.1760112739481,-34.8690133646227,3.86302644924088));
#4578=CARTESIAN_POINT('Ctrl Pts',(27.5,-30.,0.));
#4579=CARTESIAN_POINT('Ctrl Pts',(27.5,-33.966949934158,0.));
#4580=CARTESIAN_POINT('Ctrl Pts',(27.5,-34.8690133646227,3.86302644924089));
#4581=CARTESIAN_POINT('Origin',(27.5,-30.,5.));
#4582=CARTESIAN_POINT('Ctrl Pts',(29.8126293224711,43.3592324984797,4.21557855450293));
#4583=CARTESIAN_POINT('Ctrl Pts',(29.8126293224711,42.7368803781664,1.55039712676982));
#4584=CARTESIAN_POINT('Ctrl Pts',(29.8126293224711,40.,1.55039712676982));
#4585=CARTESIAN_POINT('Ctrl Pts',(29.1760112739481,44.8690133646227,3.86302644924089));
#4586=CARTESIAN_POINT('Ctrl Pts',(29.1760112739481,43.966949934158,0.));
#4587=CARTESIAN_POINT('Ctrl Pts',(29.1760112739481,40.,0.));
#4588=CARTESIAN_POINT('Ctrl Pts',(27.5,44.8690133646227,3.86302644924089));
#4589=CARTESIAN_POINT('Ctrl Pts',(27.5,43.966949934158,0.));
#4590=CARTESIAN_POINT('Ctrl Pts',(27.5,40.,0.));
#4591=CARTESIAN_POINT('Ctrl Pts',(27.6529852899239,-34.990633810038,4.78379818618753));
#4592=CARTESIAN_POINT('Ctrl Pts',(27.6529852899239,-35.0041433941463,5.09564287436076));
#4593=CARTESIAN_POINT('Ctrl Pts',(27.6529852899239,-34.9787276186029,5.40674359238978));
#4594=CARTESIAN_POINT('Ctrl Pts',(27.576564390239,-34.9953147098246,4.78359540252064));
#4595=CARTESIAN_POINT('Ctrl Pts',(27.576564390239,-35.0088369650709,5.09573258134533));
#4596=CARTESIAN_POINT('Ctrl Pts',(27.576564390239,-34.9833973511328,5.40712509222874));
#4597=CARTESIAN_POINT('Ctrl Pts',(27.5,-34.9953147098246,4.78359540252064));
#4598=CARTESIAN_POINT('Ctrl Pts',(27.5,-35.0088369650709,5.09573258134533));
#4599=CARTESIAN_POINT('Ctrl Pts',(27.5,-34.9833973511328,5.40712509222874));
#4600=CARTESIAN_POINT('Origin',(27.5,-30.,5.));
#4601=CARTESIAN_POINT('Origin',(-30.,-30.,5.));
#4602=CARTESIAN_POINT('',(-30.,-30.,10.));
#4603=CARTESIAN_POINT('Origin',(-50.,0.,10.));
#4604=CARTESIAN_POINT('Origin',(-36.2613998904246,-46.9560930278804,91.666056900008));
#4605=CARTESIAN_POINT('Origin',(35.8634917906033,-54.9560930278804,19.5411652189802));
#4606=CARTESIAN_POINT('',(-34.8471863280515,-54.9560930278804,90.2518433376349));
#4607=CARTESIAN_POINT('',(35.8634917906033,-54.9560930278804,19.5411652189802));
#4608=CARTESIAN_POINT('Origin',(35.8634917906033,-44.9560930278804,19.5411652189802));
#4609=CARTESIAN_POINT('Origin',(35.8634917906033,55.0439069721196,19.5411652189802));
#4610=CARTESIAN_POINT('',(35.8634917906033,65.0439069721196,19.5411652189802));
#4611=CARTESIAN_POINT('Origin',(-34.8471863280515,65.0439069721196,90.251843337635));
#4612=CARTESIAN_POINT('',(-34.8471863280515,65.0439069721196,90.251843337635));
#4613=CARTESIAN_POINT('Origin',(-34.8471863280515,55.0439069721196,90.2518433376349));
#4614=CARTESIAN_POINT('',(-41.918254139917,55.0439069721196,97.3229111495004));
#4615=CARTESIAN_POINT('Origin',(-41.918254139917,-44.9560930278804,97.3229111495004));
#4616=CARTESIAN_POINT('',(-41.918254139917,-44.9560930278804,97.3229111495004));
#4617=CARTESIAN_POINT('Origin',(-34.8471863280515,-44.9560930278804,90.2518433376349));
#4618=UNCERTAINTY_MEASURE_WITH_UNIT(LENGTH_MEASURE(0.01),#4622,
'DISTANCE_ACCURACY_VALUE',
'Maximum model space distance between geometric entities at asserted c
onnectivities');
#4619=UNCERTAINTY_MEASURE_WITH_UNIT(LENGTH_MEASURE(0.01),#4622,
'DISTANCE_ACCURACY_VALUE',
'Maximum model space distance between geometric entities at asserted c
onnectivities');
#4620=(
GEOMETRIC_REPRESENTATION_CONTEXT(3)
GLOBAL_UNCERTAINTY_ASSIGNED_CONTEXT((#4618))
GLOBAL_UNIT_ASSIGNED_CONTEXT((#4622,#4624,#4625))
REPRESENTATION_CONTEXT('','3D')
);
#4621=(
GEOMETRIC_REPRESENTATION_CONTEXT(3)
GLOBAL_UNCERTAINTY_ASSIGNED_CONTEXT((#4619))
GLOBAL_UNIT_ASSIGNED_CONTEXT((#4622,#4624,#4625))
REPRESENTATION_CONTEXT('','3D')
);
#4622=(
LENGTH_UNIT()
NAMED_UNIT(*)
SI_UNIT(.MILLI.,.METRE.)
);
#4623=(
LENGTH_UNIT()
NAMED_UNIT(*)
SI_UNIT($,.METRE.)
);
#4624=(
NAMED_UNIT(*)
PLANE_ANGLE_UNIT()
SI_UNIT($,.RADIAN.)
);
#4625=(
NAMED_UNIT(*)
SI_UNIT($,.STERADIAN.)
SOLID_ANGLE_UNIT()
);
#4626=SHAPE_DEFINITION_REPRESENTATION(#4627,#4628);
#4627=PRODUCT_DEFINITION_SHAPE('',$,#4630);
#4628=SHAPE_REPRESENTATION('',(#2686),#4620);
#4629=PRODUCT_DEFINITION_CONTEXT('part definition',#4634,'design');
#4630=PRODUCT_DEFINITION('Dreamdeck','Dreamdeck v2',#4631,#4629);
#4631=PRODUCT_DEFINITION_FORMATION('',$,#4636);
#4632=PRODUCT_RELATED_PRODUCT_CATEGORY('Dreamdeck v2','Dreamdeck v2',(#4636));
#4633=APPLICATION_PROTOCOL_DEFINITION('international standard',
'automotive_design',2009,#4634);
#4634=APPLICATION_CONTEXT(
'Core Data for Automotive Mechanical Design Process');
#4635=PRODUCT_CONTEXT('part definition',#4634,'mechanical');
#4636=PRODUCT('Dreamdeck','Dreamdeck v2',$,(#4635));
#4637=PRESENTATION_STYLE_ASSIGNMENT((#4638));
#4638=SURFACE_STYLE_USAGE(.BOTH.,#4639);
#4639=SURFACE_SIDE_STYLE('',(#4640));
#4640=SURFACE_STYLE_FILL_AREA(#4641);
#4641=FILL_AREA_STYLE('Stahl - satiniert',(#4642));
#4642=FILL_AREA_STYLE_COLOUR('Stahl - satiniert',#4643);
#4643=COLOUR_RGB('Stahl - satiniert',0.627450980392157,0.627450980392157,
0.627450980392157);
ENDSEC;
END-ISO-10303-21;
