ISO-10303-21;
HEADER;
/* Generated by software containing ST-Developer
 * from STEP Tools, Inc. (www.steptools.com) 
 */

FILE_DESCRIPTION(
/* description */ (''),
/* implementation_level */ '2;1');

FILE_NAME(
/* name */ 'Dreamdeck.step',
/* time_stamp */ '2026-01-04T14:05:29+01:00',
/* author */ (''),
/* organization */ (''),
/* preprocessor_version */ 'ST-DEVELOPER v20.1',
/* originating_system */ 'Autodesk Translation Framework v14.21.0.0',
/* authorisation */ '');

FILE_SCHEMA (('AUTOMOTIVE_DESIGN { 1 0 10303 214 3 1 1 }','PROCESS_PLANNING_SCHEMA'));
ENDSEC;

DATA;
#10=MECHANICAL_DESIGN_GEOMETRIC_PRESENTATION_REPRESENTATION('',(#13,#14),
#5192);
#11=SHAPE_REPRESENTATION_RELATIONSHIP('SRR','None',#5199,#12);
#12=ADVANCED_BREP_SHAPE_REPRESENTATION('',(#15,#16),#5191);
#13=STYLED_ITEM('',(#5208),#15);
#14=STYLED_ITEM('',(#5208),#16);
#15=MANIFOLD_SOLID_BREP('K\X\F6rper2',#3011);
#16=MANIFOLD_SOLID_BREP('K\X\F6rper4',#3012);
#17=FACE_BOUND('',#1014,.T.);
#18=FACE_BOUND('',#1015,.T.);
#19=FACE_BOUND('',#1016,.T.);
#20=FACE_BOUND('',#1017,.T.);
#21=FACE_BOUND('',#1018,.T.);
#22=FACE_BOUND('',#1019,.T.);
#23=FACE_BOUND('',#1020,.T.);
#24=FACE_BOUND('',#1021,.T.);
#25=FACE_BOUND('',#1022,.T.);
#26=FACE_BOUND('',#1023,.T.);
#27=FACE_BOUND('',#1024,.T.);
#28=FACE_BOUND('',#1025,.T.);
#29=FACE_BOUND('',#1026,.T.);
#30=FACE_BOUND('',#1027,.T.);
#31=FACE_BOUND('',#1028,.T.);
#32=FACE_BOUND('',#1029,.T.);
#33=FACE_BOUND('',#1039,.T.);
#34=FACE_BOUND('',#1040,.T.);
#35=FACE_BOUND('',#1041,.T.);
#36=FACE_BOUND('',#1042,.T.);
#37=FACE_BOUND('',#1043,.T.);
#38=FACE_BOUND('',#1044,.T.);
#39=FACE_BOUND('',#1045,.T.);
#40=FACE_BOUND('',#1046,.T.);
#41=FACE_BOUND('',#1047,.T.);
#42=FACE_BOUND('',#1048,.T.);
#43=FACE_BOUND('',#1049,.T.);
#44=FACE_BOUND('',#1050,.T.);
#45=FACE_BOUND('',#1051,.T.);
#46=FACE_BOUND('',#1052,.T.);
#47=FACE_BOUND('',#1053,.T.);
#48=FACE_BOUND('',#1054,.T.);
#49=FACE_BOUND('',#1122,.T.);
#50=FACE_BOUND('',#1123,.T.);
#51=FACE_BOUND('',#1155,.T.);
#52=FACE_BOUND('',#1156,.T.);
#53=FACE_BOUND('',#1158,.T.);
#54=FACE_BOUND('',#1159,.T.);
#55=PLANE('',#3042);
#56=PLANE('',#3045);
#57=PLANE('',#3072);
#58=PLANE('',#3104);
#59=PLANE('',#3107);
#60=PLANE('',#3108);
#61=PLANE('',#3109);
#62=PLANE('',#3110);
#63=PLANE('',#3115);
#64=PLANE('',#3118);
#65=PLANE('',#3123);
#66=PLANE('',#3124);
#67=PLANE('',#3130);
#68=PLANE('',#3134);
#69=PLANE('',#3138);
#70=PLANE('',#3142);
#71=PLANE('',#3143);
#72=PLANE('',#3172);
#73=PLANE('',#3177);
#74=PLANE('',#3178);
#75=PLANE('',#3179);
#76=PLANE('',#3180);
#77=PLANE('',#3181);
#78=PLANE('',#3182);
#79=PLANE('',#3183);
#80=PLANE('',#3184);
#81=PLANE('',#3185);
#82=PLANE('',#3186);
#83=PLANE('',#3187);
#84=PLANE('',#3188);
#85=PLANE('',#3189);
#86=PLANE('',#3190);
#87=PLANE('',#3191);
#88=PLANE('',#3192);
#89=PLANE('',#3193);
#90=PLANE('',#3194);
#91=PLANE('',#3195);
#92=PLANE('',#3196);
#93=PLANE('',#3197);
#94=PLANE('',#3198);
#95=PLANE('',#3199);
#96=PLANE('',#3200);
#97=PLANE('',#3201);
#98=PLANE('',#3202);
#99=PLANE('',#3203);
#100=PLANE('',#3204);
#101=PLANE('',#3206);
#102=PLANE('',#3207);
#103=PLANE('',#3208);
#104=PLANE('',#3209);
#105=PLANE('',#3210);
#106=PLANE('',#3211);
#107=PLANE('',#3212);
#108=PLANE('',#3213);
#109=PLANE('',#3214);
#110=PLANE('',#3215);
#111=PLANE('',#3216);
#112=PLANE('',#3217);
#113=PLANE('',#3219);
#114=PLANE('',#3220);
#115=PLANE('',#3221);
#116=PLANE('',#3222);
#117=PLANE('',#3223);
#118=PLANE('',#3224);
#119=PLANE('',#3225);
#120=PLANE('',#3226);
#121=PLANE('',#3229);
#122=PLANE('',#3233);
#123=PLANE('',#3236);
#124=PLANE('',#3239);
#125=PLANE('',#3242);
#126=PLANE('',#3245);
#127=PLANE('',#3246);
#128=PLANE('',#3249);
#129=PLANE('',#3255);
#130=PLANE('',#3256);
#131=PLANE('',#3257);
#132=PLANE('',#3260);
#133=PLANE('',#3262);
#134=PLANE('',#3273);
#135=PLANE('',#3277);
#136=PLANE('',#3278);
#137=PLANE('',#3282);
#138=PLANE('',#3286);
#139=PLANE('',#3290);
#140=PLANE('',#3294);
#141=PLANE('',#3295);
#142=PLANE('',#3296);
#143=PLANE('',#3297);
#144=ELLIPSE('',#3039,7.07106781186548,5.);
#145=ELLIPSE('',#3040,7.07106781186548,5.);
#146=ELLIPSE('',#3051,7.07106781186548,5.);
#147=ELLIPSE('',#3058,7.07106781186548,5.);
#148=ELLIPSE('',#3120,2.8284271247462,2.00000000000001);
#149=ELLIPSE('',#3122,2.82842712474619,2.);
#150=ELLIPSE('',#3125,7.07106781186547,5.);
#151=ELLIPSE('',#3126,7.07106781186547,5.);
#152=B_SPLINE_CURVE_WITH_KNOTS('',3,(#4195,#4196,#4197,#4198,#4199,#4200,
#4201,#4202,#4203,#4204),.UNSPECIFIED.,.F.,.F.,(4,2,2,2,4),(0.,0.0888346938431152,
0.179716819073953,0.258586312156199,0.314450715887359),.UNSPECIFIED.);
#153=B_SPLINE_CURVE_WITH_KNOTS('',3,(#4231,#4232,#4233,#4234,#4235,#4236),
 .UNSPECIFIED.,.F.,.F.,(4,2,4),(2.47810560220437,2.54733403530802,2.70090430677508),
 .UNSPECIFIED.);
#154=B_SPLINE_CURVE_WITH_KNOTS('',3,(#4256,#4257,#4258,#4259,#4260,#4261),
 .UNSPECIFIED.,.F.,.F.,(4,2,4),(2.70090430677508,2.85447457824213,2.92370301134578),
 .UNSPECIFIED.);
#155=B_SPLINE_CURVE_WITH_KNOTS('',3,(#4269,#4270,#4271,#4272,#4273,#4274,
#4275,#4276,#4277,#4278,#4279,#4280,#4281,#4282),.UNSPECIFIED.,.F.,.F.,
(4,2,2,2,2,2,4),(-0.60321635640236,-0.560523857427663,-0.443317385942978,
-0.304685333362557,-0.213724584059739,-0.10686229202987,0.),
 .UNSPECIFIED.);
#156=B_SPLINE_CURVE_WITH_KNOTS('',3,(#4313,#4314,#4315,#4316,#4317,#4318,
#4319,#4320,#4321,#4322,#4323,#4324,#4325,#4326),.UNSPECIFIED.,.F.,.F.,
(4,2,2,2,2,2,4),(0.,0.106862292029869,0.213724584059739,0.304685333362557,
0.443317385942978,0.560523857427662,0.60321635640236),.UNSPECIFIED.);
#157=B_SPLINE_CURVE_WITH_KNOTS('',3,(#4380,#4381,#4382,#4383,#4384,#4385,
#4386,#4387,#4388,#4389),.UNSPECIFIED.,.F.,.F.,(4,2,2,2,4),(0.0236054044062385,
0.0917851817064272,0.195073541842438,0.277758996777012,0.371533371522043),
 .UNSPECIFIED.);
#158=B_SPLINE_CURVE_WITH_KNOTS('',3,(#4931,#4932,#4933,#4934,#4935,#4936,
#4937,#4938,#4939,#4940,#4941,#4942,#4943,#4944,#4945),.UNSPECIFIED.,.F.,
 .F.,(4,2,2,2,2,3,4),(-0.0275235338721963,-0.0242557983427612,-0.0204484817754927,
-0.0151407926226401,-0.0110217608219911,0.,0.00238102764402144),
 .UNSPECIFIED.);
#159=B_SPLINE_CURVE_WITH_KNOTS('',3,(#4955,#4956,#4957,#4958,#4959,#4960,
#4961,#4962),.UNSPECIFIED.,.F.,.F.,(4,2,2,4),(1.23283196692437,1.25090372420131,
1.27583642285643,1.30076912151156),.UNSPECIFIED.);
#160=B_SPLINE_CURVE_WITH_KNOTS('',3,(#4965,#4966,#4967,#4968,#4969,#4970,
#4971,#4972,#4973,#4974),.UNSPECIFIED.,.F.,.F.,(4,2,2,2,4),(1.37996064174158,
1.38525672798013,1.43540469598318,1.52621244656679,1.59010789766753),
 .UNSPECIFIED.);
#161=B_SPLINE_CURVE_WITH_KNOTS('',3,(#4975,#4976,#4977,#4978,#4979,#4980,
#4981,#4982),.UNSPECIFIED.,.F.,.F.,(4,2,2,4),(-0.0373740175730973,-0.0332825450194545,
-0.0201026405488148,-0.000816728806136577),.UNSPECIFIED.);
#162=B_SPLINE_CURVE_WITH_KNOTS('',3,(#5025,#5026,#5027,#5028,#5029,#5030,
#5031,#5032,#5033,#5034,#5035,#5036,#5037,#5038),.UNSPECIFIED.,.F.,.F.,
(4,2,2,2,2,2,4),(2.14413698943606,2.14590888064417,2.25879076298677,2.33024762549131,
2.35505691676443,2.37986620803756,2.42387260343477),.UNSPECIFIED.);
#163=(
BOUNDED_SURFACE()
B_SPLINE_SURFACE(2,2,((#4156,#4157,#4158),(#4159,#4160,#4161),(#4162,#4163,
#4164)),.UNSPECIFIED.,.F.,.F.,.F.)
B_SPLINE_SURFACE_WITH_KNOTS((3,3),(3,3),(-1.5707963267949,0.),(0.,1.18117175726792),
 .UNSPECIFIED.)
GEOMETRIC_REPRESENTATION_ITEM()
RATIONAL_B_SPLINE_SURFACE(((1.,0.830614576470962,1.),(0.707106781186547,
0.587333199575009,0.707106781186547),(1.,0.830614576470962,1.)))
REPRESENTATION_ITEM('')
SURFACE()
);
#164=(
BOUNDED_SURFACE()
B_SPLINE_SURFACE(2,2,((#4170,#4171,#4172,#4173,#4174,#4175,#4176),(#4177,
#4178,#4179,#4180,#4181,#4182,#4183),(#4184,#4185,#4186,#4187,#4188,#4189,
#4190)),.UNSPECIFIED.,.F.,.F.,.F.)
B_SPLINE_SURFACE_WITH_KNOTS((3,3),(3,2,2,3),(-3.14159265358979,-1.5707963267949),
(-3.14159265358979,-1.96247057110304,-0.783348488616282,0.395773593870474),
 .UNSPECIFIED.)
GEOMETRIC_REPRESENTATION_ITEM()
RATIONAL_B_SPLINE_SURFACE(((1.,0.831184818580358,1.,0.831184818580358,1.,
0.831184818580358,1.),(0.707106781186549,0.587736421637483,0.707106781186549,
0.587736421637483,0.707106781186549,0.587736421637483,0.707106781186549),
(1.,0.831184818580358,1.,0.831184818580358,1.,0.831184818580358,1.)))
REPRESENTATION_ITEM('')
SURFACE()
);
#165=(
BOUNDED_SURFACE()
B_SPLINE_SURFACE(2,2,((#4333,#4334,#4335),(#4336,#4337,#4338),(#4339,#4340,
#4341)),.UNSPECIFIED.,.F.,.F.,.F.)
B_SPLINE_SURFACE_WITH_KNOTS((3,3),(3,3),(-1.5707963267949,0.),(1.96042089632188,
3.14159265358979),.UNSPECIFIED.)
GEOMETRIC_REPRESENTATION_ITEM()
RATIONAL_B_SPLINE_SURFACE(((1.,0.830614576470962,1.),(0.707106781186547,
0.587333199575009,0.707106781186547),(1.,0.830614576470962,1.)))
REPRESENTATION_ITEM('')
SURFACE()
);
#166=(
BOUNDED_SURFACE()
B_SPLINE_SURFACE(2,2,((#4358,#4359,#4360,#4361,#4362,#4363,#4364),(#4365,
#4366,#4367,#4368,#4369,#4370,#4371),(#4372,#4373,#4374,#4375,#4376,#4377,
#4378)),.UNSPECIFIED.,.F.,.F.,.F.)
B_SPLINE_SURFACE_WITH_KNOTS((3,3),(3,2,2,3),(-3.14159265358979,-1.5707963267949),
(-0.395773593870481,0.783348488616288,1.96247057110306,3.14159265358981),
 .UNSPECIFIED.)
GEOMETRIC_REPRESENTATION_ITEM()
RATIONAL_B_SPLINE_SURFACE(((1.,0.831184818580355,1.,0.831184818580355,1.,
0.831184818580355,1.),(0.70710678118655,0.587736421637482,0.70710678118655,
0.587736421637482,0.70710678118655,0.587736421637482,0.70710678118655),
(1.,0.831184818580355,1.,0.831184818580355,1.,0.831184818580355,1.)))
REPRESENTATION_ITEM('')
SURFACE()
);
#167=(
BOUNDED_SURFACE()
B_SPLINE_SURFACE(2,2,((#5045,#5046,#5047),(#5048,#5049,#5050),(#5051,#5052,
#5053)),.UNSPECIFIED.,.F.,.F.,.F.)
B_SPLINE_SURFACE_WITH_KNOTS((3,3),(3,3),(-1.18117175726791,1.77635683940025E-15),
(-3.14159265358979,-1.80019779265069),.UNSPECIFIED.)
GEOMETRIC_REPRESENTATION_ITEM()
RATIONAL_B_SPLINE_SURFACE(((1.,0.783388380738387,1.),(0.830614576470962,
0.650693808079288,0.830614576470962),(1.,0.783388380738387,1.)))
REPRESENTATION_ITEM('')
SURFACE()
);
#168=(
BOUNDED_SURFACE()
B_SPLINE_SURFACE(2,2,((#5055,#5056,#5057),(#5058,#5059,#5060),(#5061,#5062,
#5063)),.UNSPECIFIED.,.F.,.F.,.F.)
B_SPLINE_SURFACE_WITH_KNOTS((3,3),(3,3),(-1.18117175726791,0.),(1.80019779265069,
3.14159265358979),.UNSPECIFIED.)
GEOMETRIC_REPRESENTATION_ITEM()
RATIONAL_B_SPLINE_SURFACE(((1.,0.783388380738387,1.),(0.830614576470956,
0.650693808079283,0.830614576470956),(1.,0.783388380738387,1.)))
REPRESENTATION_ITEM('')
SURFACE()
);
#169=(
BOUNDED_SURFACE()
B_SPLINE_SURFACE(2,2,((#5064,#5065,#5066),(#5067,#5068,#5069),(#5070,#5071,
#5072)),.UNSPECIFIED.,.F.,.F.,.F.)
B_SPLINE_SURFACE_WITH_KNOTS((3,3),(3,3),(-0.061232372942331,0.),(-1.61409077027113,
-1.48928106374112),.UNSPECIFIED.)
GEOMETRIC_REPRESENTATION_ITEM()
RATIONAL_B_SPLINE_SURFACE(((1.,0.99805344898264,1.),(0.999531361172063,
0.99758572238409,0.999531361172063),(1.,0.99805344898264,1.)))
REPRESENTATION_ITEM('')
SURFACE()
);
#170=LINE('',#4154,#466);
#171=LINE('',#4155,#467);
#172=LINE('',#4207,#468);
#173=LINE('',#4209,#469);
#174=LINE('',#4213,#470);
#175=LINE('',#4217,#471);
#176=LINE('',#4221,#472);
#177=LINE('',#4222,#473);
#178=LINE('',#4225,#474);
#179=LINE('',#4229,#475);
#180=LINE('',#4238,#476);
#181=LINE('',#4242,#477);
#182=LINE('',#4246,#478);
#183=LINE('',#4250,#479);
#184=LINE('',#4254,#480);
#185=LINE('',#4263,#481);
#186=LINE('',#4267,#482);
#187=LINE('',#4288,#483);
#188=LINE('',#4290,#484);
#189=LINE('',#4294,#485);
#190=LINE('',#4298,#486);
#191=LINE('',#4302,#487);
#192=LINE('',#4306,#488);
#193=LINE('',#4308,#489);
#194=LINE('',#4331,#490);
#195=LINE('',#4352,#491);
#196=LINE('',#4353,#492);
#197=LINE('',#4395,#493);
#198=LINE('',#4398,#494);
#199=LINE('',#4402,#495);
#200=LINE('',#4415,#496);
#201=LINE('',#4416,#497);
#202=LINE('',#4427,#498);
#203=LINE('',#4428,#499);
#204=LINE('',#4439,#500);
#205=LINE('',#4440,#501);
#206=LINE('',#4452,#502);
#207=LINE('',#4454,#503);
#208=LINE('',#4455,#504);
#209=LINE('',#4460,#505);
#210=LINE('',#4461,#506);
#211=LINE('',#4463,#507);
#212=LINE('',#4465,#508);
#213=LINE('',#4468,#509);
#214=LINE('',#4470,#510);
#215=LINE('',#4471,#511);
#216=LINE('',#4474,#512);
#217=LINE('',#4475,#513);
#218=LINE('',#4480,#514);
#219=LINE('',#4483,#515);
#220=LINE('',#4486,#516);
#221=LINE('',#4487,#517);
#222=LINE('',#4490,#518);
#223=LINE('',#4494,#519);
#224=LINE('',#4496,#520);
#225=LINE('',#4497,#521);
#226=LINE('',#4502,#522);
#227=LINE('',#4506,#523);
#228=LINE('',#4507,#524);
#229=LINE('',#4510,#525);
#230=LINE('',#4514,#526);
#231=LINE('',#4516,#527);
#232=LINE('',#4518,#528);
#233=LINE('',#4520,#529);
#234=LINE('',#4522,#530);
#235=LINE('',#4524,#531);
#236=LINE('',#4526,#532);
#237=LINE('',#4529,#533);
#238=LINE('',#4534,#534);
#239=LINE('',#4541,#535);
#240=LINE('',#4549,#536);
#241=LINE('',#4552,#537);
#242=LINE('',#4555,#538);
#243=LINE('',#4557,#539);
#244=LINE('',#4558,#540);
#245=LINE('',#4564,#541);
#246=LINE('',#4566,#542);
#247=LINE('',#4567,#543);
#248=LINE('',#4569,#544);
#249=LINE('',#4572,#545);
#250=LINE('',#4574,#546);
#251=LINE('',#4576,#547);
#252=LINE('',#4577,#548);
#253=LINE('',#4580,#549);
#254=LINE('',#4582,#550);
#255=LINE('',#4584,#551);
#256=LINE('',#4585,#552);
#257=LINE('',#4588,#553);
#258=LINE('',#4590,#554);
#259=LINE('',#4592,#555);
#260=LINE('',#4593,#556);
#261=LINE('',#4596,#557);
#262=LINE('',#4598,#558);
#263=LINE('',#4600,#559);
#264=LINE('',#4601,#560);
#265=LINE('',#4604,#561);
#266=LINE('',#4606,#562);
#267=LINE('',#4608,#563);
#268=LINE('',#4609,#564);
#269=LINE('',#4612,#565);
#270=LINE('',#4614,#566);
#271=LINE('',#4616,#567);
#272=LINE('',#4617,#568);
#273=LINE('',#4620,#569);
#274=LINE('',#4622,#570);
#275=LINE('',#4624,#571);
#276=LINE('',#4625,#572);
#277=LINE('',#4630,#573);
#278=LINE('',#4632,#574);
#279=LINE('',#4634,#575);
#280=LINE('',#4635,#576);
#281=LINE('',#4638,#577);
#282=LINE('',#4640,#578);
#283=LINE('',#4642,#579);
#284=LINE('',#4643,#580);
#285=LINE('',#4646,#581);
#286=LINE('',#4648,#582);
#287=LINE('',#4650,#583);
#288=LINE('',#4651,#584);
#289=LINE('',#4656,#585);
#290=LINE('',#4658,#586);
#291=LINE('',#4660,#587);
#292=LINE('',#4661,#588);
#293=LINE('',#4664,#589);
#294=LINE('',#4666,#590);
#295=LINE('',#4668,#591);
#296=LINE('',#4669,#592);
#297=LINE('',#4679,#593);
#298=LINE('',#4682,#594);
#299=LINE('',#4699,#595);
#300=LINE('',#4700,#596);
#301=LINE('',#4705,#597);
#302=LINE('',#4706,#598);
#303=LINE('',#4718,#599);
#304=LINE('',#4722,#600);
#305=LINE('',#4724,#601);
#306=LINE('',#4726,#602);
#307=LINE('',#4727,#603);
#308=LINE('',#4730,#604);
#309=LINE('',#4732,#605);
#310=LINE('',#4734,#606);
#311=LINE('',#4735,#607);
#312=LINE('',#4738,#608);
#313=LINE('',#4740,#609);
#314=LINE('',#4742,#610);
#315=LINE('',#4743,#611);
#316=LINE('',#4746,#612);
#317=LINE('',#4748,#613);
#318=LINE('',#4750,#614);
#319=LINE('',#4751,#615);
#320=LINE('',#4754,#616);
#321=LINE('',#4756,#617);
#322=LINE('',#4758,#618);
#323=LINE('',#4759,#619);
#324=LINE('',#4762,#620);
#325=LINE('',#4764,#621);
#326=LINE('',#4766,#622);
#327=LINE('',#4767,#623);
#328=LINE('',#4770,#624);
#329=LINE('',#4772,#625);
#330=LINE('',#4774,#626);
#331=LINE('',#4775,#627);
#332=LINE('',#4780,#628);
#333=LINE('',#4782,#629);
#334=LINE('',#4784,#630);
#335=LINE('',#4785,#631);
#336=LINE('',#4788,#632);
#337=LINE('',#4790,#633);
#338=LINE('',#4792,#634);
#339=LINE('',#4793,#635);
#340=LINE('',#4796,#636);
#341=LINE('',#4798,#637);
#342=LINE('',#4800,#638);
#343=LINE('',#4801,#639);
#344=LINE('',#4806,#640);
#345=LINE('',#4808,#641);
#346=LINE('',#4810,#642);
#347=LINE('',#4811,#643);
#348=LINE('',#4814,#644);
#349=LINE('',#4816,#645);
#350=LINE('',#4818,#646);
#351=LINE('',#4819,#647);
#352=LINE('',#4825,#648);
#353=LINE('',#4826,#649);
#354=LINE('',#4828,#650);
#355=LINE('',#4830,#651);
#356=LINE('',#4833,#652);
#357=LINE('',#4834,#653);
#358=LINE('',#4836,#654);
#359=LINE('',#4838,#655);
#360=LINE('',#4841,#656);
#361=LINE('',#4842,#657);
#362=LINE('',#4844,#658);
#363=LINE('',#4846,#659);
#364=LINE('',#4849,#660);
#365=LINE('',#4850,#661);
#366=LINE('',#4852,#662);
#367=LINE('',#4854,#663);
#368=LINE('',#4857,#664);
#369=LINE('',#4858,#665);
#370=LINE('',#4860,#666);
#371=LINE('',#4862,#667);
#372=LINE('',#4865,#668);
#373=LINE('',#4866,#669);
#374=LINE('',#4868,#670);
#375=LINE('',#4870,#671);
#376=LINE('',#4873,#672);
#377=LINE('',#4874,#673);
#378=LINE('',#4876,#674);
#379=LINE('',#4878,#675);
#380=LINE('',#4881,#676);
#381=LINE('',#4883,#677);
#382=LINE('',#4884,#678);
#383=LINE('',#4886,#679);
#384=LINE('',#4888,#680);
#385=LINE('',#4891,#681);
#386=LINE('',#4892,#682);
#387=LINE('',#4894,#683);
#388=LINE('',#4896,#684);
#389=LINE('',#4899,#685);
#390=LINE('',#4900,#686);
#391=LINE('',#4902,#687);
#392=LINE('',#4904,#688);
#393=LINE('',#4907,#689);
#394=LINE('',#4909,#690);
#395=LINE('',#4910,#691);
#396=LINE('',#4912,#692);
#397=LINE('',#4914,#693);
#398=LINE('',#4917,#694);
#399=LINE('',#4918,#695);
#400=LINE('',#4920,#696);
#401=LINE('',#4922,#697);
#402=LINE('',#4925,#698);
#403=LINE('',#4927,#699);
#404=LINE('',#4947,#700);
#405=LINE('',#4948,#701);
#406=LINE('',#4950,#702);
#407=LINE('',#4952,#703);
#408=LINE('',#4953,#704);
#409=LINE('',#4986,#705);
#410=LINE('',#4987,#706);
#411=LINE('',#4991,#707);
#412=LINE('',#4994,#708);
#413=LINE('',#4995,#709);
#414=LINE('',#4999,#710);
#415=LINE('',#5002,#711);
#416=LINE('',#5003,#712);
#417=LINE('',#5007,#713);
#418=LINE('',#5010,#714);
#419=LINE('',#5011,#715);
#420=LINE('',#5015,#716);
#421=LINE('',#5018,#717);
#422=LINE('',#5019,#718);
#423=LINE('',#5022,#719);
#424=LINE('',#5023,#720);
#425=LINE('',#5041,#721);
#426=LINE('',#5044,#722);
#427=LINE('',#5075,#723);
#428=LINE('',#5079,#724);
#429=LINE('',#5080,#725);
#430=LINE('',#5083,#726);
#431=LINE('',#5085,#727);
#432=LINE('',#5087,#728);
#433=LINE('',#5089,#729);
#434=LINE('',#5095,#730);
#435=LINE('',#5101,#731);
#436=LINE('',#5108,#732);
#437=LINE('',#5111,#733);
#438=LINE('',#5114,#734);
#439=LINE('',#5116,#735);
#440=LINE('',#5117,#736);
#441=LINE('',#5123,#737);
#442=LINE('',#5126,#738);
#443=LINE('',#5128,#739);
#444=LINE('',#5129,#740);
#445=LINE('',#5132,#741);
#446=LINE('',#5134,#742);
#447=LINE('',#5135,#743);
#448=LINE('',#5141,#744);
#449=LINE('',#5144,#745);
#450=LINE('',#5146,#746);
#451=LINE('',#5147,#747);
#452=LINE('',#5153,#748);
#453=LINE('',#5156,#749);
#454=LINE('',#5158,#750);
#455=LINE('',#5159,#751);
#456=LINE('',#5165,#752);
#457=LINE('',#5168,#753);
#458=LINE('',#5170,#754);
#459=LINE('',#5171,#755);
#460=LINE('',#5177,#756);
#461=LINE('',#5180,#757);
#462=LINE('',#5182,#758);
#463=LINE('',#5183,#759);
#464=LINE('',#5185,#760);
#465=LINE('',#5186,#761);
#466=VECTOR('',#3314,10.);
#467=VECTOR('',#3315,10.);
#468=VECTOR('',#3328,10.);
#469=VECTOR('',#3329,10.);
#470=VECTOR('',#3332,10.);
#471=VECTOR('',#3335,10.);
#472=VECTOR('',#3340,10.);
#473=VECTOR('',#3341,10.);
#474=VECTOR('',#3344,10.);
#475=VECTOR('',#3349,10.);
#476=VECTOR('',#3350,10.);
#477=VECTOR('',#3353,10.);
#478=VECTOR('',#3356,10.);
#479=VECTOR('',#3359,10.);
#480=VECTOR('',#3362,10.);
#481=VECTOR('',#3363,10.);
#482=VECTOR('',#3366,10.);
#483=VECTOR('',#3371,10.);
#484=VECTOR('',#3372,10.);
#485=VECTOR('',#3375,10.);
#486=VECTOR('',#3378,10.);
#487=VECTOR('',#3381,10.);
#488=VECTOR('',#3384,10.);
#489=VECTOR('',#3385,10.);
#490=VECTOR('',#3394,10.);
#491=VECTOR('',#3409,10.);
#492=VECTOR('',#3410,10.);
#493=VECTOR('',#3423,10.);
#494=VECTOR('',#3426,10.);
#495=VECTOR('',#3431,10.);
#496=VECTOR('',#3446,10.);
#497=VECTOR('',#3447,10.);
#498=VECTOR('',#3460,10.);
#499=VECTOR('',#3461,10.);
#500=VECTOR('',#3474,10.);
#501=VECTOR('',#3475,10.);
#502=VECTOR('',#3494,10.);
#503=VECTOR('',#3495,10.);
#504=VECTOR('',#3496,10.);
#505=VECTOR('',#3501,10.);
#506=VECTOR('',#3502,10.);
#507=VECTOR('',#3505,10.);
#508=VECTOR('',#3508,10.);
#509=VECTOR('',#3511,10.);
#510=VECTOR('',#3512,10.);
#511=VECTOR('',#3513,10.);
#512=VECTOR('',#3516,10.);
#513=VECTOR('',#3517,10.);
#514=VECTOR('',#3524,10.);
#515=VECTOR('',#3527,10.);
#516=VECTOR('',#3530,10.);
#517=VECTOR('',#3531,10.);
#518=VECTOR('',#3534,10.);
#519=VECTOR('',#3539,10.);
#520=VECTOR('',#3540,10.);
#521=VECTOR('',#3541,10.);
#522=VECTOR('',#3548,10.);
#523=VECTOR('',#3553,10.);
#524=VECTOR('',#3554,10.);
#525=VECTOR('',#3557,10.);
#526=VECTOR('',#3560,10.);
#527=VECTOR('',#3561,10.);
#528=VECTOR('',#3562,10.);
#529=VECTOR('',#3563,10.);
#530=VECTOR('',#3564,10.);
#531=VECTOR('',#3565,10.);
#532=VECTOR('',#3566,10.);
#533=VECTOR('',#3569,10.);
#534=VECTOR('',#3574,1.5);
#535=VECTOR('',#3583,1.5);
#536=VECTOR('',#3592,10.);
#537=VECTOR('',#3595,10.);
#538=VECTOR('',#3598,10.);
#539=VECTOR('',#3599,10.);
#540=VECTOR('',#3600,10.);
#541=VECTOR('',#3607,10.);
#542=VECTOR('',#3610,10.);
#543=VECTOR('',#3611,10.);
#544=VECTOR('',#3614,10.);
#545=VECTOR('',#3615,10.);
#546=VECTOR('',#3616,10.);
#547=VECTOR('',#3617,10.);
#548=VECTOR('',#3618,10.);
#549=VECTOR('',#3619,10.);
#550=VECTOR('',#3620,10.);
#551=VECTOR('',#3621,10.);
#552=VECTOR('',#3622,10.);
#553=VECTOR('',#3623,10.);
#554=VECTOR('',#3624,10.);
#555=VECTOR('',#3625,10.);
#556=VECTOR('',#3626,10.);
#557=VECTOR('',#3627,10.);
#558=VECTOR('',#3628,10.);
#559=VECTOR('',#3629,10.);
#560=VECTOR('',#3630,10.);
#561=VECTOR('',#3631,10.);
#562=VECTOR('',#3632,10.);
#563=VECTOR('',#3633,10.);
#564=VECTOR('',#3634,10.);
#565=VECTOR('',#3635,10.);
#566=VECTOR('',#3636,10.);
#567=VECTOR('',#3637,10.);
#568=VECTOR('',#3638,10.);
#569=VECTOR('',#3639,10.);
#570=VECTOR('',#3640,10.);
#571=VECTOR('',#3641,10.);
#572=VECTOR('',#3642,10.);
#573=VECTOR('',#3645,10.);
#574=VECTOR('',#3646,10.);
#575=VECTOR('',#3647,10.);
#576=VECTOR('',#3648,10.);
#577=VECTOR('',#3649,10.);
#578=VECTOR('',#3650,10.);
#579=VECTOR('',#3651,10.);
#580=VECTOR('',#3652,10.);
#581=VECTOR('',#3653,10.);
#582=VECTOR('',#3654,10.);
#583=VECTOR('',#3655,10.);
#584=VECTOR('',#3656,10.);
#585=VECTOR('',#3659,10.);
#586=VECTOR('',#3660,10.);
#587=VECTOR('',#3661,10.);
#588=VECTOR('',#3662,10.);
#589=VECTOR('',#3663,10.);
#590=VECTOR('',#3664,10.);
#591=VECTOR('',#3665,10.);
#592=VECTOR('',#3666,10.);
#593=VECTOR('',#3675,10.);
#594=VECTOR('',#3678,4.);
#595=VECTOR('',#3699,10.);
#596=VECTOR('',#3700,4.);
#597=VECTOR('',#3705,4.);
#598=VECTOR('',#3706,10.);
#599=VECTOR('',#3725,4.);
#600=VECTOR('',#3728,10.);
#601=VECTOR('',#3729,10.);
#602=VECTOR('',#3730,10.);
#603=VECTOR('',#3731,10.);
#604=VECTOR('',#3732,10.);
#605=VECTOR('',#3733,10.);
#606=VECTOR('',#3734,10.);
#607=VECTOR('',#3735,10.);
#608=VECTOR('',#3736,10.);
#609=VECTOR('',#3737,10.);
#610=VECTOR('',#3738,10.);
#611=VECTOR('',#3739,10.);
#612=VECTOR('',#3740,10.);
#613=VECTOR('',#3741,10.);
#614=VECTOR('',#3742,10.);
#615=VECTOR('',#3743,10.);
#616=VECTOR('',#3744,10.);
#617=VECTOR('',#3745,10.);
#618=VECTOR('',#3746,10.);
#619=VECTOR('',#3747,10.);
#620=VECTOR('',#3748,10.);
#621=VECTOR('',#3749,10.);
#622=VECTOR('',#3750,10.);
#623=VECTOR('',#3751,10.);
#624=VECTOR('',#3752,10.);
#625=VECTOR('',#3753,10.);
#626=VECTOR('',#3754,10.);
#627=VECTOR('',#3755,10.);
#628=VECTOR('',#3758,10.);
#629=VECTOR('',#3759,10.);
#630=VECTOR('',#3760,10.);
#631=VECTOR('',#3761,10.);
#632=VECTOR('',#3762,10.);
#633=VECTOR('',#3763,10.);
#634=VECTOR('',#3764,10.);
#635=VECTOR('',#3765,10.);
#636=VECTOR('',#3766,10.);
#637=VECTOR('',#3767,10.);
#638=VECTOR('',#3768,10.);
#639=VECTOR('',#3769,10.);
#640=VECTOR('',#3772,10.);
#641=VECTOR('',#3773,10.);
#642=VECTOR('',#3774,10.);
#643=VECTOR('',#3775,10.);
#644=VECTOR('',#3776,10.);
#645=VECTOR('',#3777,10.);
#646=VECTOR('',#3778,10.);
#647=VECTOR('',#3779,10.);
#648=VECTOR('',#3786,10.);
#649=VECTOR('',#3787,10.);
#650=VECTOR('',#3790,10.);
#651=VECTOR('',#3793,10.);
#652=VECTOR('',#3798,10.);
#653=VECTOR('',#3799,10.);
#654=VECTOR('',#3802,10.);
#655=VECTOR('',#3805,10.);
#656=VECTOR('',#3810,10.);
#657=VECTOR('',#3811,10.);
#658=VECTOR('',#3814,10.);
#659=VECTOR('',#3817,10.);
#660=VECTOR('',#3822,10.);
#661=VECTOR('',#3823,10.);
#662=VECTOR('',#3826,10.);
#663=VECTOR('',#3829,10.);
#664=VECTOR('',#3834,10.);
#665=VECTOR('',#3835,10.);
#666=VECTOR('',#3838,10.);
#667=VECTOR('',#3841,10.);
#668=VECTOR('',#3846,10.);
#669=VECTOR('',#3847,10.);
#670=VECTOR('',#3850,10.);
#671=VECTOR('',#3853,10.);
#672=VECTOR('',#3858,10.);
#673=VECTOR('',#3859,10.);
#674=VECTOR('',#3862,10.);
#675=VECTOR('',#3865,10.);
#676=VECTOR('',#3870,4.);
#677=VECTOR('',#3873,10.);
#678=VECTOR('',#3874,10.);
#679=VECTOR('',#3877,10.);
#680=VECTOR('',#3880,10.);
#681=VECTOR('',#3885,10.);
#682=VECTOR('',#3886,10.);
#683=VECTOR('',#3889,10.);
#684=VECTOR('',#3892,10.);
#685=VECTOR('',#3897,10.);
#686=VECTOR('',#3898,10.);
#687=VECTOR('',#3901,10.);
#688=VECTOR('',#3904,10.);
#689=VECTOR('',#3909,4.);
#690=VECTOR('',#3912,10.);
#691=VECTOR('',#3913,10.);
#692=VECTOR('',#3916,10.);
#693=VECTOR('',#3919,10.);
#694=VECTOR('',#3924,10.);
#695=VECTOR('',#3925,10.);
#696=VECTOR('',#3928,10.);
#697=VECTOR('',#3931,10.);
#698=VECTOR('',#3936,4.);
#699=VECTOR('',#3939,4.);
#700=VECTOR('',#3942,10.);
#701=VECTOR('',#3943,10.);
#702=VECTOR('',#3944,10.);
#703=VECTOR('',#3945,10.);
#704=VECTOR('',#3946,10.);
#705=VECTOR('',#3955,10.);
#706=VECTOR('',#3956,10.);
#707=VECTOR('',#3961,10.);
#708=VECTOR('',#3964,10.);
#709=VECTOR('',#3965,10.);
#710=VECTOR('',#3970,10.);
#711=VECTOR('',#3973,10.);
#712=VECTOR('',#3974,10.);
#713=VECTOR('',#3979,10.);
#714=VECTOR('',#3982,10.);
#715=VECTOR('',#3983,10.);
#716=VECTOR('',#3988,10.);
#717=VECTOR('',#3991,10.);
#718=VECTOR('',#3992,10.);
#719=VECTOR('',#3995,10.);
#720=VECTOR('',#3996,10.);
#721=VECTOR('',#4003,10.);
#722=VECTOR('',#4008,10.);
#723=VECTOR('',#4015,10.);
#724=VECTOR('',#4022,10.);
#725=VECTOR('',#4023,10.);
#726=VECTOR('',#4028,10.);
#727=VECTOR('',#4031,10.);
#728=VECTOR('',#4034,10.);
#729=VECTOR('',#4037,10.);
#730=VECTOR('',#4044,1.5);
#731=VECTOR('',#4051,1.5);
#732=VECTOR('',#4058,10.);
#733=VECTOR('',#4061,10.);
#734=VECTOR('',#4064,10.);
#735=VECTOR('',#4065,10.);
#736=VECTOR('',#4066,10.);
#737=VECTOR('',#4073,10.);
#738=VECTOR('',#4076,10.);
#739=VECTOR('',#4077,10.);
#740=VECTOR('',#4078,10.);
#741=VECTOR('',#4081,10.);
#742=VECTOR('',#4082,10.);
#743=VECTOR('',#4083,10.);
#744=VECTOR('',#4090,10.);
#745=VECTOR('',#4093,10.);
#746=VECTOR('',#4094,10.);
#747=VECTOR('',#4095,10.);
#748=VECTOR('',#4102,10.);
#749=VECTOR('',#4105,10.);
#750=VECTOR('',#4106,10.);
#751=VECTOR('',#4107,10.);
#752=VECTOR('',#4114,10.);
#753=VECTOR('',#4117,10.);
#754=VECTOR('',#4118,10.);
#755=VECTOR('',#4119,10.);
#756=VECTOR('',#4126,10.);
#757=VECTOR('',#4129,10.);
#758=VECTOR('',#4130,10.);
#759=VECTOR('',#4131,10.);
#760=VECTOR('',#4134,10.);
#761=VECTOR('',#4135,10.);
#762=CYLINDRICAL_SURFACE('',#3031,2.);
#763=CYLINDRICAL_SURFACE('',#3038,5.);
#764=CYLINDRICAL_SURFACE('',#3043,2.5);
#765=CYLINDRICAL_SURFACE('',#3059,2.5);
#766=CYLINDRICAL_SURFACE('',#3066,2.);
#767=CYLINDRICAL_SURFACE('',#3075,2.5);
#768=CYLINDRICAL_SURFACE('',#3082,2.5);
#769=CYLINDRICAL_SURFACE('',#3088,2.5);
#770=CYLINDRICAL_SURFACE('',#3094,2.5);
#771=CYLINDRICAL_SURFACE('',#3105,1.5);
#772=CYLINDRICAL_SURFACE('',#3111,2.5);
#773=CYLINDRICAL_SURFACE('',#3113,2.);
#774=CYLINDRICAL_SURFACE('',#3116,2.);
#775=CYLINDRICAL_SURFACE('',#3119,2.00000000000001);
#776=CYLINDRICAL_SURFACE('',#3121,2.);
#777=CYLINDRICAL_SURFACE('',#3127,1.5);
#778=CYLINDRICAL_SURFACE('',#3131,1.5);
#779=CYLINDRICAL_SURFACE('',#3135,2.5);
#780=CYLINDRICAL_SURFACE('',#3139,2.5);
#781=CYLINDRICAL_SURFACE('',#3148,4.);
#782=CYLINDRICAL_SURFACE('',#3159,4.);
#783=CYLINDRICAL_SURFACE('',#3161,4.);
#784=CYLINDRICAL_SURFACE('',#3171,4.);
#785=CYLINDRICAL_SURFACE('',#3205,4.);
#786=CYLINDRICAL_SURFACE('',#3218,4.);
#787=CYLINDRICAL_SURFACE('',#3227,4.);
#788=CYLINDRICAL_SURFACE('',#3228,4.);
#789=CYLINDRICAL_SURFACE('',#3230,6.00000000000001);
#790=CYLINDRICAL_SURFACE('',#3231,6.00000000000001);
#791=CYLINDRICAL_SURFACE('',#3234,8.);
#792=CYLINDRICAL_SURFACE('',#3237,8.00000000000001);
#793=CYLINDRICAL_SURFACE('',#3240,8.00000000000002);
#794=CYLINDRICAL_SURFACE('',#3243,7.99999999999999);
#795=CYLINDRICAL_SURFACE('',#3247,5.99999999999999);
#796=CYLINDRICAL_SURFACE('',#3250,5.);
#797=CYLINDRICAL_SURFACE('',#3254,5.);
#798=CYLINDRICAL_SURFACE('',#3258,9.99999999999999);
#799=CYLINDRICAL_SURFACE('',#3259,10.);
#800=CYLINDRICAL_SURFACE('',#3261,10.);
#801=CYLINDRICAL_SURFACE('',#3263,10.);
#802=CYLINDRICAL_SURFACE('',#3264,1.5);
#803=CYLINDRICAL_SURFACE('',#3267,1.5);
#804=CYLINDRICAL_SURFACE('',#3270,7.00000000000001);
#805=CYLINDRICAL_SURFACE('',#3274,6.99999999999999);
#806=CYLINDRICAL_SURFACE('',#3279,5.99999999999999);
#807=CYLINDRICAL_SURFACE('',#3283,6.00000000000003);
#808=CYLINDRICAL_SURFACE('',#3287,6.00000000000001);
#809=CYLINDRICAL_SURFACE('',#3291,6.);
#810=FACE_OUTER_BOUND('',#966,.T.);
#811=FACE_OUTER_BOUND('',#967,.T.);
#812=FACE_OUTER_BOUND('',#968,.T.);
#813=FACE_OUTER_BOUND('',#969,.T.);
#814=FACE_OUTER_BOUND('',#970,.T.);
#815=FACE_OUTER_BOUND('',#971,.T.);
#816=FACE_OUTER_BOUND('',#972,.T.);
#817=FACE_OUTER_BOUND('',#973,.T.);
#818=FACE_OUTER_BOUND('',#974,.T.);
#819=FACE_OUTER_BOUND('',#975,.T.);
#820=FACE_OUTER_BOUND('',#976,.T.);
#821=FACE_OUTER_BOUND('',#977,.T.);
#822=FACE_OUTER_BOUND('',#978,.T.);
#823=FACE_OUTER_BOUND('',#979,.T.);
#824=FACE_OUTER_BOUND('',#980,.T.);
#825=FACE_OUTER_BOUND('',#981,.T.);
#826=FACE_OUTER_BOUND('',#982,.T.);
#827=FACE_OUTER_BOUND('',#983,.T.);
#828=FACE_OUTER_BOUND('',#984,.T.);
#829=FACE_OUTER_BOUND('',#985,.T.);
#830=FACE_OUTER_BOUND('',#986,.T.);
#831=FACE_OUTER_BOUND('',#987,.T.);
#832=FACE_OUTER_BOUND('',#988,.T.);
#833=FACE_OUTER_BOUND('',#989,.T.);
#834=FACE_OUTER_BOUND('',#990,.T.);
#835=FACE_OUTER_BOUND('',#991,.T.);
#836=FACE_OUTER_BOUND('',#992,.T.);
#837=FACE_OUTER_BOUND('',#993,.T.);
#838=FACE_OUTER_BOUND('',#994,.T.);
#839=FACE_OUTER_BOUND('',#995,.T.);
#840=FACE_OUTER_BOUND('',#996,.T.);
#841=FACE_OUTER_BOUND('',#997,.T.);
#842=FACE_OUTER_BOUND('',#998,.T.);
#843=FACE_OUTER_BOUND('',#999,.T.);
#844=FACE_OUTER_BOUND('',#1000,.T.);
#845=FACE_OUTER_BOUND('',#1001,.T.);
#846=FACE_OUTER_BOUND('',#1002,.T.);
#847=FACE_OUTER_BOUND('',#1003,.T.);
#848=FACE_OUTER_BOUND('',#1004,.T.);
#849=FACE_OUTER_BOUND('',#1005,.T.);
#850=FACE_OUTER_BOUND('',#1006,.T.);
#851=FACE_OUTER_BOUND('',#1007,.T.);
#852=FACE_OUTER_BOUND('',#1008,.T.);
#853=FACE_OUTER_BOUND('',#1009,.T.);
#854=FACE_OUTER_BOUND('',#1010,.T.);
#855=FACE_OUTER_BOUND('',#1011,.T.);
#856=FACE_OUTER_BOUND('',#1012,.T.);
#857=FACE_OUTER_BOUND('',#1013,.T.);
#858=FACE_OUTER_BOUND('',#1030,.T.);
#859=FACE_OUTER_BOUND('',#1031,.T.);
#860=FACE_OUTER_BOUND('',#1032,.T.);
#861=FACE_OUTER_BOUND('',#1033,.T.);
#862=FACE_OUTER_BOUND('',#1034,.T.);
#863=FACE_OUTER_BOUND('',#1035,.T.);
#864=FACE_OUTER_BOUND('',#1036,.T.);
#865=FACE_OUTER_BOUND('',#1037,.T.);
#866=FACE_OUTER_BOUND('',#1038,.T.);
#867=FACE_OUTER_BOUND('',#1055,.T.);
#868=FACE_OUTER_BOUND('',#1056,.T.);
#869=FACE_OUTER_BOUND('',#1057,.T.);
#870=FACE_OUTER_BOUND('',#1058,.T.);
#871=FACE_OUTER_BOUND('',#1059,.T.);
#872=FACE_OUTER_BOUND('',#1060,.T.);
#873=FACE_OUTER_BOUND('',#1061,.T.);
#874=FACE_OUTER_BOUND('',#1062,.T.);
#875=FACE_OUTER_BOUND('',#1063,.T.);
#876=FACE_OUTER_BOUND('',#1064,.T.);
#877=FACE_OUTER_BOUND('',#1065,.T.);
#878=FACE_OUTER_BOUND('',#1066,.T.);
#879=FACE_OUTER_BOUND('',#1067,.T.);
#880=FACE_OUTER_BOUND('',#1068,.T.);
#881=FACE_OUTER_BOUND('',#1069,.T.);
#882=FACE_OUTER_BOUND('',#1070,.T.);
#883=FACE_OUTER_BOUND('',#1071,.T.);
#884=FACE_OUTER_BOUND('',#1072,.T.);
#885=FACE_OUTER_BOUND('',#1073,.T.);
#886=FACE_OUTER_BOUND('',#1074,.T.);
#887=FACE_OUTER_BOUND('',#1075,.T.);
#888=FACE_OUTER_BOUND('',#1076,.T.);
#889=FACE_OUTER_BOUND('',#1077,.T.);
#890=FACE_OUTER_BOUND('',#1078,.T.);
#891=FACE_OUTER_BOUND('',#1079,.T.);
#892=FACE_OUTER_BOUND('',#1080,.T.);
#893=FACE_OUTER_BOUND('',#1081,.T.);
#894=FACE_OUTER_BOUND('',#1082,.T.);
#895=FACE_OUTER_BOUND('',#1083,.T.);
#896=FACE_OUTER_BOUND('',#1084,.T.);
#897=FACE_OUTER_BOUND('',#1085,.T.);
#898=FACE_OUTER_BOUND('',#1086,.T.);
#899=FACE_OUTER_BOUND('',#1087,.T.);
#900=FACE_OUTER_BOUND('',#1088,.T.);
#901=FACE_OUTER_BOUND('',#1089,.T.);
#902=FACE_OUTER_BOUND('',#1090,.T.);
#903=FACE_OUTER_BOUND('',#1091,.T.);
#904=FACE_OUTER_BOUND('',#1092,.T.);
#905=FACE_OUTER_BOUND('',#1093,.T.);
#906=FACE_OUTER_BOUND('',#1094,.T.);
#907=FACE_OUTER_BOUND('',#1095,.T.);
#908=FACE_OUTER_BOUND('',#1096,.T.);
#909=FACE_OUTER_BOUND('',#1097,.T.);
#910=FACE_OUTER_BOUND('',#1098,.T.);
#911=FACE_OUTER_BOUND('',#1099,.T.);
#912=FACE_OUTER_BOUND('',#1100,.T.);
#913=FACE_OUTER_BOUND('',#1101,.T.);
#914=FACE_OUTER_BOUND('',#1102,.T.);
#915=FACE_OUTER_BOUND('',#1103,.T.);
#916=FACE_OUTER_BOUND('',#1104,.T.);
#917=FACE_OUTER_BOUND('',#1105,.T.);
#918=FACE_OUTER_BOUND('',#1106,.T.);
#919=FACE_OUTER_BOUND('',#1107,.T.);
#920=FACE_OUTER_BOUND('',#1108,.T.);
#921=FACE_OUTER_BOUND('',#1109,.T.);
#922=FACE_OUTER_BOUND('',#1110,.T.);
#923=FACE_OUTER_BOUND('',#1111,.T.);
#924=FACE_OUTER_BOUND('',#1112,.T.);
#925=FACE_OUTER_BOUND('',#1113,.T.);
#926=FACE_OUTER_BOUND('',#1114,.T.);
#927=FACE_OUTER_BOUND('',#1115,.T.);
#928=FACE_OUTER_BOUND('',#1116,.T.);
#929=FACE_OUTER_BOUND('',#1117,.T.);
#930=FACE_OUTER_BOUND('',#1118,.T.);
#931=FACE_OUTER_BOUND('',#1119,.T.);
#932=FACE_OUTER_BOUND('',#1120,.T.);
#933=FACE_OUTER_BOUND('',#1121,.T.);
#934=FACE_OUTER_BOUND('',#1124,.T.);
#935=FACE_OUTER_BOUND('',#1125,.T.);
#936=FACE_OUTER_BOUND('',#1126,.T.);
#937=FACE_OUTER_BOUND('',#1127,.T.);
#938=FACE_OUTER_BOUND('',#1128,.T.);
#939=FACE_OUTER_BOUND('',#1129,.T.);
#940=FACE_OUTER_BOUND('',#1130,.T.);
#941=FACE_OUTER_BOUND('',#1131,.T.);
#942=FACE_OUTER_BOUND('',#1132,.T.);
#943=FACE_OUTER_BOUND('',#1133,.T.);
#944=FACE_OUTER_BOUND('',#1134,.T.);
#945=FACE_OUTER_BOUND('',#1135,.T.);
#946=FACE_OUTER_BOUND('',#1136,.T.);
#947=FACE_OUTER_BOUND('',#1137,.T.);
#948=FACE_OUTER_BOUND('',#1138,.T.);
#949=FACE_OUTER_BOUND('',#1139,.T.);
#950=FACE_OUTER_BOUND('',#1140,.T.);
#951=FACE_OUTER_BOUND('',#1141,.T.);
#952=FACE_OUTER_BOUND('',#1142,.T.);
#953=FACE_OUTER_BOUND('',#1143,.T.);
#954=FACE_OUTER_BOUND('',#1144,.T.);
#955=FACE_OUTER_BOUND('',#1145,.T.);
#956=FACE_OUTER_BOUND('',#1146,.T.);
#957=FACE_OUTER_BOUND('',#1147,.T.);
#958=FACE_OUTER_BOUND('',#1148,.T.);
#959=FACE_OUTER_BOUND('',#1149,.T.);
#960=FACE_OUTER_BOUND('',#1150,.T.);
#961=FACE_OUTER_BOUND('',#1151,.T.);
#962=FACE_OUTER_BOUND('',#1152,.T.);
#963=FACE_OUTER_BOUND('',#1153,.T.);
#964=FACE_OUTER_BOUND('',#1154,.T.);
#965=FACE_OUTER_BOUND('',#1157,.T.);
#966=EDGE_LOOP('',(#1983,#1984,#1985,#1986));
#967=EDGE_LOOP('',(#1987,#1988,#1989,#1990));
#968=EDGE_LOOP('',(#1991,#1992,#1993,#1994));
#969=EDGE_LOOP('',(#1995,#1996,#1997,#1998));
#970=EDGE_LOOP('',(#1999,#2000,#2001,#2002,#2003,#2004,#2005,#2006));
#971=EDGE_LOOP('',(#2007,#2008,#2009,#2010));
#972=EDGE_LOOP('',(#2011,#2012,#2013,#2014));
#973=EDGE_LOOP('',(#2015,#2016,#2017,#2018,#2019,#2020,#2021,#2022,#2023,
#2024,#2025,#2026,#2027,#2028,#2029,#2030,#2031,#2032,#2033,#2034,#2035,
#2036,#2037,#2038,#2039,#2040,#2041,#2042,#2043,#2044,#2045,#2046,#2047,
#2048));
#974=EDGE_LOOP('',(#2049,#2050,#2051,#2052,#2053));
#975=EDGE_LOOP('',(#2054,#2055,#2056,#2057));
#976=EDGE_LOOP('',(#2058,#2059,#2060,#2061));
#977=EDGE_LOOP('',(#2062,#2063,#2064,#2065));
#978=EDGE_LOOP('',(#2066,#2067,#2068,#2069));
#979=EDGE_LOOP('',(#2070,#2071,#2072,#2073,#2074,#2075,#2076,#2077));
#980=EDGE_LOOP('',(#2078,#2079,#2080,#2081,#2082));
#981=EDGE_LOOP('',(#2083,#2084,#2085,#2086));
#982=EDGE_LOOP('',(#2087,#2088,#2089,#2090));
#983=EDGE_LOOP('',(#2091,#2092,#2093,#2094));
#984=EDGE_LOOP('',(#2095,#2096,#2097,#2098));
#985=EDGE_LOOP('',(#2099,#2100,#2101,#2102));
#986=EDGE_LOOP('',(#2103,#2104,#2105,#2106));
#987=EDGE_LOOP('',(#2107,#2108,#2109,#2110));
#988=EDGE_LOOP('',(#2111,#2112,#2113,#2114));
#989=EDGE_LOOP('',(#2115,#2116,#2117,#2118));
#990=EDGE_LOOP('',(#2119,#2120,#2121,#2122,#2123,#2124,#2125,#2126,#2127,
#2128,#2129,#2130));
#991=EDGE_LOOP('',(#2131,#2132,#2133,#2134));
#992=EDGE_LOOP('',(#2135,#2136,#2137,#2138,#2139,#2140));
#993=EDGE_LOOP('',(#2141,#2142,#2143,#2144,#2145,#2146,#2147,#2148));
#994=EDGE_LOOP('',(#2149,#2150,#2151,#2152,#2153,#2154,#2155,#2156));
#995=EDGE_LOOP('',(#2157,#2158,#2159,#2160));
#996=EDGE_LOOP('',(#2161,#2162,#2163,#2164));
#997=EDGE_LOOP('',(#2165,#2166,#2167,#2168));
#998=EDGE_LOOP('',(#2169,#2170,#2171,#2172));
#999=EDGE_LOOP('',(#2173,#2174,#2175,#2176));
#1000=EDGE_LOOP('',(#2177,#2178,#2179,#2180,#2181));
#1001=EDGE_LOOP('',(#2182,#2183,#2184,#2185,#2186));
#1002=EDGE_LOOP('',(#2187,#2188,#2189,#2190,#2191));
#1003=EDGE_LOOP('',(#2192,#2193,#2194,#2195,#2196));
#1004=EDGE_LOOP('',(#2197,#2198,#2199,#2200,#2201,#2202,#2203,#2204,#2205,
#2206,#2207,#2208,#2209,#2210,#2211,#2212));
#1005=EDGE_LOOP('',(#2213,#2214,#2215,#2216));
#1006=EDGE_LOOP('',(#2217));
#1007=EDGE_LOOP('',(#2218,#2219,#2220,#2221));
#1008=EDGE_LOOP('',(#2222));
#1009=EDGE_LOOP('',(#2223,#2224,#2225,#2226));
#1010=EDGE_LOOP('',(#2227,#2228,#2229,#2230));
#1011=EDGE_LOOP('',(#2231,#2232,#2233,#2234));
#1012=EDGE_LOOP('',(#2235,#2236,#2237,#2238));
#1013=EDGE_LOOP('',(#2239,#2240,#2241,#2242,#2243,#2244));
#1014=EDGE_LOOP('',(#2245,#2246,#2247,#2248));
#1015=EDGE_LOOP('',(#2249,#2250,#2251,#2252));
#1016=EDGE_LOOP('',(#2253,#2254,#2255,#2256));
#1017=EDGE_LOOP('',(#2257,#2258,#2259,#2260));
#1018=EDGE_LOOP('',(#2261,#2262,#2263,#2264));
#1019=EDGE_LOOP('',(#2265,#2266,#2267,#2268));
#1020=EDGE_LOOP('',(#2269,#2270,#2271,#2272));
#1021=EDGE_LOOP('',(#2273));
#1022=EDGE_LOOP('',(#2274,#2275,#2276,#2277));
#1023=EDGE_LOOP('',(#2278,#2279,#2280,#2281));
#1024=EDGE_LOOP('',(#2282,#2283,#2284,#2285));
#1025=EDGE_LOOP('',(#2286));
#1026=EDGE_LOOP('',(#2287,#2288,#2289,#2290));
#1027=EDGE_LOOP('',(#2291,#2292,#2293,#2294));
#1028=EDGE_LOOP('',(#2295));
#1029=EDGE_LOOP('',(#2296));
#1030=EDGE_LOOP('',(#2297,#2298,#2299,#2300));
#1031=EDGE_LOOP('',(#2301,#2302,#2303,#2304));
#1032=EDGE_LOOP('',(#2305,#2306,#2307,#2308));
#1033=EDGE_LOOP('',(#2309,#2310,#2311,#2312));
#1034=EDGE_LOOP('',(#2313,#2314,#2315,#2316));
#1035=EDGE_LOOP('',(#2317,#2318,#2319,#2320));
#1036=EDGE_LOOP('',(#2321,#2322,#2323,#2324));
#1037=EDGE_LOOP('',(#2325,#2326,#2327,#2328));
#1038=EDGE_LOOP('',(#2329,#2330,#2331,#2332,#2333,#2334,#2335,#2336));
#1039=EDGE_LOOP('',(#2337,#2338,#2339,#2340));
#1040=EDGE_LOOP('',(#2341,#2342,#2343,#2344));
#1041=EDGE_LOOP('',(#2345,#2346,#2347,#2348));
#1042=EDGE_LOOP('',(#2349,#2350,#2351,#2352));
#1043=EDGE_LOOP('',(#2353,#2354,#2355,#2356));
#1044=EDGE_LOOP('',(#2357,#2358,#2359,#2360));
#1045=EDGE_LOOP('',(#2361,#2362,#2363,#2364));
#1046=EDGE_LOOP('',(#2365));
#1047=EDGE_LOOP('',(#2366,#2367,#2368,#2369));
#1048=EDGE_LOOP('',(#2370,#2371,#2372,#2373));
#1049=EDGE_LOOP('',(#2374,#2375,#2376,#2377));
#1050=EDGE_LOOP('',(#2378));
#1051=EDGE_LOOP('',(#2379,#2380,#2381,#2382));
#1052=EDGE_LOOP('',(#2383,#2384,#2385,#2386));
#1053=EDGE_LOOP('',(#2387));
#1054=EDGE_LOOP('',(#2388));
#1055=EDGE_LOOP('',(#2389,#2390,#2391,#2392));
#1056=EDGE_LOOP('',(#2393,#2394,#2395,#2396));
#1057=EDGE_LOOP('',(#2397,#2398,#2399,#2400));
#1058=EDGE_LOOP('',(#2401,#2402,#2403,#2404));
#1059=EDGE_LOOP('',(#2405,#2406,#2407,#2408));
#1060=EDGE_LOOP('',(#2409,#2410,#2411,#2412));
#1061=EDGE_LOOP('',(#2413,#2414,#2415,#2416));
#1062=EDGE_LOOP('',(#2417,#2418,#2419,#2420));
#1063=EDGE_LOOP('',(#2421,#2422,#2423,#2424));
#1064=EDGE_LOOP('',(#2425,#2426,#2427,#2428));
#1065=EDGE_LOOP('',(#2429,#2430,#2431,#2432));
#1066=EDGE_LOOP('',(#2433,#2434,#2435,#2436));
#1067=EDGE_LOOP('',(#2437,#2438,#2439,#2440));
#1068=EDGE_LOOP('',(#2441,#2442,#2443,#2444));
#1069=EDGE_LOOP('',(#2445,#2446,#2447,#2448));
#1070=EDGE_LOOP('',(#2449,#2450,#2451,#2452));
#1071=EDGE_LOOP('',(#2453,#2454,#2455,#2456));
#1072=EDGE_LOOP('',(#2457,#2458,#2459,#2460));
#1073=EDGE_LOOP('',(#2461,#2462,#2463,#2464));
#1074=EDGE_LOOP('',(#2465,#2466,#2467,#2468));
#1075=EDGE_LOOP('',(#2469,#2470,#2471,#2472));
#1076=EDGE_LOOP('',(#2473,#2474,#2475,#2476));
#1077=EDGE_LOOP('',(#2477,#2478,#2479,#2480));
#1078=EDGE_LOOP('',(#2481,#2482,#2483,#2484));
#1079=EDGE_LOOP('',(#2485,#2486,#2487,#2488));
#1080=EDGE_LOOP('',(#2489,#2490,#2491,#2492));
#1081=EDGE_LOOP('',(#2493,#2494,#2495,#2496));
#1082=EDGE_LOOP('',(#2497,#2498,#2499,#2500));
#1083=EDGE_LOOP('',(#2501,#2502,#2503,#2504));
#1084=EDGE_LOOP('',(#2505,#2506,#2507,#2508));
#1085=EDGE_LOOP('',(#2509,#2510,#2511,#2512));
#1086=EDGE_LOOP('',(#2513,#2514,#2515,#2516));
#1087=EDGE_LOOP('',(#2517,#2518,#2519,#2520));
#1088=EDGE_LOOP('',(#2521,#2522,#2523,#2524));
#1089=EDGE_LOOP('',(#2525,#2526,#2527,#2528));
#1090=EDGE_LOOP('',(#2529,#2530,#2531,#2532));
#1091=EDGE_LOOP('',(#2533,#2534,#2535,#2536));
#1092=EDGE_LOOP('',(#2537,#2538,#2539,#2540));
#1093=EDGE_LOOP('',(#2541,#2542,#2543,#2544));
#1094=EDGE_LOOP('',(#2545,#2546,#2547,#2548));
#1095=EDGE_LOOP('',(#2549,#2550,#2551,#2552));
#1096=EDGE_LOOP('',(#2553,#2554,#2555,#2556));
#1097=EDGE_LOOP('',(#2557,#2558,#2559,#2560));
#1098=EDGE_LOOP('',(#2561,#2562,#2563,#2564));
#1099=EDGE_LOOP('',(#2565,#2566,#2567,#2568));
#1100=EDGE_LOOP('',(#2569,#2570,#2571,#2572));
#1101=EDGE_LOOP('',(#2573,#2574,#2575,#2576));
#1102=EDGE_LOOP('',(#2577,#2578,#2579,#2580));
#1103=EDGE_LOOP('',(#2581,#2582,#2583,#2584));
#1104=EDGE_LOOP('',(#2585,#2586,#2587,#2588));
#1105=EDGE_LOOP('',(#2589,#2590,#2591,#2592));
#1106=EDGE_LOOP('',(#2593,#2594,#2595,#2596));
#1107=EDGE_LOOP('',(#2597,#2598,#2599,#2600,#2601,#2602,#2603));
#1108=EDGE_LOOP('',(#2604,#2605,#2606));
#1109=EDGE_LOOP('',(#2607,#2608,#2609,#2610,#2611));
#1110=EDGE_LOOP('',(#2612,#2613,#2614,#2615));
#1111=EDGE_LOOP('',(#2616,#2617,#2618,#2619));
#1112=EDGE_LOOP('',(#2620,#2621,#2622,#2623));
#1113=EDGE_LOOP('',(#2624,#2625,#2626,#2627));
#1114=EDGE_LOOP('',(#2628,#2629,#2630,#2631));
#1115=EDGE_LOOP('',(#2632,#2633,#2634,#2635));
#1116=EDGE_LOOP('',(#2636,#2637,#2638,#2639));
#1117=EDGE_LOOP('',(#2640,#2641,#2642,#2643));
#1118=EDGE_LOOP('',(#2644,#2645,#2646,#2647));
#1119=EDGE_LOOP('',(#2648,#2649,#2650,#2651));
#1120=EDGE_LOOP('',(#2652,#2653,#2654,#2655,#2656));
#1121=EDGE_LOOP('',(#2657,#2658,#2659,#2660,#2661,#2662,#2663,#2664,#2665,
#2666,#2667,#2668,#2669,#2670,#2671,#2672,#2673,#2674,#2675,#2676));
#1122=EDGE_LOOP('',(#2677));
#1123=EDGE_LOOP('',(#2678));
#1124=EDGE_LOOP('',(#2679,#2680,#2681,#2682,#2683,#2684,#2685));
#1125=EDGE_LOOP('',(#2686,#2687,#2688));
#1126=EDGE_LOOP('',(#2689,#2690,#2691));
#1127=EDGE_LOOP('',(#2692,#2693,#2694));
#1128=EDGE_LOOP('',(#2695,#2696,#2697,#2698,#2699,#2700,#2701,#2702,#2703,
#2704));
#1129=EDGE_LOOP('',(#2705,#2706,#2707,#2708,#2709,#2710,#2711,#2712,#2713,
#2714));
#1130=EDGE_LOOP('',(#2715,#2716,#2717,#2718));
#1131=EDGE_LOOP('',(#2719,#2720,#2721,#2722));
#1132=EDGE_LOOP('',(#2723,#2724,#2725,#2726));
#1133=EDGE_LOOP('',(#2727,#2728,#2729,#2730));
#1134=EDGE_LOOP('',(#2731,#2732,#2733,#2734));
#1135=EDGE_LOOP('',(#2735,#2736,#2737,#2738));
#1136=EDGE_LOOP('',(#2739,#2740,#2741,#2742));
#1137=EDGE_LOOP('',(#2743,#2744,#2745,#2746));
#1138=EDGE_LOOP('',(#2747,#2748,#2749,#2750));
#1139=EDGE_LOOP('',(#2751,#2752,#2753,#2754));
#1140=EDGE_LOOP('',(#2755,#2756,#2757,#2758));
#1141=EDGE_LOOP('',(#2759,#2760,#2761,#2762));
#1142=EDGE_LOOP('',(#2763,#2764,#2765,#2766));
#1143=EDGE_LOOP('',(#2767,#2768,#2769,#2770));
#1144=EDGE_LOOP('',(#2771,#2772,#2773,#2774));
#1145=EDGE_LOOP('',(#2775,#2776,#2777,#2778));
#1146=EDGE_LOOP('',(#2779,#2780,#2781,#2782));
#1147=EDGE_LOOP('',(#2783,#2784,#2785,#2786));
#1148=EDGE_LOOP('',(#2787,#2788,#2789,#2790));
#1149=EDGE_LOOP('',(#2791,#2792,#2793,#2794));
#1150=EDGE_LOOP('',(#2795,#2796,#2797,#2798));
#1151=EDGE_LOOP('',(#2799,#2800,#2801,#2802));
#1152=EDGE_LOOP('',(#2803,#2804,#2805,#2806));
#1153=EDGE_LOOP('',(#2807,#2808,#2809,#2810));
#1154=EDGE_LOOP('',(#2811,#2812,#2813,#2814,#2815,#2816,#2817,#2818,#2819,
#2820,#2821,#2822,#2823,#2824));
#1155=EDGE_LOOP('',(#2825));
#1156=EDGE_LOOP('',(#2826));
#1157=EDGE_LOOP('',(#2827,#2828,#2829,#2830,#2831,#2832,#2833,#2834,#2835,
#2836,#2837,#2838,#2839,#2840));
#1158=EDGE_LOOP('',(#2841));
#1159=EDGE_LOOP('',(#2842));
#1160=CIRCLE('',#3027,2.);
#1161=CIRCLE('',#3028,5.);
#1162=CIRCLE('',#3029,2.);
#1163=CIRCLE('',#3030,3.);
#1164=CIRCLE('',#3032,2.);
#1165=CIRCLE('',#3033,2.);
#1166=CIRCLE('',#3034,2.5);
#1167=CIRCLE('',#3035,0.5);
#1168=CIRCLE('',#3036,2.);
#1169=CIRCLE('',#3037,2.);
#1170=CIRCLE('',#3041,5.);
#1171=CIRCLE('',#3044,2.5);
#1172=CIRCLE('',#3046,10.);
#1173=CIRCLE('',#3047,10.);
#1174=CIRCLE('',#3048,10.);
#1175=CIRCLE('',#3049,9.99999999999999);
#1176=CIRCLE('',#3050,2.);
#1177=CIRCLE('',#3052,5.99999999999999);
#1178=CIRCLE('',#3053,7.99999999999999);
#1179=CIRCLE('',#3054,8.00000000000003);
#1180=CIRCLE('',#3055,8.00000000000001);
#1181=CIRCLE('',#3056,8.);
#1182=CIRCLE('',#3057,6.00000000000001);
#1183=CIRCLE('',#3060,2.5);
#1184=CIRCLE('',#3061,2.5);
#1185=CIRCLE('',#3062,2.);
#1186=CIRCLE('',#3063,0.5);
#1187=CIRCLE('',#3064,2.);
#1188=CIRCLE('',#3065,2.5);
#1189=CIRCLE('',#3067,2.);
#1190=CIRCLE('',#3069,2.);
#1191=CIRCLE('',#3070,3.);
#1192=CIRCLE('',#3071,2.);
#1193=CIRCLE('',#3073,2.5);
#1194=CIRCLE('',#3074,1.5);
#1195=CIRCLE('',#3076,2.5);
#1196=CIRCLE('',#3078,2.50000000000003);
#1197=CIRCLE('',#3079,2.00000000000001);
#1198=CIRCLE('',#3080,2.5);
#1199=CIRCLE('',#3081,4.50000000000001);
#1200=CIRCLE('',#3083,2.50000000000001);
#1201=CIRCLE('',#3085,2.5);
#1202=CIRCLE('',#3086,4.5);
#1203=CIRCLE('',#3087,2.);
#1204=CIRCLE('',#3089,2.5);
#1205=CIRCLE('',#3091,2.5);
#1206=CIRCLE('',#3092,4.5);
#1207=CIRCLE('',#3093,2.);
#1208=CIRCLE('',#3095,2.5);
#1209=CIRCLE('',#3097,2.5);
#1210=CIRCLE('',#3098,4.5);
#1211=CIRCLE('',#3099,2.);
#1212=CIRCLE('',#3101,2.00000000000001);
#1213=CIRCLE('',#3103,2.);
#1214=CIRCLE('',#3106,1.5);
#1215=CIRCLE('',#3112,2.5);
#1216=CIRCLE('',#3114,2.);
#1217=CIRCLE('',#3117,2.);
#1218=CIRCLE('',#3128,1.5);
#1219=CIRCLE('',#3129,1.5);
#1220=CIRCLE('',#3132,1.5);
#1221=CIRCLE('',#3133,1.5);
#1222=CIRCLE('',#3136,2.5);
#1223=CIRCLE('',#3137,2.5);
#1224=CIRCLE('',#3140,2.5);
#1225=CIRCLE('',#3141,2.5);
#1226=CIRCLE('',#3144,4.);
#1227=CIRCLE('',#3145,4.);
#1228=CIRCLE('',#3146,4.);
#1229=CIRCLE('',#3147,4.);
#1230=CIRCLE('',#3149,3.99999999999999);
#1231=CIRCLE('',#3150,4.);
#1232=CIRCLE('',#3152,3.99999999999999);
#1233=CIRCLE('',#3153,10.);
#1234=CIRCLE('',#3154,6.53589838486226);
#1235=CIRCLE('',#3156,4.);
#1236=CIRCLE('',#3157,6.53589838486226);
#1237=CIRCLE('',#3158,10.);
#1238=CIRCLE('',#3160,4.);
#1239=CIRCLE('',#3162,4.);
#1240=CIRCLE('',#3164,4.);
#1241=CIRCLE('',#3165,10.);
#1242=CIRCLE('',#3166,6.53589838486225);
#1243=CIRCLE('',#3168,4.);
#1244=CIRCLE('',#3169,6.53589838486223);
#1245=CIRCLE('',#3170,9.99999999999999);
#1246=CIRCLE('',#3173,4.);
#1247=CIRCLE('',#3174,4.);
#1248=CIRCLE('',#3175,4.);
#1249=CIRCLE('',#3176,4.);
#1250=CIRCLE('',#3232,6.00000000000001);
#1251=CIRCLE('',#3235,8.);
#1252=CIRCLE('',#3238,8.00000000000001);
#1253=CIRCLE('',#3241,8.00000000000002);
#1254=CIRCLE('',#3244,7.99999999999999);
#1255=CIRCLE('',#3248,5.99999999999999);
#1256=CIRCLE('',#3251,5.);
#1257=CIRCLE('',#3252,5.);
#1258=CIRCLE('',#3253,5.);
#1259=CIRCLE('',#3265,1.5);
#1260=CIRCLE('',#3266,1.5);
#1261=CIRCLE('',#3268,1.5);
#1262=CIRCLE('',#3269,1.5);
#1263=CIRCLE('',#3271,7.00000000000001);
#1264=CIRCLE('',#3272,7.00000000000001);
#1265=CIRCLE('',#3275,6.99999999999999);
#1266=CIRCLE('',#3276,6.99999999999999);
#1267=CIRCLE('',#3280,5.99999999999999);
#1268=CIRCLE('',#3281,5.99999999999999);
#1269=CIRCLE('',#3284,6.00000000000003);
#1270=CIRCLE('',#3285,6.00000000000003);
#1271=CIRCLE('',#3288,6.00000000000001);
#1272=CIRCLE('',#3289,6.00000000000001);
#1273=CIRCLE('',#3292,6.);
#1274=CIRCLE('',#3293,6.);
#1275=VERTEX_POINT('',#4142);
#1276=VERTEX_POINT('',#4143);
#1277=VERTEX_POINT('',#4145);
#1278=VERTEX_POINT('',#4147);
#1279=VERTEX_POINT('',#4151);
#1280=VERTEX_POINT('',#4152);
#1281=VERTEX_POINT('',#4165);
#1282=VERTEX_POINT('',#4166);
#1283=VERTEX_POINT('',#4191);
#1284=VERTEX_POINT('',#4193);
#1285=VERTEX_POINT('',#4206);
#1286=VERTEX_POINT('',#4208);
#1287=VERTEX_POINT('',#4210);
#1288=VERTEX_POINT('',#4212);
#1289=VERTEX_POINT('',#4214);
#1290=VERTEX_POINT('',#4216);
#1291=VERTEX_POINT('',#4220);
#1292=VERTEX_POINT('',#4224);
#1293=VERTEX_POINT('',#4228);
#1294=VERTEX_POINT('',#4230);
#1295=VERTEX_POINT('',#4237);
#1296=VERTEX_POINT('',#4239);
#1297=VERTEX_POINT('',#4241);
#1298=VERTEX_POINT('',#4243);
#1299=VERTEX_POINT('',#4245);
#1300=VERTEX_POINT('',#4247);
#1301=VERTEX_POINT('',#4249);
#1302=VERTEX_POINT('',#4251);
#1303=VERTEX_POINT('',#4253);
#1304=VERTEX_POINT('',#4255);
#1305=VERTEX_POINT('',#4262);
#1306=VERTEX_POINT('',#4264);
#1307=VERTEX_POINT('',#4266);
#1308=VERTEX_POINT('',#4268);
#1309=VERTEX_POINT('',#4283);
#1310=VERTEX_POINT('',#4285);
#1311=VERTEX_POINT('',#4287);
#1312=VERTEX_POINT('',#4289);
#1313=VERTEX_POINT('',#4291);
#1314=VERTEX_POINT('',#4293);
#1315=VERTEX_POINT('',#4295);
#1316=VERTEX_POINT('',#4297);
#1317=VERTEX_POINT('',#4299);
#1318=VERTEX_POINT('',#4301);
#1319=VERTEX_POINT('',#4303);
#1320=VERTEX_POINT('',#4305);
#1321=VERTEX_POINT('',#4307);
#1322=VERTEX_POINT('',#4309);
#1323=VERTEX_POINT('',#4311);
#1324=VERTEX_POINT('',#4328);
#1325=VERTEX_POINT('',#4330);
#1326=VERTEX_POINT('',#4342);
#1327=VERTEX_POINT('',#4344);
#1328=VERTEX_POINT('',#4346);
#1329=VERTEX_POINT('',#4350);
#1330=VERTEX_POINT('',#4355);
#1331=VERTEX_POINT('',#4379);
#1332=VERTEX_POINT('',#4392);
#1333=VERTEX_POINT('',#4394);
#1334=VERTEX_POINT('',#4396);
#1335=VERTEX_POINT('',#4400);
#1336=VERTEX_POINT('',#4404);
#1337=VERTEX_POINT('',#4406);
#1338=VERTEX_POINT('',#4408);
#1339=VERTEX_POINT('',#4412);
#1340=VERTEX_POINT('',#4413);
#1341=VERTEX_POINT('',#4418);
#1342=VERTEX_POINT('',#4419);
#1343=VERTEX_POINT('',#4424);
#1344=VERTEX_POINT('',#4425);
#1345=VERTEX_POINT('',#4430);
#1346=VERTEX_POINT('',#4431);
#1347=VERTEX_POINT('',#4436);
#1348=VERTEX_POINT('',#4437);
#1349=VERTEX_POINT('',#4442);
#1350=VERTEX_POINT('',#4451);
#1351=VERTEX_POINT('',#4453);
#1352=VERTEX_POINT('',#4457);
#1353=VERTEX_POINT('',#4458);
#1354=VERTEX_POINT('',#4467);
#1355=VERTEX_POINT('',#4469);
#1356=VERTEX_POINT('',#4473);
#1357=VERTEX_POINT('',#4479);
#1358=VERTEX_POINT('',#4481);
#1359=VERTEX_POINT('',#4485);
#1360=VERTEX_POINT('',#4489);
#1361=VERTEX_POINT('',#4493);
#1362=VERTEX_POINT('',#4495);
#1363=VERTEX_POINT('',#4501);
#1364=VERTEX_POINT('',#4505);
#1365=VERTEX_POINT('',#4509);
#1366=VERTEX_POINT('',#4511);
#1367=VERTEX_POINT('',#4513);
#1368=VERTEX_POINT('',#4515);
#1369=VERTEX_POINT('',#4517);
#1370=VERTEX_POINT('',#4519);
#1371=VERTEX_POINT('',#4521);
#1372=VERTEX_POINT('',#4523);
#1373=VERTEX_POINT('',#4525);
#1374=VERTEX_POINT('',#4527);
#1375=VERTEX_POINT('',#4531);
#1376=VERTEX_POINT('',#4533);
#1377=VERTEX_POINT('',#4538);
#1378=VERTEX_POINT('',#4540);
#1379=VERTEX_POINT('',#4545);
#1380=VERTEX_POINT('',#4546);
#1381=VERTEX_POINT('',#4548);
#1382=VERTEX_POINT('',#4550);
#1383=VERTEX_POINT('',#4554);
#1384=VERTEX_POINT('',#4556);
#1385=VERTEX_POINT('',#4560);
#1386=VERTEX_POINT('',#4562);
#1387=VERTEX_POINT('',#4570);
#1388=VERTEX_POINT('',#4571);
#1389=VERTEX_POINT('',#4573);
#1390=VERTEX_POINT('',#4575);
#1391=VERTEX_POINT('',#4578);
#1392=VERTEX_POINT('',#4579);
#1393=VERTEX_POINT('',#4581);
#1394=VERTEX_POINT('',#4583);
#1395=VERTEX_POINT('',#4586);
#1396=VERTEX_POINT('',#4587);
#1397=VERTEX_POINT('',#4589);
#1398=VERTEX_POINT('',#4591);
#1399=VERTEX_POINT('',#4594);
#1400=VERTEX_POINT('',#4595);
#1401=VERTEX_POINT('',#4597);
#1402=VERTEX_POINT('',#4599);
#1403=VERTEX_POINT('',#4602);
#1404=VERTEX_POINT('',#4603);
#1405=VERTEX_POINT('',#4605);
#1406=VERTEX_POINT('',#4607);
#1407=VERTEX_POINT('',#4610);
#1408=VERTEX_POINT('',#4611);
#1409=VERTEX_POINT('',#4613);
#1410=VERTEX_POINT('',#4615);
#1411=VERTEX_POINT('',#4618);
#1412=VERTEX_POINT('',#4619);
#1413=VERTEX_POINT('',#4621);
#1414=VERTEX_POINT('',#4623);
#1415=VERTEX_POINT('',#4626);
#1416=VERTEX_POINT('',#4628);
#1417=VERTEX_POINT('',#4629);
#1418=VERTEX_POINT('',#4631);
#1419=VERTEX_POINT('',#4633);
#1420=VERTEX_POINT('',#4636);
#1421=VERTEX_POINT('',#4637);
#1422=VERTEX_POINT('',#4639);
#1423=VERTEX_POINT('',#4641);
#1424=VERTEX_POINT('',#4644);
#1425=VERTEX_POINT('',#4645);
#1426=VERTEX_POINT('',#4647);
#1427=VERTEX_POINT('',#4649);
#1428=VERTEX_POINT('',#4652);
#1429=VERTEX_POINT('',#4654);
#1430=VERTEX_POINT('',#4655);
#1431=VERTEX_POINT('',#4657);
#1432=VERTEX_POINT('',#4659);
#1433=VERTEX_POINT('',#4662);
#1434=VERTEX_POINT('',#4663);
#1435=VERTEX_POINT('',#4665);
#1436=VERTEX_POINT('',#4667);
#1437=VERTEX_POINT('',#4670);
#1438=VERTEX_POINT('',#4672);
#1439=VERTEX_POINT('',#4675);
#1440=VERTEX_POINT('',#4676);
#1441=VERTEX_POINT('',#4678);
#1442=VERTEX_POINT('',#4680);
#1443=VERTEX_POINT('',#4684);
#1444=VERTEX_POINT('',#4685);
#1445=VERTEX_POINT('',#4690);
#1446=VERTEX_POINT('',#4691);
#1447=VERTEX_POINT('',#4696);
#1448=VERTEX_POINT('',#4697);
#1449=VERTEX_POINT('',#4702);
#1450=VERTEX_POINT('',#4703);
#1451=VERTEX_POINT('',#4708);
#1452=VERTEX_POINT('',#4713);
#1453=VERTEX_POINT('',#4720);
#1454=VERTEX_POINT('',#4721);
#1455=VERTEX_POINT('',#4723);
#1456=VERTEX_POINT('',#4725);
#1457=VERTEX_POINT('',#4728);
#1458=VERTEX_POINT('',#4729);
#1459=VERTEX_POINT('',#4731);
#1460=VERTEX_POINT('',#4733);
#1461=VERTEX_POINT('',#4736);
#1462=VERTEX_POINT('',#4737);
#1463=VERTEX_POINT('',#4739);
#1464=VERTEX_POINT('',#4741);
#1465=VERTEX_POINT('',#4744);
#1466=VERTEX_POINT('',#4745);
#1467=VERTEX_POINT('',#4747);
#1468=VERTEX_POINT('',#4749);
#1469=VERTEX_POINT('',#4752);
#1470=VERTEX_POINT('',#4753);
#1471=VERTEX_POINT('',#4755);
#1472=VERTEX_POINT('',#4757);
#1473=VERTEX_POINT('',#4760);
#1474=VERTEX_POINT('',#4761);
#1475=VERTEX_POINT('',#4763);
#1476=VERTEX_POINT('',#4765);
#1477=VERTEX_POINT('',#4768);
#1478=VERTEX_POINT('',#4769);
#1479=VERTEX_POINT('',#4771);
#1480=VERTEX_POINT('',#4773);
#1481=VERTEX_POINT('',#4776);
#1482=VERTEX_POINT('',#4778);
#1483=VERTEX_POINT('',#4779);
#1484=VERTEX_POINT('',#4781);
#1485=VERTEX_POINT('',#4783);
#1486=VERTEX_POINT('',#4786);
#1487=VERTEX_POINT('',#4787);
#1488=VERTEX_POINT('',#4789);
#1489=VERTEX_POINT('',#4791);
#1490=VERTEX_POINT('',#4794);
#1491=VERTEX_POINT('',#4795);
#1492=VERTEX_POINT('',#4797);
#1493=VERTEX_POINT('',#4799);
#1494=VERTEX_POINT('',#4802);
#1495=VERTEX_POINT('',#4804);
#1496=VERTEX_POINT('',#4805);
#1497=VERTEX_POINT('',#4807);
#1498=VERTEX_POINT('',#4809);
#1499=VERTEX_POINT('',#4812);
#1500=VERTEX_POINT('',#4813);
#1501=VERTEX_POINT('',#4815);
#1502=VERTEX_POINT('',#4817);
#1503=VERTEX_POINT('',#4820);
#1504=VERTEX_POINT('',#4822);
#1505=VERTEX_POINT('',#4929);
#1506=VERTEX_POINT('',#4930);
#1507=VERTEX_POINT('',#4946);
#1508=VERTEX_POINT('',#4949);
#1509=VERTEX_POINT('',#4951);
#1510=VERTEX_POINT('',#4964);
#1511=VERTEX_POINT('',#4985);
#1512=VERTEX_POINT('',#4989);
#1513=VERTEX_POINT('',#4993);
#1514=VERTEX_POINT('',#4997);
#1515=VERTEX_POINT('',#5001);
#1516=VERTEX_POINT('',#5005);
#1517=VERTEX_POINT('',#5009);
#1518=VERTEX_POINT('',#5013);
#1519=VERTEX_POINT('',#5017);
#1520=VERTEX_POINT('',#5021);
#1521=VERTEX_POINT('',#5092);
#1522=VERTEX_POINT('',#5094);
#1523=VERTEX_POINT('',#5098);
#1524=VERTEX_POINT('',#5100);
#1525=VERTEX_POINT('',#5104);
#1526=VERTEX_POINT('',#5105);
#1527=VERTEX_POINT('',#5107);
#1528=VERTEX_POINT('',#5109);
#1529=VERTEX_POINT('',#5113);
#1530=VERTEX_POINT('',#5115);
#1531=VERTEX_POINT('',#5119);
#1532=VERTEX_POINT('',#5121);
#1533=VERTEX_POINT('',#5125);
#1534=VERTEX_POINT('',#5127);
#1535=VERTEX_POINT('',#5131);
#1536=VERTEX_POINT('',#5133);
#1537=VERTEX_POINT('',#5137);
#1538=VERTEX_POINT('',#5139);
#1539=VERTEX_POINT('',#5143);
#1540=VERTEX_POINT('',#5145);
#1541=VERTEX_POINT('',#5149);
#1542=VERTEX_POINT('',#5151);
#1543=VERTEX_POINT('',#5155);
#1544=VERTEX_POINT('',#5157);
#1545=VERTEX_POINT('',#5161);
#1546=VERTEX_POINT('',#5163);
#1547=VERTEX_POINT('',#5167);
#1548=VERTEX_POINT('',#5169);
#1549=VERTEX_POINT('',#5173);
#1550=VERTEX_POINT('',#5175);
#1551=VERTEX_POINT('',#5179);
#1552=VERTEX_POINT('',#5181);
#1553=EDGE_CURVE('',#1275,#1276,#1160,.T.);
#1554=EDGE_CURVE('',#1276,#1277,#1161,.T.);
#1555=EDGE_CURVE('',#1277,#1278,#1162,.F.);
#1556=EDGE_CURVE('',#1278,#1275,#1163,.T.);
#1557=EDGE_CURVE('',#1279,#1280,#1164,.T.);
#1558=EDGE_CURVE('',#1280,#1276,#170,.T.);
#1559=EDGE_CURVE('',#1275,#1279,#171,.T.);
#1560=EDGE_CURVE('',#1281,#1282,#1165,.T.);
#1561=EDGE_CURVE('',#1282,#1280,#1166,.T.);
#1562=EDGE_CURVE('',#1279,#1281,#1167,.T.);
#1563=EDGE_CURVE('',#1283,#1282,#1168,.T.);
#1564=EDGE_CURVE('',#1281,#1284,#1169,.T.);
#1565=EDGE_CURVE('',#1284,#1283,#152,.T.);
#1566=EDGE_CURVE('',#1285,#1277,#172,.T.);
#1567=EDGE_CURVE('',#1276,#1286,#173,.T.);
#1568=EDGE_CURVE('',#1286,#1287,#144,.T.);
#1569=EDGE_CURVE('',#1287,#1288,#174,.T.);
#1570=EDGE_CURVE('',#1288,#1289,#145,.T.);
#1571=EDGE_CURVE('',#1289,#1290,#175,.T.);
#1572=EDGE_CURVE('',#1285,#1290,#1170,.T.);
#1573=EDGE_CURVE('',#1291,#1280,#176,.T.);
#1574=EDGE_CURVE('',#1286,#1291,#177,.T.);
#1575=EDGE_CURVE('',#1282,#1292,#178,.T.);
#1576=EDGE_CURVE('',#1292,#1291,#1171,.T.);
#1577=EDGE_CURVE('',#1293,#1283,#179,.T.);
#1578=EDGE_CURVE('',#1294,#1293,#153,.T.);
#1579=EDGE_CURVE('',#1294,#1295,#180,.T.);
#1580=EDGE_CURVE('',#1295,#1296,#1172,.T.);
#1581=EDGE_CURVE('',#1296,#1297,#181,.T.);
#1582=EDGE_CURVE('',#1297,#1298,#1173,.T.);
#1583=EDGE_CURVE('',#1298,#1299,#182,.T.);
#1584=EDGE_CURVE('',#1299,#1300,#1174,.T.);
#1585=EDGE_CURVE('',#1300,#1301,#183,.T.);
#1586=EDGE_CURVE('',#1301,#1302,#1175,.T.);
#1587=EDGE_CURVE('',#1302,#1303,#184,.T.);
#1588=EDGE_CURVE('',#1304,#1303,#154,.T.);
#1589=EDGE_CURVE('',#1305,#1304,#185,.T.);
#1590=EDGE_CURVE('',#1306,#1305,#1176,.T.);
#1591=EDGE_CURVE('',#1307,#1306,#186,.T.);
#1592=EDGE_CURVE('',#1308,#1307,#155,.T.);
#1593=EDGE_CURVE('',#1309,#1308,#146,.T.);
#1594=EDGE_CURVE('',#1309,#1310,#1177,.T.);
#1595=EDGE_CURVE('',#1310,#1311,#187,.T.);
#1596=EDGE_CURVE('',#1311,#1312,#188,.T.);
#1597=EDGE_CURVE('',#1312,#1313,#1178,.T.);
#1598=EDGE_CURVE('',#1313,#1314,#189,.T.);
#1599=EDGE_CURVE('',#1314,#1315,#1179,.T.);
#1600=EDGE_CURVE('',#1315,#1316,#190,.T.);
#1601=EDGE_CURVE('',#1316,#1317,#1180,.T.);
#1602=EDGE_CURVE('',#1317,#1318,#191,.T.);
#1603=EDGE_CURVE('',#1318,#1319,#1181,.T.);
#1604=EDGE_CURVE('',#1319,#1320,#192,.T.);
#1605=EDGE_CURVE('',#1320,#1321,#193,.T.);
#1606=EDGE_CURVE('',#1321,#1322,#1182,.T.);
#1607=EDGE_CURVE('',#1323,#1322,#147,.T.);
#1608=EDGE_CURVE('',#1292,#1323,#156,.T.);
#1609=EDGE_CURVE('',#1284,#1324,#1183,.T.);
#1610=EDGE_CURVE('',#1324,#1325,#194,.T.);
#1611=EDGE_CURVE('',#1293,#1325,#1184,.T.);
#1612=EDGE_CURVE('',#1306,#1326,#1185,.T.);
#1613=EDGE_CURVE('',#1326,#1327,#1186,.T.);
#1614=EDGE_CURVE('',#1327,#1328,#1187,.T.);
#1615=EDGE_CURVE('',#1328,#1306,#1188,.T.);
#1616=EDGE_CURVE('',#1329,#1290,#1189,.T.);
#1617=EDGE_CURVE('',#1290,#1328,#195,.T.);
#1618=EDGE_CURVE('',#1327,#1329,#196,.T.);
#1619=EDGE_CURVE('',#1330,#1285,#1190,.F.);
#1620=EDGE_CURVE('',#1329,#1330,#1191,.T.);
#1621=EDGE_CURVE('',#1305,#1331,#157,.T.);
#1622=EDGE_CURVE('',#1331,#1326,#1192,.T.);
#1623=EDGE_CURVE('',#1332,#1331,#1193,.T.);
#1624=EDGE_CURVE('',#1333,#1332,#197,.T.);
#1625=EDGE_CURVE('',#1334,#1333,#1194,.F.);
#1626=EDGE_CURVE('',#1334,#1330,#198,.T.);
#1627=EDGE_CURVE('',#1335,#1304,#1195,.T.);
#1628=EDGE_CURVE('',#1335,#1332,#199,.T.);
#1629=EDGE_CURVE('',#1294,#1336,#1196,.T.);
#1630=EDGE_CURVE('',#1336,#1337,#1197,.T.);
#1631=EDGE_CURVE('',#1337,#1338,#1198,.T.);
#1632=EDGE_CURVE('',#1338,#1294,#1199,.T.);
#1633=EDGE_CURVE('',#1339,#1340,#1200,.T.);
#1634=EDGE_CURVE('',#1340,#1338,#200,.T.);
#1635=EDGE_CURVE('',#1337,#1339,#201,.T.);
#1636=EDGE_CURVE('',#1341,#1342,#1201,.T.);
#1637=EDGE_CURVE('',#1342,#1340,#1202,.T.);
#1638=EDGE_CURVE('',#1339,#1341,#1203,.T.);
#1639=EDGE_CURVE('',#1343,#1344,#1204,.T.);
#1640=EDGE_CURVE('',#1344,#1342,#202,.T.);
#1641=EDGE_CURVE('',#1341,#1343,#203,.T.);
#1642=EDGE_CURVE('',#1345,#1346,#1205,.T.);
#1643=EDGE_CURVE('',#1346,#1344,#1206,.T.);
#1644=EDGE_CURVE('',#1343,#1345,#1207,.T.);
#1645=EDGE_CURVE('',#1347,#1348,#1208,.T.);
#1646=EDGE_CURVE('',#1348,#1346,#204,.T.);
#1647=EDGE_CURVE('',#1345,#1347,#205,.T.);
#1648=EDGE_CURVE('',#1349,#1303,#1209,.T.);
#1649=EDGE_CURVE('',#1303,#1348,#1210,.T.);
#1650=EDGE_CURVE('',#1347,#1349,#1211,.T.);
#1651=EDGE_CURVE('',#1325,#1336,#1212,.T.);
#1652=EDGE_CURVE('',#1349,#1335,#1213,.T.);
#1653=EDGE_CURVE('',#1350,#1302,#206,.T.);
#1654=EDGE_CURVE('',#1350,#1351,#207,.T.);
#1655=EDGE_CURVE('',#1351,#1295,#208,.T.);
#1656=EDGE_CURVE('',#1352,#1353,#1214,.F.);
#1657=EDGE_CURVE('',#1353,#1334,#209,.T.);
#1658=EDGE_CURVE('',#1333,#1352,#210,.T.);
#1659=EDGE_CURVE('',#1278,#1353,#211,.T.);
#1660=EDGE_CURVE('',#1324,#1352,#212,.T.);
#1661=EDGE_CURVE('',#1335,#1354,#213,.T.);
#1662=EDGE_CURVE('',#1355,#1354,#214,.T.);
#1663=EDGE_CURVE('',#1325,#1355,#215,.T.);
#1664=EDGE_CURVE('',#1356,#1289,#216,.T.);
#1665=EDGE_CURVE('',#1328,#1356,#217,.T.);
#1666=EDGE_CURVE('',#1307,#1356,#1215,.T.);
#1667=EDGE_CURVE('',#1343,#1357,#218,.T.);
#1668=EDGE_CURVE('',#1358,#1357,#1216,.T.);
#1669=EDGE_CURVE('',#1345,#1358,#219,.T.);
#1670=EDGE_CURVE('',#1341,#1359,#220,.T.);
#1671=EDGE_CURVE('',#1357,#1359,#221,.T.);
#1672=EDGE_CURVE('',#1339,#1360,#222,.T.);
#1673=EDGE_CURVE('',#1359,#1360,#1217,.T.);
#1674=EDGE_CURVE('',#1337,#1361,#223,.T.);
#1675=EDGE_CURVE('',#1362,#1361,#224,.T.);
#1676=EDGE_CURVE('',#1360,#1362,#225,.T.);
#1677=EDGE_CURVE('',#1361,#1355,#148,.T.);
#1678=EDGE_CURVE('',#1347,#1363,#226,.T.);
#1679=EDGE_CURVE('',#1354,#1363,#149,.T.);
#1680=EDGE_CURVE('',#1364,#1358,#227,.T.);
#1681=EDGE_CURVE('',#1363,#1364,#228,.T.);
#1682=EDGE_CURVE('',#1362,#1365,#229,.T.);
#1683=EDGE_CURVE('',#1366,#1365,#150,.F.);
#1684=EDGE_CURVE('',#1367,#1366,#230,.T.);
#1685=EDGE_CURVE('',#1368,#1367,#231,.T.);
#1686=EDGE_CURVE('',#1369,#1368,#232,.T.);
#1687=EDGE_CURVE('',#1370,#1369,#233,.T.);
#1688=EDGE_CURVE('',#1370,#1371,#234,.T.);
#1689=EDGE_CURVE('',#1372,#1371,#235,.T.);
#1690=EDGE_CURVE('',#1372,#1373,#236,.T.);
#1691=EDGE_CURVE('',#1373,#1374,#151,.T.);
#1692=EDGE_CURVE('',#1374,#1364,#237,.T.);
#1693=EDGE_CURVE('',#1375,#1375,#1218,.T.);
#1694=EDGE_CURVE('',#1375,#1376,#238,.T.);
#1695=EDGE_CURVE('',#1376,#1376,#1219,.T.);
#1696=EDGE_CURVE('',#1377,#1377,#1220,.T.);
#1697=EDGE_CURVE('',#1377,#1378,#239,.T.);
#1698=EDGE_CURVE('',#1378,#1378,#1221,.T.);
#1699=EDGE_CURVE('',#1379,#1380,#1222,.T.);
#1700=EDGE_CURVE('',#1381,#1379,#240,.T.);
#1701=EDGE_CURVE('',#1382,#1381,#1223,.T.);
#1702=EDGE_CURVE('',#1380,#1382,#241,.T.);
#1703=EDGE_CURVE('',#1383,#1382,#242,.T.);
#1704=EDGE_CURVE('',#1383,#1384,#243,.T.);
#1705=EDGE_CURVE('',#1380,#1384,#244,.T.);
#1706=EDGE_CURVE('',#1384,#1385,#1224,.T.);
#1707=EDGE_CURVE('',#1386,#1383,#1225,.T.);
#1708=EDGE_CURVE('',#1385,#1386,#245,.T.);
#1709=EDGE_CURVE('',#1371,#1386,#246,.T.);
#1710=EDGE_CURVE('',#1385,#1370,#247,.T.);
#1711=EDGE_CURVE('',#1369,#1379,#248,.T.);
#1712=EDGE_CURVE('',#1387,#1388,#249,.T.);
#1713=EDGE_CURVE('',#1389,#1387,#250,.T.);
#1714=EDGE_CURVE('',#1390,#1389,#251,.T.);
#1715=EDGE_CURVE('',#1388,#1390,#252,.T.);
#1716=EDGE_CURVE('',#1391,#1392,#253,.T.);
#1717=EDGE_CURVE('',#1393,#1391,#254,.T.);
#1718=EDGE_CURVE('',#1394,#1393,#255,.T.);
#1719=EDGE_CURVE('',#1392,#1394,#256,.T.);
#1720=EDGE_CURVE('',#1395,#1396,#257,.T.);
#1721=EDGE_CURVE('',#1397,#1395,#258,.T.);
#1722=EDGE_CURVE('',#1398,#1397,#259,.T.);
#1723=EDGE_CURVE('',#1396,#1398,#260,.T.);
#1724=EDGE_CURVE('',#1399,#1400,#261,.T.);
#1725=EDGE_CURVE('',#1401,#1399,#262,.T.);
#1726=EDGE_CURVE('',#1402,#1401,#263,.T.);
#1727=EDGE_CURVE('',#1400,#1402,#264,.T.);
#1728=EDGE_CURVE('',#1403,#1404,#265,.T.);
#1729=EDGE_CURVE('',#1405,#1403,#266,.T.);
#1730=EDGE_CURVE('',#1406,#1405,#267,.T.);
#1731=EDGE_CURVE('',#1404,#1406,#268,.T.);
#1732=EDGE_CURVE('',#1407,#1408,#269,.T.);
#1733=EDGE_CURVE('',#1409,#1407,#270,.T.);
#1734=EDGE_CURVE('',#1410,#1409,#271,.T.);
#1735=EDGE_CURVE('',#1408,#1410,#272,.T.);
#1736=EDGE_CURVE('',#1411,#1412,#273,.T.);
#1737=EDGE_CURVE('',#1413,#1411,#274,.T.);
#1738=EDGE_CURVE('',#1414,#1413,#275,.T.);
#1739=EDGE_CURVE('',#1412,#1414,#276,.T.);
#1740=EDGE_CURVE('',#1415,#1415,#1226,.T.);
#1741=EDGE_CURVE('',#1416,#1417,#277,.T.);
#1742=EDGE_CURVE('',#1418,#1416,#278,.T.);
#1743=EDGE_CURVE('',#1419,#1418,#279,.T.);
#1744=EDGE_CURVE('',#1417,#1419,#280,.T.);
#1745=EDGE_CURVE('',#1420,#1421,#281,.T.);
#1746=EDGE_CURVE('',#1422,#1420,#282,.T.);
#1747=EDGE_CURVE('',#1423,#1422,#283,.T.);
#1748=EDGE_CURVE('',#1421,#1423,#284,.T.);
#1749=EDGE_CURVE('',#1424,#1425,#285,.T.);
#1750=EDGE_CURVE('',#1426,#1424,#286,.T.);
#1751=EDGE_CURVE('',#1427,#1426,#287,.T.);
#1752=EDGE_CURVE('',#1425,#1427,#288,.T.);
#1753=EDGE_CURVE('',#1428,#1428,#1227,.T.);
#1754=EDGE_CURVE('',#1429,#1430,#289,.T.);
#1755=EDGE_CURVE('',#1431,#1429,#290,.T.);
#1756=EDGE_CURVE('',#1432,#1431,#291,.T.);
#1757=EDGE_CURVE('',#1430,#1432,#292,.T.);
#1758=EDGE_CURVE('',#1433,#1434,#293,.T.);
#1759=EDGE_CURVE('',#1435,#1433,#294,.T.);
#1760=EDGE_CURVE('',#1436,#1435,#295,.T.);
#1761=EDGE_CURVE('',#1434,#1436,#296,.T.);
#1762=EDGE_CURVE('',#1437,#1437,#1228,.T.);
#1763=EDGE_CURVE('',#1438,#1438,#1229,.T.);
#1764=EDGE_CURVE('',#1439,#1440,#1230,.T.);
#1765=EDGE_CURVE('',#1441,#1440,#297,.T.);
#1766=EDGE_CURVE('',#1441,#1442,#1231,.T.);
#1767=EDGE_CURVE('',#1442,#1439,#298,.T.);
#1768=EDGE_CURVE('',#1443,#1444,#1232,.T.);
#1769=EDGE_CURVE('',#1444,#1440,#1233,.T.);
#1770=EDGE_CURVE('',#1439,#1443,#1234,.T.);
#1771=EDGE_CURVE('',#1445,#1446,#1235,.T.);
#1772=EDGE_CURVE('',#1446,#1442,#1236,.T.);
#1773=EDGE_CURVE('',#1441,#1445,#1237,.T.);
#1774=EDGE_CURVE('',#1447,#1448,#1238,.T.);
#1775=EDGE_CURVE('',#1444,#1448,#299,.T.);
#1776=EDGE_CURVE('',#1443,#1447,#300,.T.);
#1777=EDGE_CURVE('',#1449,#1450,#1239,.T.);
#1778=EDGE_CURVE('',#1450,#1446,#301,.T.);
#1779=EDGE_CURVE('',#1449,#1445,#302,.T.);
#1780=EDGE_CURVE('',#1451,#1350,#1240,.T.);
#1781=EDGE_CURVE('',#1350,#1448,#1241,.T.);
#1782=EDGE_CURVE('',#1447,#1451,#1242,.T.);
#1783=EDGE_CURVE('',#1351,#1452,#1243,.T.);
#1784=EDGE_CURVE('',#1452,#1450,#1244,.T.);
#1785=EDGE_CURVE('',#1449,#1351,#1245,.T.);
#1786=EDGE_CURVE('',#1451,#1452,#303,.T.);
#1787=EDGE_CURVE('',#1453,#1454,#304,.T.);
#1788=EDGE_CURVE('',#1454,#1455,#305,.T.);
#1789=EDGE_CURVE('',#1455,#1456,#306,.T.);
#1790=EDGE_CURVE('',#1456,#1453,#307,.T.);
#1791=EDGE_CURVE('',#1457,#1458,#308,.T.);
#1792=EDGE_CURVE('',#1458,#1459,#309,.T.);
#1793=EDGE_CURVE('',#1459,#1460,#310,.T.);
#1794=EDGE_CURVE('',#1460,#1457,#311,.T.);
#1795=EDGE_CURVE('',#1461,#1462,#312,.T.);
#1796=EDGE_CURVE('',#1462,#1463,#313,.T.);
#1797=EDGE_CURVE('',#1463,#1464,#314,.T.);
#1798=EDGE_CURVE('',#1464,#1461,#315,.T.);
#1799=EDGE_CURVE('',#1465,#1466,#316,.T.);
#1800=EDGE_CURVE('',#1466,#1467,#317,.T.);
#1801=EDGE_CURVE('',#1467,#1468,#318,.T.);
#1802=EDGE_CURVE('',#1468,#1465,#319,.T.);
#1803=EDGE_CURVE('',#1469,#1470,#320,.T.);
#1804=EDGE_CURVE('',#1470,#1471,#321,.T.);
#1805=EDGE_CURVE('',#1471,#1472,#322,.T.);
#1806=EDGE_CURVE('',#1472,#1469,#323,.T.);
#1807=EDGE_CURVE('',#1473,#1474,#324,.T.);
#1808=EDGE_CURVE('',#1474,#1475,#325,.T.);
#1809=EDGE_CURVE('',#1475,#1476,#326,.T.);
#1810=EDGE_CURVE('',#1476,#1473,#327,.T.);
#1811=EDGE_CURVE('',#1477,#1478,#328,.T.);
#1812=EDGE_CURVE('',#1478,#1479,#329,.T.);
#1813=EDGE_CURVE('',#1479,#1480,#330,.T.);
#1814=EDGE_CURVE('',#1480,#1477,#331,.T.);
#1815=EDGE_CURVE('',#1481,#1481,#1246,.T.);
#1816=EDGE_CURVE('',#1482,#1483,#332,.T.);
#1817=EDGE_CURVE('',#1483,#1484,#333,.T.);
#1818=EDGE_CURVE('',#1484,#1485,#334,.T.);
#1819=EDGE_CURVE('',#1485,#1482,#335,.T.);
#1820=EDGE_CURVE('',#1486,#1487,#336,.T.);
#1821=EDGE_CURVE('',#1487,#1488,#337,.T.);
#1822=EDGE_CURVE('',#1488,#1489,#338,.T.);
#1823=EDGE_CURVE('',#1489,#1486,#339,.T.);
#1824=EDGE_CURVE('',#1490,#1491,#340,.T.);
#1825=EDGE_CURVE('',#1491,#1492,#341,.T.);
#1826=EDGE_CURVE('',#1492,#1493,#342,.T.);
#1827=EDGE_CURVE('',#1493,#1490,#343,.T.);
#1828=EDGE_CURVE('',#1494,#1494,#1247,.T.);
#1829=EDGE_CURVE('',#1495,#1496,#344,.T.);
#1830=EDGE_CURVE('',#1496,#1497,#345,.T.);
#1831=EDGE_CURVE('',#1497,#1498,#346,.T.);
#1832=EDGE_CURVE('',#1498,#1495,#347,.T.);
#1833=EDGE_CURVE('',#1499,#1500,#348,.T.);
#1834=EDGE_CURVE('',#1500,#1501,#349,.T.);
#1835=EDGE_CURVE('',#1501,#1502,#350,.T.);
#1836=EDGE_CURVE('',#1502,#1499,#351,.T.);
#1837=EDGE_CURVE('',#1503,#1503,#1248,.T.);
#1838=EDGE_CURVE('',#1504,#1504,#1249,.T.);
#1839=EDGE_CURVE('',#1387,#1453,#352,.T.);
#1840=EDGE_CURVE('',#1389,#1456,#353,.T.);
#1841=EDGE_CURVE('',#1390,#1455,#354,.T.);
#1842=EDGE_CURVE('',#1388,#1454,#355,.T.);
#1843=EDGE_CURVE('',#1391,#1457,#356,.T.);
#1844=EDGE_CURVE('',#1393,#1460,#357,.T.);
#1845=EDGE_CURVE('',#1394,#1459,#358,.T.);
#1846=EDGE_CURVE('',#1392,#1458,#359,.T.);
#1847=EDGE_CURVE('',#1395,#1461,#360,.T.);
#1848=EDGE_CURVE('',#1397,#1464,#361,.T.);
#1849=EDGE_CURVE('',#1398,#1463,#362,.T.);
#1850=EDGE_CURVE('',#1396,#1462,#363,.T.);
#1851=EDGE_CURVE('',#1399,#1465,#364,.T.);
#1852=EDGE_CURVE('',#1401,#1468,#365,.T.);
#1853=EDGE_CURVE('',#1402,#1467,#366,.T.);
#1854=EDGE_CURVE('',#1400,#1466,#367,.T.);
#1855=EDGE_CURVE('',#1403,#1469,#368,.T.);
#1856=EDGE_CURVE('',#1405,#1472,#369,.T.);
#1857=EDGE_CURVE('',#1406,#1471,#370,.T.);
#1858=EDGE_CURVE('',#1404,#1470,#371,.T.);
#1859=EDGE_CURVE('',#1407,#1473,#372,.T.);
#1860=EDGE_CURVE('',#1409,#1476,#373,.T.);
#1861=EDGE_CURVE('',#1410,#1475,#374,.T.);
#1862=EDGE_CURVE('',#1408,#1474,#375,.T.);
#1863=EDGE_CURVE('',#1411,#1477,#376,.T.);
#1864=EDGE_CURVE('',#1413,#1480,#377,.T.);
#1865=EDGE_CURVE('',#1414,#1479,#378,.T.);
#1866=EDGE_CURVE('',#1412,#1478,#379,.T.);
#1867=EDGE_CURVE('',#1481,#1415,#380,.T.);
#1868=EDGE_CURVE('',#1416,#1482,#381,.T.);
#1869=EDGE_CURVE('',#1418,#1485,#382,.T.);
#1870=EDGE_CURVE('',#1419,#1484,#383,.T.);
#1871=EDGE_CURVE('',#1417,#1483,#384,.T.);
#1872=EDGE_CURVE('',#1420,#1486,#385,.T.);
#1873=EDGE_CURVE('',#1422,#1489,#386,.T.);
#1874=EDGE_CURVE('',#1423,#1488,#387,.T.);
#1875=EDGE_CURVE('',#1421,#1487,#388,.T.);
#1876=EDGE_CURVE('',#1424,#1490,#389,.T.);
#1877=EDGE_CURVE('',#1426,#1493,#390,.T.);
#1878=EDGE_CURVE('',#1427,#1492,#391,.T.);
#1879=EDGE_CURVE('',#1425,#1491,#392,.T.);
#1880=EDGE_CURVE('',#1494,#1428,#393,.T.);
#1881=EDGE_CURVE('',#1429,#1495,#394,.T.);
#1882=EDGE_CURVE('',#1431,#1498,#395,.T.);
#1883=EDGE_CURVE('',#1432,#1497,#396,.T.);
#1884=EDGE_CURVE('',#1430,#1496,#397,.T.);
#1885=EDGE_CURVE('',#1433,#1499,#398,.T.);
#1886=EDGE_CURVE('',#1435,#1502,#399,.T.);
#1887=EDGE_CURVE('',#1436,#1501,#400,.T.);
#1888=EDGE_CURVE('',#1434,#1500,#401,.T.);
#1889=EDGE_CURVE('',#1503,#1437,#402,.T.);
#1890=EDGE_CURVE('',#1504,#1438,#403,.T.);
#1891=EDGE_CURVE('',#1505,#1506,#158,.T.);
#1892=EDGE_CURVE('',#1507,#1505,#404,.T.);
#1893=EDGE_CURVE('',#1507,#1321,#405,.T.);
#1894=EDGE_CURVE('',#1508,#1320,#406,.T.);
#1895=EDGE_CURVE('',#1509,#1508,#407,.T.);
#1896=EDGE_CURVE('',#1509,#1506,#408,.T.);
#1897=EDGE_CURVE('',#1322,#1507,#159,.T.);
#1898=EDGE_CURVE('',#1510,#1366,#160,.T.);
#1899=EDGE_CURVE('',#1506,#1510,#161,.T.);
#1900=EDGE_CURVE('',#1367,#1509,#1250,.T.);
#1901=EDGE_CURVE('',#1508,#1511,#409,.T.);
#1902=EDGE_CURVE('',#1511,#1319,#410,.T.);
#1903=EDGE_CURVE('',#1511,#1512,#1251,.T.);
#1904=EDGE_CURVE('',#1512,#1318,#411,.T.);
#1905=EDGE_CURVE('',#1512,#1513,#412,.T.);
#1906=EDGE_CURVE('',#1513,#1317,#413,.T.);
#1907=EDGE_CURVE('',#1513,#1514,#1252,.T.);
#1908=EDGE_CURVE('',#1514,#1316,#414,.T.);
#1909=EDGE_CURVE('',#1514,#1515,#415,.T.);
#1910=EDGE_CURVE('',#1515,#1315,#416,.T.);
#1911=EDGE_CURVE('',#1515,#1516,#1253,.T.);
#1912=EDGE_CURVE('',#1516,#1314,#417,.T.);
#1913=EDGE_CURVE('',#1516,#1517,#418,.T.);
#1914=EDGE_CURVE('',#1517,#1313,#419,.T.);
#1915=EDGE_CURVE('',#1517,#1518,#1254,.T.);
#1916=EDGE_CURVE('',#1518,#1312,#420,.T.);
#1917=EDGE_CURVE('',#1518,#1519,#421,.T.);
#1918=EDGE_CURVE('',#1519,#1311,#422,.T.);
#1919=EDGE_CURVE('',#1519,#1520,#423,.T.);
#1920=EDGE_CURVE('',#1520,#1310,#424,.T.);
#1921=EDGE_CURVE('',#1373,#1309,#162,.T.);
#1922=EDGE_CURVE('',#1520,#1372,#1255,.T.);
#1923=EDGE_CURVE('',#1381,#1368,#425,.T.);
#1924=EDGE_CURVE('',#1356,#1308,#1256,.T.);
#1925=EDGE_CURVE('',#1288,#1374,#426,.T.);
#1926=EDGE_CURVE('',#1323,#1291,#1257,.T.);
#1927=EDGE_CURVE('',#1510,#1505,#1258,.T.);
#1928=EDGE_CURVE('',#1365,#1287,#427,.T.);
#1929=EDGE_CURVE('',#1445,#1297,#428,.T.);
#1930=EDGE_CURVE('',#1449,#1296,#429,.T.);
#1931=EDGE_CURVE('',#1448,#1301,#430,.T.);
#1932=EDGE_CURVE('',#1444,#1300,#431,.T.);
#1933=EDGE_CURVE('',#1440,#1299,#432,.T.);
#1934=EDGE_CURVE('',#1441,#1298,#433,.T.);
#1935=EDGE_CURVE('',#1521,#1521,#1259,.T.);
#1936=EDGE_CURVE('',#1521,#1522,#434,.T.);
#1937=EDGE_CURVE('',#1522,#1522,#1260,.T.);
#1938=EDGE_CURVE('',#1523,#1523,#1261,.T.);
#1939=EDGE_CURVE('',#1523,#1524,#435,.T.);
#1940=EDGE_CURVE('',#1524,#1524,#1262,.T.);
#1941=EDGE_CURVE('',#1525,#1526,#1263,.T.);
#1942=EDGE_CURVE('',#1525,#1527,#436,.T.);
#1943=EDGE_CURVE('',#1528,#1527,#1264,.T.);
#1944=EDGE_CURVE('',#1526,#1528,#437,.T.);
#1945=EDGE_CURVE('',#1526,#1529,#438,.T.);
#1946=EDGE_CURVE('',#1530,#1528,#439,.T.);
#1947=EDGE_CURVE('',#1529,#1530,#440,.T.);
#1948=EDGE_CURVE('',#1529,#1531,#1265,.T.);
#1949=EDGE_CURVE('',#1532,#1530,#1266,.T.);
#1950=EDGE_CURVE('',#1531,#1532,#441,.T.);
#1951=EDGE_CURVE('',#1533,#1531,#442,.T.);
#1952=EDGE_CURVE('',#1534,#1532,#443,.T.);
#1953=EDGE_CURVE('',#1533,#1534,#444,.T.);
#1954=EDGE_CURVE('',#1533,#1535,#445,.T.);
#1955=EDGE_CURVE('',#1536,#1534,#446,.T.);
#1956=EDGE_CURVE('',#1535,#1536,#447,.T.);
#1957=EDGE_CURVE('',#1537,#1535,#1267,.T.);
#1958=EDGE_CURVE('',#1538,#1536,#1268,.T.);
#1959=EDGE_CURVE('',#1537,#1538,#448,.T.);
#1960=EDGE_CURVE('',#1537,#1539,#449,.T.);
#1961=EDGE_CURVE('',#1540,#1538,#450,.T.);
#1962=EDGE_CURVE('',#1539,#1540,#451,.T.);
#1963=EDGE_CURVE('',#1541,#1539,#1269,.T.);
#1964=EDGE_CURVE('',#1542,#1540,#1270,.T.);
#1965=EDGE_CURVE('',#1541,#1542,#452,.T.);
#1966=EDGE_CURVE('',#1541,#1543,#453,.T.);
#1967=EDGE_CURVE('',#1544,#1542,#454,.T.);
#1968=EDGE_CURVE('',#1543,#1544,#455,.T.);
#1969=EDGE_CURVE('',#1545,#1543,#1271,.T.);
#1970=EDGE_CURVE('',#1546,#1544,#1272,.T.);
#1971=EDGE_CURVE('',#1545,#1546,#456,.T.);
#1972=EDGE_CURVE('',#1545,#1547,#457,.T.);
#1973=EDGE_CURVE('',#1548,#1546,#458,.T.);
#1974=EDGE_CURVE('',#1547,#1548,#459,.T.);
#1975=EDGE_CURVE('',#1549,#1547,#1273,.T.);
#1976=EDGE_CURVE('',#1550,#1548,#1274,.T.);
#1977=EDGE_CURVE('',#1549,#1550,#460,.T.);
#1978=EDGE_CURVE('',#1549,#1551,#461,.T.);
#1979=EDGE_CURVE('',#1552,#1550,#462,.T.);
#1980=EDGE_CURVE('',#1551,#1552,#463,.T.);
#1981=EDGE_CURVE('',#1525,#1551,#464,.T.);
#1982=EDGE_CURVE('',#1527,#1552,#465,.T.);
#1983=ORIENTED_EDGE('',*,*,#1553,.T.);
#1984=ORIENTED_EDGE('',*,*,#1554,.T.);
#1985=ORIENTED_EDGE('',*,*,#1555,.T.);
#1986=ORIENTED_EDGE('',*,*,#1556,.T.);
#1987=ORIENTED_EDGE('',*,*,#1557,.T.);
#1988=ORIENTED_EDGE('',*,*,#1558,.T.);
#1989=ORIENTED_EDGE('',*,*,#1553,.F.);
#1990=ORIENTED_EDGE('',*,*,#1559,.T.);
#1991=ORIENTED_EDGE('',*,*,#1560,.T.);
#1992=ORIENTED_EDGE('',*,*,#1561,.T.);
#1993=ORIENTED_EDGE('',*,*,#1557,.F.);
#1994=ORIENTED_EDGE('',*,*,#1562,.T.);
#1995=ORIENTED_EDGE('',*,*,#1563,.T.);
#1996=ORIENTED_EDGE('',*,*,#1560,.F.);
#1997=ORIENTED_EDGE('',*,*,#1564,.T.);
#1998=ORIENTED_EDGE('',*,*,#1565,.T.);
#1999=ORIENTED_EDGE('',*,*,#1566,.T.);
#2000=ORIENTED_EDGE('',*,*,#1554,.F.);
#2001=ORIENTED_EDGE('',*,*,#1567,.T.);
#2002=ORIENTED_EDGE('',*,*,#1568,.T.);
#2003=ORIENTED_EDGE('',*,*,#1569,.T.);
#2004=ORIENTED_EDGE('',*,*,#1570,.T.);
#2005=ORIENTED_EDGE('',*,*,#1571,.T.);
#2006=ORIENTED_EDGE('',*,*,#1572,.F.);
#2007=ORIENTED_EDGE('',*,*,#1558,.F.);
#2008=ORIENTED_EDGE('',*,*,#1573,.F.);
#2009=ORIENTED_EDGE('',*,*,#1574,.F.);
#2010=ORIENTED_EDGE('',*,*,#1567,.F.);
#2011=ORIENTED_EDGE('',*,*,#1561,.F.);
#2012=ORIENTED_EDGE('',*,*,#1575,.T.);
#2013=ORIENTED_EDGE('',*,*,#1576,.T.);
#2014=ORIENTED_EDGE('',*,*,#1573,.T.);
#2015=ORIENTED_EDGE('',*,*,#1563,.F.);
#2016=ORIENTED_EDGE('',*,*,#1577,.F.);
#2017=ORIENTED_EDGE('',*,*,#1578,.F.);
#2018=ORIENTED_EDGE('',*,*,#1579,.T.);
#2019=ORIENTED_EDGE('',*,*,#1580,.T.);
#2020=ORIENTED_EDGE('',*,*,#1581,.T.);
#2021=ORIENTED_EDGE('',*,*,#1582,.T.);
#2022=ORIENTED_EDGE('',*,*,#1583,.T.);
#2023=ORIENTED_EDGE('',*,*,#1584,.T.);
#2024=ORIENTED_EDGE('',*,*,#1585,.T.);
#2025=ORIENTED_EDGE('',*,*,#1586,.T.);
#2026=ORIENTED_EDGE('',*,*,#1587,.T.);
#2027=ORIENTED_EDGE('',*,*,#1588,.F.);
#2028=ORIENTED_EDGE('',*,*,#1589,.F.);
#2029=ORIENTED_EDGE('',*,*,#1590,.F.);
#2030=ORIENTED_EDGE('',*,*,#1591,.F.);
#2031=ORIENTED_EDGE('',*,*,#1592,.F.);
#2032=ORIENTED_EDGE('',*,*,#1593,.F.);
#2033=ORIENTED_EDGE('',*,*,#1594,.T.);
#2034=ORIENTED_EDGE('',*,*,#1595,.T.);
#2035=ORIENTED_EDGE('',*,*,#1596,.T.);
#2036=ORIENTED_EDGE('',*,*,#1597,.T.);
#2037=ORIENTED_EDGE('',*,*,#1598,.T.);
#2038=ORIENTED_EDGE('',*,*,#1599,.T.);
#2039=ORIENTED_EDGE('',*,*,#1600,.T.);
#2040=ORIENTED_EDGE('',*,*,#1601,.T.);
#2041=ORIENTED_EDGE('',*,*,#1602,.T.);
#2042=ORIENTED_EDGE('',*,*,#1603,.T.);
#2043=ORIENTED_EDGE('',*,*,#1604,.T.);
#2044=ORIENTED_EDGE('',*,*,#1605,.T.);
#2045=ORIENTED_EDGE('',*,*,#1606,.T.);
#2046=ORIENTED_EDGE('',*,*,#1607,.F.);
#2047=ORIENTED_EDGE('',*,*,#1608,.F.);
#2048=ORIENTED_EDGE('',*,*,#1575,.F.);
#2049=ORIENTED_EDGE('',*,*,#1565,.F.);
#2050=ORIENTED_EDGE('',*,*,#1609,.T.);
#2051=ORIENTED_EDGE('',*,*,#1610,.T.);
#2052=ORIENTED_EDGE('',*,*,#1611,.F.);
#2053=ORIENTED_EDGE('',*,*,#1577,.T.);
#2054=ORIENTED_EDGE('',*,*,#1612,.T.);
#2055=ORIENTED_EDGE('',*,*,#1613,.T.);
#2056=ORIENTED_EDGE('',*,*,#1614,.T.);
#2057=ORIENTED_EDGE('',*,*,#1615,.T.);
#2058=ORIENTED_EDGE('',*,*,#1616,.T.);
#2059=ORIENTED_EDGE('',*,*,#1617,.T.);
#2060=ORIENTED_EDGE('',*,*,#1614,.F.);
#2061=ORIENTED_EDGE('',*,*,#1618,.T.);
#2062=ORIENTED_EDGE('',*,*,#1619,.T.);
#2063=ORIENTED_EDGE('',*,*,#1572,.T.);
#2064=ORIENTED_EDGE('',*,*,#1616,.F.);
#2065=ORIENTED_EDGE('',*,*,#1620,.T.);
#2066=ORIENTED_EDGE('',*,*,#1621,.T.);
#2067=ORIENTED_EDGE('',*,*,#1622,.T.);
#2068=ORIENTED_EDGE('',*,*,#1612,.F.);
#2069=ORIENTED_EDGE('',*,*,#1590,.T.);
#2070=ORIENTED_EDGE('',*,*,#1620,.F.);
#2071=ORIENTED_EDGE('',*,*,#1618,.F.);
#2072=ORIENTED_EDGE('',*,*,#1613,.F.);
#2073=ORIENTED_EDGE('',*,*,#1622,.F.);
#2074=ORIENTED_EDGE('',*,*,#1623,.F.);
#2075=ORIENTED_EDGE('',*,*,#1624,.F.);
#2076=ORIENTED_EDGE('',*,*,#1625,.F.);
#2077=ORIENTED_EDGE('',*,*,#1626,.T.);
#2078=ORIENTED_EDGE('',*,*,#1621,.F.);
#2079=ORIENTED_EDGE('',*,*,#1589,.T.);
#2080=ORIENTED_EDGE('',*,*,#1627,.F.);
#2081=ORIENTED_EDGE('',*,*,#1628,.T.);
#2082=ORIENTED_EDGE('',*,*,#1623,.T.);
#2083=ORIENTED_EDGE('',*,*,#1629,.T.);
#2084=ORIENTED_EDGE('',*,*,#1630,.T.);
#2085=ORIENTED_EDGE('',*,*,#1631,.T.);
#2086=ORIENTED_EDGE('',*,*,#1632,.T.);
#2087=ORIENTED_EDGE('',*,*,#1633,.T.);
#2088=ORIENTED_EDGE('',*,*,#1634,.T.);
#2089=ORIENTED_EDGE('',*,*,#1631,.F.);
#2090=ORIENTED_EDGE('',*,*,#1635,.T.);
#2091=ORIENTED_EDGE('',*,*,#1636,.T.);
#2092=ORIENTED_EDGE('',*,*,#1637,.T.);
#2093=ORIENTED_EDGE('',*,*,#1633,.F.);
#2094=ORIENTED_EDGE('',*,*,#1638,.T.);
#2095=ORIENTED_EDGE('',*,*,#1639,.T.);
#2096=ORIENTED_EDGE('',*,*,#1640,.T.);
#2097=ORIENTED_EDGE('',*,*,#1636,.F.);
#2098=ORIENTED_EDGE('',*,*,#1641,.T.);
#2099=ORIENTED_EDGE('',*,*,#1642,.T.);
#2100=ORIENTED_EDGE('',*,*,#1643,.T.);
#2101=ORIENTED_EDGE('',*,*,#1639,.F.);
#2102=ORIENTED_EDGE('',*,*,#1644,.T.);
#2103=ORIENTED_EDGE('',*,*,#1645,.T.);
#2104=ORIENTED_EDGE('',*,*,#1646,.T.);
#2105=ORIENTED_EDGE('',*,*,#1642,.F.);
#2106=ORIENTED_EDGE('',*,*,#1647,.T.);
#2107=ORIENTED_EDGE('',*,*,#1648,.T.);
#2108=ORIENTED_EDGE('',*,*,#1649,.T.);
#2109=ORIENTED_EDGE('',*,*,#1645,.F.);
#2110=ORIENTED_EDGE('',*,*,#1650,.T.);
#2111=ORIENTED_EDGE('',*,*,#1578,.T.);
#2112=ORIENTED_EDGE('',*,*,#1611,.T.);
#2113=ORIENTED_EDGE('',*,*,#1651,.T.);
#2114=ORIENTED_EDGE('',*,*,#1629,.F.);
#2115=ORIENTED_EDGE('',*,*,#1588,.T.);
#2116=ORIENTED_EDGE('',*,*,#1648,.F.);
#2117=ORIENTED_EDGE('',*,*,#1652,.T.);
#2118=ORIENTED_EDGE('',*,*,#1627,.T.);
#2119=ORIENTED_EDGE('',*,*,#1632,.F.);
#2120=ORIENTED_EDGE('',*,*,#1634,.F.);
#2121=ORIENTED_EDGE('',*,*,#1637,.F.);
#2122=ORIENTED_EDGE('',*,*,#1640,.F.);
#2123=ORIENTED_EDGE('',*,*,#1643,.F.);
#2124=ORIENTED_EDGE('',*,*,#1646,.F.);
#2125=ORIENTED_EDGE('',*,*,#1649,.F.);
#2126=ORIENTED_EDGE('',*,*,#1587,.F.);
#2127=ORIENTED_EDGE('',*,*,#1653,.F.);
#2128=ORIENTED_EDGE('',*,*,#1654,.T.);
#2129=ORIENTED_EDGE('',*,*,#1655,.T.);
#2130=ORIENTED_EDGE('',*,*,#1579,.F.);
#2131=ORIENTED_EDGE('',*,*,#1656,.T.);
#2132=ORIENTED_EDGE('',*,*,#1657,.T.);
#2133=ORIENTED_EDGE('',*,*,#1625,.T.);
#2134=ORIENTED_EDGE('',*,*,#1658,.T.);
#2135=ORIENTED_EDGE('',*,*,#1657,.F.);
#2136=ORIENTED_EDGE('',*,*,#1659,.F.);
#2137=ORIENTED_EDGE('',*,*,#1555,.F.);
#2138=ORIENTED_EDGE('',*,*,#1566,.F.);
#2139=ORIENTED_EDGE('',*,*,#1619,.F.);
#2140=ORIENTED_EDGE('',*,*,#1626,.F.);
#2141=ORIENTED_EDGE('',*,*,#1556,.F.);
#2142=ORIENTED_EDGE('',*,*,#1659,.T.);
#2143=ORIENTED_EDGE('',*,*,#1656,.F.);
#2144=ORIENTED_EDGE('',*,*,#1660,.F.);
#2145=ORIENTED_EDGE('',*,*,#1609,.F.);
#2146=ORIENTED_EDGE('',*,*,#1564,.F.);
#2147=ORIENTED_EDGE('',*,*,#1562,.F.);
#2148=ORIENTED_EDGE('',*,*,#1559,.F.);
#2149=ORIENTED_EDGE('',*,*,#1610,.F.);
#2150=ORIENTED_EDGE('',*,*,#1660,.T.);
#2151=ORIENTED_EDGE('',*,*,#1658,.F.);
#2152=ORIENTED_EDGE('',*,*,#1624,.T.);
#2153=ORIENTED_EDGE('',*,*,#1628,.F.);
#2154=ORIENTED_EDGE('',*,*,#1661,.T.);
#2155=ORIENTED_EDGE('',*,*,#1662,.F.);
#2156=ORIENTED_EDGE('',*,*,#1663,.F.);
#2157=ORIENTED_EDGE('',*,*,#1617,.F.);
#2158=ORIENTED_EDGE('',*,*,#1571,.F.);
#2159=ORIENTED_EDGE('',*,*,#1664,.F.);
#2160=ORIENTED_EDGE('',*,*,#1665,.F.);
#2161=ORIENTED_EDGE('',*,*,#1615,.F.);
#2162=ORIENTED_EDGE('',*,*,#1665,.T.);
#2163=ORIENTED_EDGE('',*,*,#1666,.F.);
#2164=ORIENTED_EDGE('',*,*,#1591,.T.);
#2165=ORIENTED_EDGE('',*,*,#1644,.F.);
#2166=ORIENTED_EDGE('',*,*,#1667,.T.);
#2167=ORIENTED_EDGE('',*,*,#1668,.F.);
#2168=ORIENTED_EDGE('',*,*,#1669,.F.);
#2169=ORIENTED_EDGE('',*,*,#1641,.F.);
#2170=ORIENTED_EDGE('',*,*,#1670,.T.);
#2171=ORIENTED_EDGE('',*,*,#1671,.F.);
#2172=ORIENTED_EDGE('',*,*,#1667,.F.);
#2173=ORIENTED_EDGE('',*,*,#1638,.F.);
#2174=ORIENTED_EDGE('',*,*,#1672,.T.);
#2175=ORIENTED_EDGE('',*,*,#1673,.F.);
#2176=ORIENTED_EDGE('',*,*,#1670,.F.);
#2177=ORIENTED_EDGE('',*,*,#1635,.F.);
#2178=ORIENTED_EDGE('',*,*,#1674,.T.);
#2179=ORIENTED_EDGE('',*,*,#1675,.F.);
#2180=ORIENTED_EDGE('',*,*,#1676,.F.);
#2181=ORIENTED_EDGE('',*,*,#1672,.F.);
#2182=ORIENTED_EDGE('',*,*,#1651,.F.);
#2183=ORIENTED_EDGE('',*,*,#1663,.T.);
#2184=ORIENTED_EDGE('',*,*,#1677,.F.);
#2185=ORIENTED_EDGE('',*,*,#1674,.F.);
#2186=ORIENTED_EDGE('',*,*,#1630,.F.);
#2187=ORIENTED_EDGE('',*,*,#1650,.F.);
#2188=ORIENTED_EDGE('',*,*,#1678,.T.);
#2189=ORIENTED_EDGE('',*,*,#1679,.F.);
#2190=ORIENTED_EDGE('',*,*,#1661,.F.);
#2191=ORIENTED_EDGE('',*,*,#1652,.F.);
#2192=ORIENTED_EDGE('',*,*,#1647,.F.);
#2193=ORIENTED_EDGE('',*,*,#1669,.T.);
#2194=ORIENTED_EDGE('',*,*,#1680,.F.);
#2195=ORIENTED_EDGE('',*,*,#1681,.F.);
#2196=ORIENTED_EDGE('',*,*,#1678,.F.);
#2197=ORIENTED_EDGE('',*,*,#1680,.T.);
#2198=ORIENTED_EDGE('',*,*,#1668,.T.);
#2199=ORIENTED_EDGE('',*,*,#1671,.T.);
#2200=ORIENTED_EDGE('',*,*,#1673,.T.);
#2201=ORIENTED_EDGE('',*,*,#1676,.T.);
#2202=ORIENTED_EDGE('',*,*,#1682,.T.);
#2203=ORIENTED_EDGE('',*,*,#1683,.F.);
#2204=ORIENTED_EDGE('',*,*,#1684,.F.);
#2205=ORIENTED_EDGE('',*,*,#1685,.F.);
#2206=ORIENTED_EDGE('',*,*,#1686,.F.);
#2207=ORIENTED_EDGE('',*,*,#1687,.F.);
#2208=ORIENTED_EDGE('',*,*,#1688,.T.);
#2209=ORIENTED_EDGE('',*,*,#1689,.F.);
#2210=ORIENTED_EDGE('',*,*,#1690,.T.);
#2211=ORIENTED_EDGE('',*,*,#1691,.T.);
#2212=ORIENTED_EDGE('',*,*,#1692,.T.);
#2213=ORIENTED_EDGE('',*,*,#1693,.F.);
#2214=ORIENTED_EDGE('',*,*,#1694,.T.);
#2215=ORIENTED_EDGE('',*,*,#1695,.T.);
#2216=ORIENTED_EDGE('',*,*,#1694,.F.);
#2217=ORIENTED_EDGE('',*,*,#1695,.F.);
#2218=ORIENTED_EDGE('',*,*,#1696,.F.);
#2219=ORIENTED_EDGE('',*,*,#1697,.T.);
#2220=ORIENTED_EDGE('',*,*,#1698,.T.);
#2221=ORIENTED_EDGE('',*,*,#1697,.F.);
#2222=ORIENTED_EDGE('',*,*,#1698,.F.);
#2223=ORIENTED_EDGE('',*,*,#1699,.F.);
#2224=ORIENTED_EDGE('',*,*,#1700,.F.);
#2225=ORIENTED_EDGE('',*,*,#1701,.F.);
#2226=ORIENTED_EDGE('',*,*,#1702,.F.);
#2227=ORIENTED_EDGE('',*,*,#1702,.T.);
#2228=ORIENTED_EDGE('',*,*,#1703,.F.);
#2229=ORIENTED_EDGE('',*,*,#1704,.T.);
#2230=ORIENTED_EDGE('',*,*,#1705,.F.);
#2231=ORIENTED_EDGE('',*,*,#1706,.F.);
#2232=ORIENTED_EDGE('',*,*,#1704,.F.);
#2233=ORIENTED_EDGE('',*,*,#1707,.F.);
#2234=ORIENTED_EDGE('',*,*,#1708,.F.);
#2235=ORIENTED_EDGE('',*,*,#1708,.T.);
#2236=ORIENTED_EDGE('',*,*,#1709,.F.);
#2237=ORIENTED_EDGE('',*,*,#1688,.F.);
#2238=ORIENTED_EDGE('',*,*,#1710,.F.);
#2239=ORIENTED_EDGE('',*,*,#1699,.T.);
#2240=ORIENTED_EDGE('',*,*,#1705,.T.);
#2241=ORIENTED_EDGE('',*,*,#1706,.T.);
#2242=ORIENTED_EDGE('',*,*,#1710,.T.);
#2243=ORIENTED_EDGE('',*,*,#1687,.T.);
#2244=ORIENTED_EDGE('',*,*,#1711,.T.);
#2245=ORIENTED_EDGE('',*,*,#1712,.F.);
#2246=ORIENTED_EDGE('',*,*,#1713,.F.);
#2247=ORIENTED_EDGE('',*,*,#1714,.F.);
#2248=ORIENTED_EDGE('',*,*,#1715,.F.);
#2249=ORIENTED_EDGE('',*,*,#1716,.F.);
#2250=ORIENTED_EDGE('',*,*,#1717,.F.);
#2251=ORIENTED_EDGE('',*,*,#1718,.F.);
#2252=ORIENTED_EDGE('',*,*,#1719,.F.);
#2253=ORIENTED_EDGE('',*,*,#1720,.F.);
#2254=ORIENTED_EDGE('',*,*,#1721,.F.);
#2255=ORIENTED_EDGE('',*,*,#1722,.F.);
#2256=ORIENTED_EDGE('',*,*,#1723,.F.);
#2257=ORIENTED_EDGE('',*,*,#1724,.F.);
#2258=ORIENTED_EDGE('',*,*,#1725,.F.);
#2259=ORIENTED_EDGE('',*,*,#1726,.F.);
#2260=ORIENTED_EDGE('',*,*,#1727,.F.);
#2261=ORIENTED_EDGE('',*,*,#1728,.F.);
#2262=ORIENTED_EDGE('',*,*,#1729,.F.);
#2263=ORIENTED_EDGE('',*,*,#1730,.F.);
#2264=ORIENTED_EDGE('',*,*,#1731,.F.);
#2265=ORIENTED_EDGE('',*,*,#1732,.F.);
#2266=ORIENTED_EDGE('',*,*,#1733,.F.);
#2267=ORIENTED_EDGE('',*,*,#1734,.F.);
#2268=ORIENTED_EDGE('',*,*,#1735,.F.);
#2269=ORIENTED_EDGE('',*,*,#1736,.F.);
#2270=ORIENTED_EDGE('',*,*,#1737,.F.);
#2271=ORIENTED_EDGE('',*,*,#1738,.F.);
#2272=ORIENTED_EDGE('',*,*,#1739,.F.);
#2273=ORIENTED_EDGE('',*,*,#1740,.F.);
#2274=ORIENTED_EDGE('',*,*,#1741,.F.);
#2275=ORIENTED_EDGE('',*,*,#1742,.F.);
#2276=ORIENTED_EDGE('',*,*,#1743,.F.);
#2277=ORIENTED_EDGE('',*,*,#1744,.F.);
#2278=ORIENTED_EDGE('',*,*,#1745,.F.);
#2279=ORIENTED_EDGE('',*,*,#1746,.F.);
#2280=ORIENTED_EDGE('',*,*,#1747,.F.);
#2281=ORIENTED_EDGE('',*,*,#1748,.F.);
#2282=ORIENTED_EDGE('',*,*,#1749,.F.);
#2283=ORIENTED_EDGE('',*,*,#1750,.F.);
#2284=ORIENTED_EDGE('',*,*,#1751,.F.);
#2285=ORIENTED_EDGE('',*,*,#1752,.F.);
#2286=ORIENTED_EDGE('',*,*,#1753,.F.);
#2287=ORIENTED_EDGE('',*,*,#1754,.F.);
#2288=ORIENTED_EDGE('',*,*,#1755,.F.);
#2289=ORIENTED_EDGE('',*,*,#1756,.F.);
#2290=ORIENTED_EDGE('',*,*,#1757,.F.);
#2291=ORIENTED_EDGE('',*,*,#1758,.F.);
#2292=ORIENTED_EDGE('',*,*,#1759,.F.);
#2293=ORIENTED_EDGE('',*,*,#1760,.F.);
#2294=ORIENTED_EDGE('',*,*,#1761,.F.);
#2295=ORIENTED_EDGE('',*,*,#1762,.F.);
#2296=ORIENTED_EDGE('',*,*,#1763,.F.);
#2297=ORIENTED_EDGE('',*,*,#1764,.T.);
#2298=ORIENTED_EDGE('',*,*,#1765,.F.);
#2299=ORIENTED_EDGE('',*,*,#1766,.T.);
#2300=ORIENTED_EDGE('',*,*,#1767,.T.);
#2301=ORIENTED_EDGE('',*,*,#1768,.T.);
#2302=ORIENTED_EDGE('',*,*,#1769,.T.);
#2303=ORIENTED_EDGE('',*,*,#1764,.F.);
#2304=ORIENTED_EDGE('',*,*,#1770,.T.);
#2305=ORIENTED_EDGE('',*,*,#1771,.T.);
#2306=ORIENTED_EDGE('',*,*,#1772,.T.);
#2307=ORIENTED_EDGE('',*,*,#1766,.F.);
#2308=ORIENTED_EDGE('',*,*,#1773,.T.);
#2309=ORIENTED_EDGE('',*,*,#1774,.T.);
#2310=ORIENTED_EDGE('',*,*,#1775,.F.);
#2311=ORIENTED_EDGE('',*,*,#1768,.F.);
#2312=ORIENTED_EDGE('',*,*,#1776,.T.);
#2313=ORIENTED_EDGE('',*,*,#1777,.T.);
#2314=ORIENTED_EDGE('',*,*,#1778,.T.);
#2315=ORIENTED_EDGE('',*,*,#1771,.F.);
#2316=ORIENTED_EDGE('',*,*,#1779,.F.);
#2317=ORIENTED_EDGE('',*,*,#1780,.T.);
#2318=ORIENTED_EDGE('',*,*,#1781,.T.);
#2319=ORIENTED_EDGE('',*,*,#1774,.F.);
#2320=ORIENTED_EDGE('',*,*,#1782,.T.);
#2321=ORIENTED_EDGE('',*,*,#1783,.T.);
#2322=ORIENTED_EDGE('',*,*,#1784,.T.);
#2323=ORIENTED_EDGE('',*,*,#1777,.F.);
#2324=ORIENTED_EDGE('',*,*,#1785,.T.);
#2325=ORIENTED_EDGE('',*,*,#1783,.F.);
#2326=ORIENTED_EDGE('',*,*,#1654,.F.);
#2327=ORIENTED_EDGE('',*,*,#1780,.F.);
#2328=ORIENTED_EDGE('',*,*,#1786,.T.);
#2329=ORIENTED_EDGE('',*,*,#1767,.F.);
#2330=ORIENTED_EDGE('',*,*,#1772,.F.);
#2331=ORIENTED_EDGE('',*,*,#1778,.F.);
#2332=ORIENTED_EDGE('',*,*,#1784,.F.);
#2333=ORIENTED_EDGE('',*,*,#1786,.F.);
#2334=ORIENTED_EDGE('',*,*,#1782,.F.);
#2335=ORIENTED_EDGE('',*,*,#1776,.F.);
#2336=ORIENTED_EDGE('',*,*,#1770,.F.);
#2337=ORIENTED_EDGE('',*,*,#1787,.T.);
#2338=ORIENTED_EDGE('',*,*,#1788,.T.);
#2339=ORIENTED_EDGE('',*,*,#1789,.T.);
#2340=ORIENTED_EDGE('',*,*,#1790,.T.);
#2341=ORIENTED_EDGE('',*,*,#1791,.T.);
#2342=ORIENTED_EDGE('',*,*,#1792,.T.);
#2343=ORIENTED_EDGE('',*,*,#1793,.T.);
#2344=ORIENTED_EDGE('',*,*,#1794,.T.);
#2345=ORIENTED_EDGE('',*,*,#1795,.T.);
#2346=ORIENTED_EDGE('',*,*,#1796,.T.);
#2347=ORIENTED_EDGE('',*,*,#1797,.T.);
#2348=ORIENTED_EDGE('',*,*,#1798,.T.);
#2349=ORIENTED_EDGE('',*,*,#1799,.T.);
#2350=ORIENTED_EDGE('',*,*,#1800,.T.);
#2351=ORIENTED_EDGE('',*,*,#1801,.T.);
#2352=ORIENTED_EDGE('',*,*,#1802,.T.);
#2353=ORIENTED_EDGE('',*,*,#1803,.T.);
#2354=ORIENTED_EDGE('',*,*,#1804,.T.);
#2355=ORIENTED_EDGE('',*,*,#1805,.T.);
#2356=ORIENTED_EDGE('',*,*,#1806,.T.);
#2357=ORIENTED_EDGE('',*,*,#1807,.T.);
#2358=ORIENTED_EDGE('',*,*,#1808,.T.);
#2359=ORIENTED_EDGE('',*,*,#1809,.T.);
#2360=ORIENTED_EDGE('',*,*,#1810,.T.);
#2361=ORIENTED_EDGE('',*,*,#1811,.T.);
#2362=ORIENTED_EDGE('',*,*,#1812,.T.);
#2363=ORIENTED_EDGE('',*,*,#1813,.T.);
#2364=ORIENTED_EDGE('',*,*,#1814,.T.);
#2365=ORIENTED_EDGE('',*,*,#1815,.T.);
#2366=ORIENTED_EDGE('',*,*,#1816,.T.);
#2367=ORIENTED_EDGE('',*,*,#1817,.T.);
#2368=ORIENTED_EDGE('',*,*,#1818,.T.);
#2369=ORIENTED_EDGE('',*,*,#1819,.T.);
#2370=ORIENTED_EDGE('',*,*,#1820,.T.);
#2371=ORIENTED_EDGE('',*,*,#1821,.T.);
#2372=ORIENTED_EDGE('',*,*,#1822,.T.);
#2373=ORIENTED_EDGE('',*,*,#1823,.T.);
#2374=ORIENTED_EDGE('',*,*,#1824,.T.);
#2375=ORIENTED_EDGE('',*,*,#1825,.T.);
#2376=ORIENTED_EDGE('',*,*,#1826,.T.);
#2377=ORIENTED_EDGE('',*,*,#1827,.T.);
#2378=ORIENTED_EDGE('',*,*,#1828,.T.);
#2379=ORIENTED_EDGE('',*,*,#1829,.T.);
#2380=ORIENTED_EDGE('',*,*,#1830,.T.);
#2381=ORIENTED_EDGE('',*,*,#1831,.T.);
#2382=ORIENTED_EDGE('',*,*,#1832,.T.);
#2383=ORIENTED_EDGE('',*,*,#1833,.T.);
#2384=ORIENTED_EDGE('',*,*,#1834,.T.);
#2385=ORIENTED_EDGE('',*,*,#1835,.T.);
#2386=ORIENTED_EDGE('',*,*,#1836,.T.);
#2387=ORIENTED_EDGE('',*,*,#1837,.T.);
#2388=ORIENTED_EDGE('',*,*,#1838,.T.);
#2389=ORIENTED_EDGE('',*,*,#1713,.T.);
#2390=ORIENTED_EDGE('',*,*,#1839,.T.);
#2391=ORIENTED_EDGE('',*,*,#1790,.F.);
#2392=ORIENTED_EDGE('',*,*,#1840,.F.);
#2393=ORIENTED_EDGE('',*,*,#1714,.T.);
#2394=ORIENTED_EDGE('',*,*,#1840,.T.);
#2395=ORIENTED_EDGE('',*,*,#1789,.F.);
#2396=ORIENTED_EDGE('',*,*,#1841,.F.);
#2397=ORIENTED_EDGE('',*,*,#1715,.T.);
#2398=ORIENTED_EDGE('',*,*,#1841,.T.);
#2399=ORIENTED_EDGE('',*,*,#1788,.F.);
#2400=ORIENTED_EDGE('',*,*,#1842,.F.);
#2401=ORIENTED_EDGE('',*,*,#1712,.T.);
#2402=ORIENTED_EDGE('',*,*,#1842,.T.);
#2403=ORIENTED_EDGE('',*,*,#1787,.F.);
#2404=ORIENTED_EDGE('',*,*,#1839,.F.);
#2405=ORIENTED_EDGE('',*,*,#1717,.T.);
#2406=ORIENTED_EDGE('',*,*,#1843,.T.);
#2407=ORIENTED_EDGE('',*,*,#1794,.F.);
#2408=ORIENTED_EDGE('',*,*,#1844,.F.);
#2409=ORIENTED_EDGE('',*,*,#1718,.T.);
#2410=ORIENTED_EDGE('',*,*,#1844,.T.);
#2411=ORIENTED_EDGE('',*,*,#1793,.F.);
#2412=ORIENTED_EDGE('',*,*,#1845,.F.);
#2413=ORIENTED_EDGE('',*,*,#1719,.T.);
#2414=ORIENTED_EDGE('',*,*,#1845,.T.);
#2415=ORIENTED_EDGE('',*,*,#1792,.F.);
#2416=ORIENTED_EDGE('',*,*,#1846,.F.);
#2417=ORIENTED_EDGE('',*,*,#1716,.T.);
#2418=ORIENTED_EDGE('',*,*,#1846,.T.);
#2419=ORIENTED_EDGE('',*,*,#1791,.F.);
#2420=ORIENTED_EDGE('',*,*,#1843,.F.);
#2421=ORIENTED_EDGE('',*,*,#1721,.T.);
#2422=ORIENTED_EDGE('',*,*,#1847,.T.);
#2423=ORIENTED_EDGE('',*,*,#1798,.F.);
#2424=ORIENTED_EDGE('',*,*,#1848,.F.);
#2425=ORIENTED_EDGE('',*,*,#1722,.T.);
#2426=ORIENTED_EDGE('',*,*,#1848,.T.);
#2427=ORIENTED_EDGE('',*,*,#1797,.F.);
#2428=ORIENTED_EDGE('',*,*,#1849,.F.);
#2429=ORIENTED_EDGE('',*,*,#1723,.T.);
#2430=ORIENTED_EDGE('',*,*,#1849,.T.);
#2431=ORIENTED_EDGE('',*,*,#1796,.F.);
#2432=ORIENTED_EDGE('',*,*,#1850,.F.);
#2433=ORIENTED_EDGE('',*,*,#1720,.T.);
#2434=ORIENTED_EDGE('',*,*,#1850,.T.);
#2435=ORIENTED_EDGE('',*,*,#1795,.F.);
#2436=ORIENTED_EDGE('',*,*,#1847,.F.);
#2437=ORIENTED_EDGE('',*,*,#1725,.T.);
#2438=ORIENTED_EDGE('',*,*,#1851,.T.);
#2439=ORIENTED_EDGE('',*,*,#1802,.F.);
#2440=ORIENTED_EDGE('',*,*,#1852,.F.);
#2441=ORIENTED_EDGE('',*,*,#1726,.T.);
#2442=ORIENTED_EDGE('',*,*,#1852,.T.);
#2443=ORIENTED_EDGE('',*,*,#1801,.F.);
#2444=ORIENTED_EDGE('',*,*,#1853,.F.);
#2445=ORIENTED_EDGE('',*,*,#1727,.T.);
#2446=ORIENTED_EDGE('',*,*,#1853,.T.);
#2447=ORIENTED_EDGE('',*,*,#1800,.F.);
#2448=ORIENTED_EDGE('',*,*,#1854,.F.);
#2449=ORIENTED_EDGE('',*,*,#1724,.T.);
#2450=ORIENTED_EDGE('',*,*,#1854,.T.);
#2451=ORIENTED_EDGE('',*,*,#1799,.F.);
#2452=ORIENTED_EDGE('',*,*,#1851,.F.);
#2453=ORIENTED_EDGE('',*,*,#1729,.T.);
#2454=ORIENTED_EDGE('',*,*,#1855,.T.);
#2455=ORIENTED_EDGE('',*,*,#1806,.F.);
#2456=ORIENTED_EDGE('',*,*,#1856,.F.);
#2457=ORIENTED_EDGE('',*,*,#1730,.T.);
#2458=ORIENTED_EDGE('',*,*,#1856,.T.);
#2459=ORIENTED_EDGE('',*,*,#1805,.F.);
#2460=ORIENTED_EDGE('',*,*,#1857,.F.);
#2461=ORIENTED_EDGE('',*,*,#1731,.T.);
#2462=ORIENTED_EDGE('',*,*,#1857,.T.);
#2463=ORIENTED_EDGE('',*,*,#1804,.F.);
#2464=ORIENTED_EDGE('',*,*,#1858,.F.);
#2465=ORIENTED_EDGE('',*,*,#1728,.T.);
#2466=ORIENTED_EDGE('',*,*,#1858,.T.);
#2467=ORIENTED_EDGE('',*,*,#1803,.F.);
#2468=ORIENTED_EDGE('',*,*,#1855,.F.);
#2469=ORIENTED_EDGE('',*,*,#1733,.T.);
#2470=ORIENTED_EDGE('',*,*,#1859,.T.);
#2471=ORIENTED_EDGE('',*,*,#1810,.F.);
#2472=ORIENTED_EDGE('',*,*,#1860,.F.);
#2473=ORIENTED_EDGE('',*,*,#1734,.T.);
#2474=ORIENTED_EDGE('',*,*,#1860,.T.);
#2475=ORIENTED_EDGE('',*,*,#1809,.F.);
#2476=ORIENTED_EDGE('',*,*,#1861,.F.);
#2477=ORIENTED_EDGE('',*,*,#1735,.T.);
#2478=ORIENTED_EDGE('',*,*,#1861,.T.);
#2479=ORIENTED_EDGE('',*,*,#1808,.F.);
#2480=ORIENTED_EDGE('',*,*,#1862,.F.);
#2481=ORIENTED_EDGE('',*,*,#1732,.T.);
#2482=ORIENTED_EDGE('',*,*,#1862,.T.);
#2483=ORIENTED_EDGE('',*,*,#1807,.F.);
#2484=ORIENTED_EDGE('',*,*,#1859,.F.);
#2485=ORIENTED_EDGE('',*,*,#1737,.T.);
#2486=ORIENTED_EDGE('',*,*,#1863,.T.);
#2487=ORIENTED_EDGE('',*,*,#1814,.F.);
#2488=ORIENTED_EDGE('',*,*,#1864,.F.);
#2489=ORIENTED_EDGE('',*,*,#1738,.T.);
#2490=ORIENTED_EDGE('',*,*,#1864,.T.);
#2491=ORIENTED_EDGE('',*,*,#1813,.F.);
#2492=ORIENTED_EDGE('',*,*,#1865,.F.);
#2493=ORIENTED_EDGE('',*,*,#1739,.T.);
#2494=ORIENTED_EDGE('',*,*,#1865,.T.);
#2495=ORIENTED_EDGE('',*,*,#1812,.F.);
#2496=ORIENTED_EDGE('',*,*,#1866,.F.);
#2497=ORIENTED_EDGE('',*,*,#1736,.T.);
#2498=ORIENTED_EDGE('',*,*,#1866,.T.);
#2499=ORIENTED_EDGE('',*,*,#1811,.F.);
#2500=ORIENTED_EDGE('',*,*,#1863,.F.);
#2501=ORIENTED_EDGE('',*,*,#1815,.F.);
#2502=ORIENTED_EDGE('',*,*,#1867,.T.);
#2503=ORIENTED_EDGE('',*,*,#1740,.T.);
#2504=ORIENTED_EDGE('',*,*,#1867,.F.);
#2505=ORIENTED_EDGE('',*,*,#1742,.T.);
#2506=ORIENTED_EDGE('',*,*,#1868,.T.);
#2507=ORIENTED_EDGE('',*,*,#1819,.F.);
#2508=ORIENTED_EDGE('',*,*,#1869,.F.);
#2509=ORIENTED_EDGE('',*,*,#1743,.T.);
#2510=ORIENTED_EDGE('',*,*,#1869,.T.);
#2511=ORIENTED_EDGE('',*,*,#1818,.F.);
#2512=ORIENTED_EDGE('',*,*,#1870,.F.);
#2513=ORIENTED_EDGE('',*,*,#1744,.T.);
#2514=ORIENTED_EDGE('',*,*,#1870,.T.);
#2515=ORIENTED_EDGE('',*,*,#1817,.F.);
#2516=ORIENTED_EDGE('',*,*,#1871,.F.);
#2517=ORIENTED_EDGE('',*,*,#1741,.T.);
#2518=ORIENTED_EDGE('',*,*,#1871,.T.);
#2519=ORIENTED_EDGE('',*,*,#1816,.F.);
#2520=ORIENTED_EDGE('',*,*,#1868,.F.);
#2521=ORIENTED_EDGE('',*,*,#1746,.T.);
#2522=ORIENTED_EDGE('',*,*,#1872,.T.);
#2523=ORIENTED_EDGE('',*,*,#1823,.F.);
#2524=ORIENTED_EDGE('',*,*,#1873,.F.);
#2525=ORIENTED_EDGE('',*,*,#1747,.T.);
#2526=ORIENTED_EDGE('',*,*,#1873,.T.);
#2527=ORIENTED_EDGE('',*,*,#1822,.F.);
#2528=ORIENTED_EDGE('',*,*,#1874,.F.);
#2529=ORIENTED_EDGE('',*,*,#1748,.T.);
#2530=ORIENTED_EDGE('',*,*,#1874,.T.);
#2531=ORIENTED_EDGE('',*,*,#1821,.F.);
#2532=ORIENTED_EDGE('',*,*,#1875,.F.);
#2533=ORIENTED_EDGE('',*,*,#1745,.T.);
#2534=ORIENTED_EDGE('',*,*,#1875,.T.);
#2535=ORIENTED_EDGE('',*,*,#1820,.F.);
#2536=ORIENTED_EDGE('',*,*,#1872,.F.);
#2537=ORIENTED_EDGE('',*,*,#1750,.T.);
#2538=ORIENTED_EDGE('',*,*,#1876,.T.);
#2539=ORIENTED_EDGE('',*,*,#1827,.F.);
#2540=ORIENTED_EDGE('',*,*,#1877,.F.);
#2541=ORIENTED_EDGE('',*,*,#1751,.T.);
#2542=ORIENTED_EDGE('',*,*,#1877,.T.);
#2543=ORIENTED_EDGE('',*,*,#1826,.F.);
#2544=ORIENTED_EDGE('',*,*,#1878,.F.);
#2545=ORIENTED_EDGE('',*,*,#1752,.T.);
#2546=ORIENTED_EDGE('',*,*,#1878,.T.);
#2547=ORIENTED_EDGE('',*,*,#1825,.F.);
#2548=ORIENTED_EDGE('',*,*,#1879,.F.);
#2549=ORIENTED_EDGE('',*,*,#1749,.T.);
#2550=ORIENTED_EDGE('',*,*,#1879,.T.);
#2551=ORIENTED_EDGE('',*,*,#1824,.F.);
#2552=ORIENTED_EDGE('',*,*,#1876,.F.);
#2553=ORIENTED_EDGE('',*,*,#1828,.F.);
#2554=ORIENTED_EDGE('',*,*,#1880,.T.);
#2555=ORIENTED_EDGE('',*,*,#1753,.T.);
#2556=ORIENTED_EDGE('',*,*,#1880,.F.);
#2557=ORIENTED_EDGE('',*,*,#1755,.T.);
#2558=ORIENTED_EDGE('',*,*,#1881,.T.);
#2559=ORIENTED_EDGE('',*,*,#1832,.F.);
#2560=ORIENTED_EDGE('',*,*,#1882,.F.);
#2561=ORIENTED_EDGE('',*,*,#1756,.T.);
#2562=ORIENTED_EDGE('',*,*,#1882,.T.);
#2563=ORIENTED_EDGE('',*,*,#1831,.F.);
#2564=ORIENTED_EDGE('',*,*,#1883,.F.);
#2565=ORIENTED_EDGE('',*,*,#1757,.T.);
#2566=ORIENTED_EDGE('',*,*,#1883,.T.);
#2567=ORIENTED_EDGE('',*,*,#1830,.F.);
#2568=ORIENTED_EDGE('',*,*,#1884,.F.);
#2569=ORIENTED_EDGE('',*,*,#1754,.T.);
#2570=ORIENTED_EDGE('',*,*,#1884,.T.);
#2571=ORIENTED_EDGE('',*,*,#1829,.F.);
#2572=ORIENTED_EDGE('',*,*,#1881,.F.);
#2573=ORIENTED_EDGE('',*,*,#1759,.T.);
#2574=ORIENTED_EDGE('',*,*,#1885,.T.);
#2575=ORIENTED_EDGE('',*,*,#1836,.F.);
#2576=ORIENTED_EDGE('',*,*,#1886,.F.);
#2577=ORIENTED_EDGE('',*,*,#1760,.T.);
#2578=ORIENTED_EDGE('',*,*,#1886,.T.);
#2579=ORIENTED_EDGE('',*,*,#1835,.F.);
#2580=ORIENTED_EDGE('',*,*,#1887,.F.);
#2581=ORIENTED_EDGE('',*,*,#1761,.T.);
#2582=ORIENTED_EDGE('',*,*,#1887,.T.);
#2583=ORIENTED_EDGE('',*,*,#1834,.F.);
#2584=ORIENTED_EDGE('',*,*,#1888,.F.);
#2585=ORIENTED_EDGE('',*,*,#1758,.T.);
#2586=ORIENTED_EDGE('',*,*,#1888,.T.);
#2587=ORIENTED_EDGE('',*,*,#1833,.F.);
#2588=ORIENTED_EDGE('',*,*,#1885,.F.);
#2589=ORIENTED_EDGE('',*,*,#1837,.F.);
#2590=ORIENTED_EDGE('',*,*,#1889,.T.);
#2591=ORIENTED_EDGE('',*,*,#1762,.T.);
#2592=ORIENTED_EDGE('',*,*,#1889,.F.);
#2593=ORIENTED_EDGE('',*,*,#1838,.F.);
#2594=ORIENTED_EDGE('',*,*,#1890,.T.);
#2595=ORIENTED_EDGE('',*,*,#1763,.T.);
#2596=ORIENTED_EDGE('',*,*,#1890,.F.);
#2597=ORIENTED_EDGE('',*,*,#1891,.F.);
#2598=ORIENTED_EDGE('',*,*,#1892,.F.);
#2599=ORIENTED_EDGE('',*,*,#1893,.T.);
#2600=ORIENTED_EDGE('',*,*,#1605,.F.);
#2601=ORIENTED_EDGE('',*,*,#1894,.F.);
#2602=ORIENTED_EDGE('',*,*,#1895,.F.);
#2603=ORIENTED_EDGE('',*,*,#1896,.T.);
#2604=ORIENTED_EDGE('',*,*,#1897,.F.);
#2605=ORIENTED_EDGE('',*,*,#1606,.F.);
#2606=ORIENTED_EDGE('',*,*,#1893,.F.);
#2607=ORIENTED_EDGE('',*,*,#1898,.F.);
#2608=ORIENTED_EDGE('',*,*,#1899,.F.);
#2609=ORIENTED_EDGE('',*,*,#1896,.F.);
#2610=ORIENTED_EDGE('',*,*,#1900,.F.);
#2611=ORIENTED_EDGE('',*,*,#1684,.T.);
#2612=ORIENTED_EDGE('',*,*,#1901,.F.);
#2613=ORIENTED_EDGE('',*,*,#1894,.T.);
#2614=ORIENTED_EDGE('',*,*,#1604,.F.);
#2615=ORIENTED_EDGE('',*,*,#1902,.F.);
#2616=ORIENTED_EDGE('',*,*,#1903,.F.);
#2617=ORIENTED_EDGE('',*,*,#1902,.T.);
#2618=ORIENTED_EDGE('',*,*,#1603,.F.);
#2619=ORIENTED_EDGE('',*,*,#1904,.F.);
#2620=ORIENTED_EDGE('',*,*,#1905,.F.);
#2621=ORIENTED_EDGE('',*,*,#1904,.T.);
#2622=ORIENTED_EDGE('',*,*,#1602,.F.);
#2623=ORIENTED_EDGE('',*,*,#1906,.F.);
#2624=ORIENTED_EDGE('',*,*,#1907,.F.);
#2625=ORIENTED_EDGE('',*,*,#1906,.T.);
#2626=ORIENTED_EDGE('',*,*,#1601,.F.);
#2627=ORIENTED_EDGE('',*,*,#1908,.F.);
#2628=ORIENTED_EDGE('',*,*,#1909,.F.);
#2629=ORIENTED_EDGE('',*,*,#1908,.T.);
#2630=ORIENTED_EDGE('',*,*,#1600,.F.);
#2631=ORIENTED_EDGE('',*,*,#1910,.F.);
#2632=ORIENTED_EDGE('',*,*,#1911,.F.);
#2633=ORIENTED_EDGE('',*,*,#1910,.T.);
#2634=ORIENTED_EDGE('',*,*,#1599,.F.);
#2635=ORIENTED_EDGE('',*,*,#1912,.F.);
#2636=ORIENTED_EDGE('',*,*,#1913,.F.);
#2637=ORIENTED_EDGE('',*,*,#1912,.T.);
#2638=ORIENTED_EDGE('',*,*,#1598,.F.);
#2639=ORIENTED_EDGE('',*,*,#1914,.F.);
#2640=ORIENTED_EDGE('',*,*,#1915,.F.);
#2641=ORIENTED_EDGE('',*,*,#1914,.T.);
#2642=ORIENTED_EDGE('',*,*,#1597,.F.);
#2643=ORIENTED_EDGE('',*,*,#1916,.F.);
#2644=ORIENTED_EDGE('',*,*,#1917,.F.);
#2645=ORIENTED_EDGE('',*,*,#1916,.T.);
#2646=ORIENTED_EDGE('',*,*,#1596,.F.);
#2647=ORIENTED_EDGE('',*,*,#1918,.F.);
#2648=ORIENTED_EDGE('',*,*,#1919,.F.);
#2649=ORIENTED_EDGE('',*,*,#1918,.T.);
#2650=ORIENTED_EDGE('',*,*,#1595,.F.);
#2651=ORIENTED_EDGE('',*,*,#1920,.F.);
#2652=ORIENTED_EDGE('',*,*,#1921,.F.);
#2653=ORIENTED_EDGE('',*,*,#1690,.F.);
#2654=ORIENTED_EDGE('',*,*,#1922,.F.);
#2655=ORIENTED_EDGE('',*,*,#1920,.T.);
#2656=ORIENTED_EDGE('',*,*,#1594,.F.);
#2657=ORIENTED_EDGE('',*,*,#1900,.T.);
#2658=ORIENTED_EDGE('',*,*,#1895,.T.);
#2659=ORIENTED_EDGE('',*,*,#1901,.T.);
#2660=ORIENTED_EDGE('',*,*,#1903,.T.);
#2661=ORIENTED_EDGE('',*,*,#1905,.T.);
#2662=ORIENTED_EDGE('',*,*,#1907,.T.);
#2663=ORIENTED_EDGE('',*,*,#1909,.T.);
#2664=ORIENTED_EDGE('',*,*,#1911,.T.);
#2665=ORIENTED_EDGE('',*,*,#1913,.T.);
#2666=ORIENTED_EDGE('',*,*,#1915,.T.);
#2667=ORIENTED_EDGE('',*,*,#1917,.T.);
#2668=ORIENTED_EDGE('',*,*,#1919,.T.);
#2669=ORIENTED_EDGE('',*,*,#1922,.T.);
#2670=ORIENTED_EDGE('',*,*,#1689,.T.);
#2671=ORIENTED_EDGE('',*,*,#1709,.T.);
#2672=ORIENTED_EDGE('',*,*,#1707,.T.);
#2673=ORIENTED_EDGE('',*,*,#1703,.T.);
#2674=ORIENTED_EDGE('',*,*,#1701,.T.);
#2675=ORIENTED_EDGE('',*,*,#1923,.T.);
#2676=ORIENTED_EDGE('',*,*,#1685,.T.);
#2677=ORIENTED_EDGE('',*,*,#1693,.T.);
#2678=ORIENTED_EDGE('',*,*,#1696,.T.);
#2679=ORIENTED_EDGE('',*,*,#1691,.F.);
#2680=ORIENTED_EDGE('',*,*,#1921,.T.);
#2681=ORIENTED_EDGE('',*,*,#1593,.T.);
#2682=ORIENTED_EDGE('',*,*,#1924,.F.);
#2683=ORIENTED_EDGE('',*,*,#1664,.T.);
#2684=ORIENTED_EDGE('',*,*,#1570,.F.);
#2685=ORIENTED_EDGE('',*,*,#1925,.T.);
#2686=ORIENTED_EDGE('',*,*,#1608,.T.);
#2687=ORIENTED_EDGE('',*,*,#1926,.T.);
#2688=ORIENTED_EDGE('',*,*,#1576,.F.);
#2689=ORIENTED_EDGE('',*,*,#1592,.T.);
#2690=ORIENTED_EDGE('',*,*,#1666,.T.);
#2691=ORIENTED_EDGE('',*,*,#1924,.T.);
#2692=ORIENTED_EDGE('',*,*,#1899,.T.);
#2693=ORIENTED_EDGE('',*,*,#1927,.T.);
#2694=ORIENTED_EDGE('',*,*,#1891,.T.);
#2695=ORIENTED_EDGE('',*,*,#1683,.T.);
#2696=ORIENTED_EDGE('',*,*,#1928,.T.);
#2697=ORIENTED_EDGE('',*,*,#1568,.F.);
#2698=ORIENTED_EDGE('',*,*,#1574,.T.);
#2699=ORIENTED_EDGE('',*,*,#1926,.F.);
#2700=ORIENTED_EDGE('',*,*,#1607,.T.);
#2701=ORIENTED_EDGE('',*,*,#1897,.T.);
#2702=ORIENTED_EDGE('',*,*,#1892,.T.);
#2703=ORIENTED_EDGE('',*,*,#1927,.F.);
#2704=ORIENTED_EDGE('',*,*,#1898,.T.);
#2705=ORIENTED_EDGE('',*,*,#1681,.T.);
#2706=ORIENTED_EDGE('',*,*,#1692,.F.);
#2707=ORIENTED_EDGE('',*,*,#1925,.F.);
#2708=ORIENTED_EDGE('',*,*,#1569,.F.);
#2709=ORIENTED_EDGE('',*,*,#1928,.F.);
#2710=ORIENTED_EDGE('',*,*,#1682,.F.);
#2711=ORIENTED_EDGE('',*,*,#1675,.T.);
#2712=ORIENTED_EDGE('',*,*,#1677,.T.);
#2713=ORIENTED_EDGE('',*,*,#1662,.T.);
#2714=ORIENTED_EDGE('',*,*,#1679,.T.);
#2715=ORIENTED_EDGE('',*,*,#1700,.T.);
#2716=ORIENTED_EDGE('',*,*,#1711,.F.);
#2717=ORIENTED_EDGE('',*,*,#1686,.T.);
#2718=ORIENTED_EDGE('',*,*,#1923,.F.);
#2719=ORIENTED_EDGE('',*,*,#1779,.T.);
#2720=ORIENTED_EDGE('',*,*,#1929,.T.);
#2721=ORIENTED_EDGE('',*,*,#1581,.F.);
#2722=ORIENTED_EDGE('',*,*,#1930,.F.);
#2723=ORIENTED_EDGE('',*,*,#1785,.F.);
#2724=ORIENTED_EDGE('',*,*,#1930,.T.);
#2725=ORIENTED_EDGE('',*,*,#1580,.F.);
#2726=ORIENTED_EDGE('',*,*,#1655,.F.);
#2727=ORIENTED_EDGE('',*,*,#1781,.F.);
#2728=ORIENTED_EDGE('',*,*,#1653,.T.);
#2729=ORIENTED_EDGE('',*,*,#1586,.F.);
#2730=ORIENTED_EDGE('',*,*,#1931,.F.);
#2731=ORIENTED_EDGE('',*,*,#1775,.T.);
#2732=ORIENTED_EDGE('',*,*,#1931,.T.);
#2733=ORIENTED_EDGE('',*,*,#1585,.F.);
#2734=ORIENTED_EDGE('',*,*,#1932,.F.);
#2735=ORIENTED_EDGE('',*,*,#1769,.F.);
#2736=ORIENTED_EDGE('',*,*,#1932,.T.);
#2737=ORIENTED_EDGE('',*,*,#1584,.F.);
#2738=ORIENTED_EDGE('',*,*,#1933,.F.);
#2739=ORIENTED_EDGE('',*,*,#1765,.T.);
#2740=ORIENTED_EDGE('',*,*,#1933,.T.);
#2741=ORIENTED_EDGE('',*,*,#1583,.F.);
#2742=ORIENTED_EDGE('',*,*,#1934,.F.);
#2743=ORIENTED_EDGE('',*,*,#1773,.F.);
#2744=ORIENTED_EDGE('',*,*,#1934,.T.);
#2745=ORIENTED_EDGE('',*,*,#1582,.F.);
#2746=ORIENTED_EDGE('',*,*,#1929,.F.);
#2747=ORIENTED_EDGE('',*,*,#1935,.F.);
#2748=ORIENTED_EDGE('',*,*,#1936,.T.);
#2749=ORIENTED_EDGE('',*,*,#1937,.F.);
#2750=ORIENTED_EDGE('',*,*,#1936,.F.);
#2751=ORIENTED_EDGE('',*,*,#1938,.F.);
#2752=ORIENTED_EDGE('',*,*,#1939,.T.);
#2753=ORIENTED_EDGE('',*,*,#1940,.F.);
#2754=ORIENTED_EDGE('',*,*,#1939,.F.);
#2755=ORIENTED_EDGE('',*,*,#1941,.F.);
#2756=ORIENTED_EDGE('',*,*,#1942,.T.);
#2757=ORIENTED_EDGE('',*,*,#1943,.F.);
#2758=ORIENTED_EDGE('',*,*,#1944,.F.);
#2759=ORIENTED_EDGE('',*,*,#1945,.F.);
#2760=ORIENTED_EDGE('',*,*,#1944,.T.);
#2761=ORIENTED_EDGE('',*,*,#1946,.F.);
#2762=ORIENTED_EDGE('',*,*,#1947,.F.);
#2763=ORIENTED_EDGE('',*,*,#1948,.F.);
#2764=ORIENTED_EDGE('',*,*,#1947,.T.);
#2765=ORIENTED_EDGE('',*,*,#1949,.F.);
#2766=ORIENTED_EDGE('',*,*,#1950,.F.);
#2767=ORIENTED_EDGE('',*,*,#1951,.T.);
#2768=ORIENTED_EDGE('',*,*,#1950,.T.);
#2769=ORIENTED_EDGE('',*,*,#1952,.F.);
#2770=ORIENTED_EDGE('',*,*,#1953,.F.);
#2771=ORIENTED_EDGE('',*,*,#1954,.F.);
#2772=ORIENTED_EDGE('',*,*,#1953,.T.);
#2773=ORIENTED_EDGE('',*,*,#1955,.F.);
#2774=ORIENTED_EDGE('',*,*,#1956,.F.);
#2775=ORIENTED_EDGE('',*,*,#1957,.T.);
#2776=ORIENTED_EDGE('',*,*,#1956,.T.);
#2777=ORIENTED_EDGE('',*,*,#1958,.F.);
#2778=ORIENTED_EDGE('',*,*,#1959,.F.);
#2779=ORIENTED_EDGE('',*,*,#1960,.F.);
#2780=ORIENTED_EDGE('',*,*,#1959,.T.);
#2781=ORIENTED_EDGE('',*,*,#1961,.F.);
#2782=ORIENTED_EDGE('',*,*,#1962,.F.);
#2783=ORIENTED_EDGE('',*,*,#1963,.T.);
#2784=ORIENTED_EDGE('',*,*,#1962,.T.);
#2785=ORIENTED_EDGE('',*,*,#1964,.F.);
#2786=ORIENTED_EDGE('',*,*,#1965,.F.);
#2787=ORIENTED_EDGE('',*,*,#1966,.F.);
#2788=ORIENTED_EDGE('',*,*,#1965,.T.);
#2789=ORIENTED_EDGE('',*,*,#1967,.F.);
#2790=ORIENTED_EDGE('',*,*,#1968,.F.);
#2791=ORIENTED_EDGE('',*,*,#1969,.T.);
#2792=ORIENTED_EDGE('',*,*,#1968,.T.);
#2793=ORIENTED_EDGE('',*,*,#1970,.F.);
#2794=ORIENTED_EDGE('',*,*,#1971,.F.);
#2795=ORIENTED_EDGE('',*,*,#1972,.F.);
#2796=ORIENTED_EDGE('',*,*,#1971,.T.);
#2797=ORIENTED_EDGE('',*,*,#1973,.F.);
#2798=ORIENTED_EDGE('',*,*,#1974,.F.);
#2799=ORIENTED_EDGE('',*,*,#1975,.T.);
#2800=ORIENTED_EDGE('',*,*,#1974,.T.);
#2801=ORIENTED_EDGE('',*,*,#1976,.F.);
#2802=ORIENTED_EDGE('',*,*,#1977,.F.);
#2803=ORIENTED_EDGE('',*,*,#1978,.F.);
#2804=ORIENTED_EDGE('',*,*,#1977,.T.);
#2805=ORIENTED_EDGE('',*,*,#1979,.F.);
#2806=ORIENTED_EDGE('',*,*,#1980,.F.);
#2807=ORIENTED_EDGE('',*,*,#1981,.T.);
#2808=ORIENTED_EDGE('',*,*,#1980,.T.);
#2809=ORIENTED_EDGE('',*,*,#1982,.F.);
#2810=ORIENTED_EDGE('',*,*,#1942,.F.);
#2811=ORIENTED_EDGE('',*,*,#1982,.T.);
#2812=ORIENTED_EDGE('',*,*,#1979,.T.);
#2813=ORIENTED_EDGE('',*,*,#1976,.T.);
#2814=ORIENTED_EDGE('',*,*,#1973,.T.);
#2815=ORIENTED_EDGE('',*,*,#1970,.T.);
#2816=ORIENTED_EDGE('',*,*,#1967,.T.);
#2817=ORIENTED_EDGE('',*,*,#1964,.T.);
#2818=ORIENTED_EDGE('',*,*,#1961,.T.);
#2819=ORIENTED_EDGE('',*,*,#1958,.T.);
#2820=ORIENTED_EDGE('',*,*,#1955,.T.);
#2821=ORIENTED_EDGE('',*,*,#1952,.T.);
#2822=ORIENTED_EDGE('',*,*,#1949,.T.);
#2823=ORIENTED_EDGE('',*,*,#1946,.T.);
#2824=ORIENTED_EDGE('',*,*,#1943,.T.);
#2825=ORIENTED_EDGE('',*,*,#1935,.T.);
#2826=ORIENTED_EDGE('',*,*,#1938,.T.);
#2827=ORIENTED_EDGE('',*,*,#1981,.F.);
#2828=ORIENTED_EDGE('',*,*,#1941,.T.);
#2829=ORIENTED_EDGE('',*,*,#1945,.T.);
#2830=ORIENTED_EDGE('',*,*,#1948,.T.);
#2831=ORIENTED_EDGE('',*,*,#1951,.F.);
#2832=ORIENTED_EDGE('',*,*,#1954,.T.);
#2833=ORIENTED_EDGE('',*,*,#1957,.F.);
#2834=ORIENTED_EDGE('',*,*,#1960,.T.);
#2835=ORIENTED_EDGE('',*,*,#1963,.F.);
#2836=ORIENTED_EDGE('',*,*,#1966,.T.);
#2837=ORIENTED_EDGE('',*,*,#1969,.F.);
#2838=ORIENTED_EDGE('',*,*,#1972,.T.);
#2839=ORIENTED_EDGE('',*,*,#1975,.F.);
#2840=ORIENTED_EDGE('',*,*,#1978,.T.);
#2841=ORIENTED_EDGE('',*,*,#1937,.T.);
#2842=ORIENTED_EDGE('',*,*,#1940,.T.);
#2843=TOROIDAL_SURFACE('',#3026,3.,2.);
#2844=TOROIDAL_SURFACE('',#3068,3.,2.);
#2845=TOROIDAL_SURFACE('',#3077,4.50000000000001,2.5);
#2846=TOROIDAL_SURFACE('',#3084,4.5,2.5);
#2847=TOROIDAL_SURFACE('',#3090,4.5,2.5);
#2848=TOROIDAL_SURFACE('',#3096,4.5,2.5);
#2849=TOROIDAL_SURFACE('',#3100,4.50000000000001,2.5);
#2850=TOROIDAL_SURFACE('',#3102,4.5,2.5);
#2851=TOROIDAL_SURFACE('',#3151,6.53589838486226,4.);
#2852=TOROIDAL_SURFACE('',#3155,6.53589838486225,4.);
#2853=TOROIDAL_SURFACE('',#3163,6.53589838486225,4.);
#2854=TOROIDAL_SURFACE('',#3167,6.53589838486223,4.);
#2855=ADVANCED_FACE('',(#810),#2843,.T.);
#2856=ADVANCED_FACE('',(#811),#762,.T.);
#2857=ADVANCED_FACE('',(#812),#163,.F.);
#2858=ADVANCED_FACE('',(#813),#164,.T.);
#2859=ADVANCED_FACE('',(#814),#763,.T.);
#2860=ADVANCED_FACE('',(#815),#55,.T.);
#2861=ADVANCED_FACE('',(#816),#764,.T.);
#2862=ADVANCED_FACE('',(#817),#56,.T.);
#2863=ADVANCED_FACE('',(#818),#765,.T.);
#2864=ADVANCED_FACE('',(#819),#165,.F.);
#2865=ADVANCED_FACE('',(#820),#766,.T.);
#2866=ADVANCED_FACE('',(#821),#2844,.T.);
#2867=ADVANCED_FACE('',(#822),#166,.T.);
#2868=ADVANCED_FACE('',(#823),#57,.F.);
#2869=ADVANCED_FACE('',(#824),#767,.T.);
#2870=ADVANCED_FACE('',(#825),#2845,.T.);
#2871=ADVANCED_FACE('',(#826),#768,.T.);
#2872=ADVANCED_FACE('',(#827),#2846,.T.);
#2873=ADVANCED_FACE('',(#828),#769,.T.);
#2874=ADVANCED_FACE('',(#829),#2847,.T.);
#2875=ADVANCED_FACE('',(#830),#770,.T.);
#2876=ADVANCED_FACE('',(#831),#2848,.T.);
#2877=ADVANCED_FACE('',(#832),#2849,.T.);
#2878=ADVANCED_FACE('',(#833),#2850,.T.);
#2879=ADVANCED_FACE('',(#834),#58,.T.);
#2880=ADVANCED_FACE('',(#835),#771,.T.);
#2881=ADVANCED_FACE('',(#836),#59,.T.);
#2882=ADVANCED_FACE('',(#837),#60,.F.);
#2883=ADVANCED_FACE('',(#838),#61,.F.);
#2884=ADVANCED_FACE('',(#839),#62,.T.);
#2885=ADVANCED_FACE('',(#840),#772,.T.);
#2886=ADVANCED_FACE('',(#841),#773,.F.);
#2887=ADVANCED_FACE('',(#842),#63,.F.);
#2888=ADVANCED_FACE('',(#843),#774,.F.);
#2889=ADVANCED_FACE('',(#844),#64,.F.);
#2890=ADVANCED_FACE('',(#845),#775,.F.);
#2891=ADVANCED_FACE('',(#846),#776,.F.);
#2892=ADVANCED_FACE('',(#847),#65,.F.);
#2893=ADVANCED_FACE('',(#848),#66,.T.);
#2894=ADVANCED_FACE('',(#849),#777,.F.);
#2895=ADVANCED_FACE('',(#850),#67,.T.);
#2896=ADVANCED_FACE('',(#851),#778,.F.);
#2897=ADVANCED_FACE('',(#852),#68,.T.);
#2898=ADVANCED_FACE('',(#853),#779,.T.);
#2899=ADVANCED_FACE('',(#854),#69,.T.);
#2900=ADVANCED_FACE('',(#855),#780,.T.);
#2901=ADVANCED_FACE('',(#856),#70,.T.);
#2902=ADVANCED_FACE('',(#857,#17,#18,#19,#20,#21,#22,#23,#24,#25,#26,#27,
#28,#29,#30,#31,#32),#71,.F.);
#2903=ADVANCED_FACE('',(#858),#781,.T.);
#2904=ADVANCED_FACE('',(#859),#2851,.T.);
#2905=ADVANCED_FACE('',(#860),#2852,.T.);
#2906=ADVANCED_FACE('',(#861),#782,.T.);
#2907=ADVANCED_FACE('',(#862),#783,.T.);
#2908=ADVANCED_FACE('',(#863),#2853,.T.);
#2909=ADVANCED_FACE('',(#864),#2854,.T.);
#2910=ADVANCED_FACE('',(#865),#784,.T.);
#2911=ADVANCED_FACE('',(#866,#33,#34,#35,#36,#37,#38,#39,#40,#41,#42,#43,
#44,#45,#46,#47,#48),#72,.T.);
#2912=ADVANCED_FACE('',(#867),#73,.T.);
#2913=ADVANCED_FACE('',(#868),#74,.T.);
#2914=ADVANCED_FACE('',(#869),#75,.T.);
#2915=ADVANCED_FACE('',(#870),#76,.T.);
#2916=ADVANCED_FACE('',(#871),#77,.T.);
#2917=ADVANCED_FACE('',(#872),#78,.T.);
#2918=ADVANCED_FACE('',(#873),#79,.T.);
#2919=ADVANCED_FACE('',(#874),#80,.T.);
#2920=ADVANCED_FACE('',(#875),#81,.T.);
#2921=ADVANCED_FACE('',(#876),#82,.T.);
#2922=ADVANCED_FACE('',(#877),#83,.T.);
#2923=ADVANCED_FACE('',(#878),#84,.T.);
#2924=ADVANCED_FACE('',(#879),#85,.T.);
#2925=ADVANCED_FACE('',(#880),#86,.T.);
#2926=ADVANCED_FACE('',(#881),#87,.T.);
#2927=ADVANCED_FACE('',(#882),#88,.T.);
#2928=ADVANCED_FACE('',(#883),#89,.T.);
#2929=ADVANCED_FACE('',(#884),#90,.T.);
#2930=ADVANCED_FACE('',(#885),#91,.T.);
#2931=ADVANCED_FACE('',(#886),#92,.T.);
#2932=ADVANCED_FACE('',(#887),#93,.T.);
#2933=ADVANCED_FACE('',(#888),#94,.T.);
#2934=ADVANCED_FACE('',(#889),#95,.T.);
#2935=ADVANCED_FACE('',(#890),#96,.T.);
#2936=ADVANCED_FACE('',(#891),#97,.T.);
#2937=ADVANCED_FACE('',(#892),#98,.T.);
#2938=ADVANCED_FACE('',(#893),#99,.T.);
#2939=ADVANCED_FACE('',(#894),#100,.T.);
#2940=ADVANCED_FACE('',(#895),#785,.F.);
#2941=ADVANCED_FACE('',(#896),#101,.T.);
#2942=ADVANCED_FACE('',(#897),#102,.T.);
#2943=ADVANCED_FACE('',(#898),#103,.T.);
#2944=ADVANCED_FACE('',(#899),#104,.T.);
#2945=ADVANCED_FACE('',(#900),#105,.T.);
#2946=ADVANCED_FACE('',(#901),#106,.T.);
#2947=ADVANCED_FACE('',(#902),#107,.T.);
#2948=ADVANCED_FACE('',(#903),#108,.T.);
#2949=ADVANCED_FACE('',(#904),#109,.T.);
#2950=ADVANCED_FACE('',(#905),#110,.T.);
#2951=ADVANCED_FACE('',(#906),#111,.T.);
#2952=ADVANCED_FACE('',(#907),#112,.T.);
#2953=ADVANCED_FACE('',(#908),#786,.F.);
#2954=ADVANCED_FACE('',(#909),#113,.T.);
#2955=ADVANCED_FACE('',(#910),#114,.T.);
#2956=ADVANCED_FACE('',(#911),#115,.T.);
#2957=ADVANCED_FACE('',(#912),#116,.T.);
#2958=ADVANCED_FACE('',(#913),#117,.T.);
#2959=ADVANCED_FACE('',(#914),#118,.T.);
#2960=ADVANCED_FACE('',(#915),#119,.T.);
#2961=ADVANCED_FACE('',(#916),#120,.T.);
#2962=ADVANCED_FACE('',(#917),#787,.F.);
#2963=ADVANCED_FACE('',(#918),#788,.F.);
#2964=ADVANCED_FACE('',(#919),#121,.T.);
#2965=ADVANCED_FACE('',(#920),#789,.T.);
#2966=ADVANCED_FACE('',(#921),#790,.T.);
#2967=ADVANCED_FACE('',(#922),#122,.T.);
#2968=ADVANCED_FACE('',(#923),#791,.F.);
#2969=ADVANCED_FACE('',(#924),#123,.T.);
#2970=ADVANCED_FACE('',(#925),#792,.F.);
#2971=ADVANCED_FACE('',(#926),#124,.T.);
#2972=ADVANCED_FACE('',(#927),#793,.F.);
#2973=ADVANCED_FACE('',(#928),#125,.T.);
#2974=ADVANCED_FACE('',(#929),#794,.F.);
#2975=ADVANCED_FACE('',(#930),#126,.T.);
#2976=ADVANCED_FACE('',(#931),#127,.T.);
#2977=ADVANCED_FACE('',(#932),#795,.T.);
#2978=ADVANCED_FACE('',(#933,#49,#50),#128,.F.);
#2979=ADVANCED_FACE('',(#934),#796,.T.);
#2980=ADVANCED_FACE('',(#935),#167,.F.);
#2981=ADVANCED_FACE('',(#936),#168,.F.);
#2982=ADVANCED_FACE('',(#937),#169,.F.);
#2983=ADVANCED_FACE('',(#938),#797,.T.);
#2984=ADVANCED_FACE('',(#939),#129,.T.);
#2985=ADVANCED_FACE('',(#940),#130,.T.);
#2986=ADVANCED_FACE('',(#941),#131,.T.);
#2987=ADVANCED_FACE('',(#942),#798,.T.);
#2988=ADVANCED_FACE('',(#943),#799,.T.);
#2989=ADVANCED_FACE('',(#944),#132,.T.);
#2990=ADVANCED_FACE('',(#945),#800,.T.);
#2991=ADVANCED_FACE('',(#946),#133,.T.);
#2992=ADVANCED_FACE('',(#947),#801,.T.);
#2993=ADVANCED_FACE('',(#948),#802,.F.);
#2994=ADVANCED_FACE('',(#949),#803,.F.);
#2995=ADVANCED_FACE('',(#950),#804,.F.);
#2996=ADVANCED_FACE('',(#951),#134,.T.);
#2997=ADVANCED_FACE('',(#952),#805,.F.);
#2998=ADVANCED_FACE('',(#953),#135,.T.);
#2999=ADVANCED_FACE('',(#954),#136,.T.);
#3000=ADVANCED_FACE('',(#955),#806,.T.);
#3001=ADVANCED_FACE('',(#956),#137,.T.);
#3002=ADVANCED_FACE('',(#957),#807,.T.);
#3003=ADVANCED_FACE('',(#958),#138,.T.);
#3004=ADVANCED_FACE('',(#959),#808,.T.);
#3005=ADVANCED_FACE('',(#960),#139,.T.);
#3006=ADVANCED_FACE('',(#961),#809,.T.);
#3007=ADVANCED_FACE('',(#962),#140,.T.);
#3008=ADVANCED_FACE('',(#963),#141,.T.);
#3009=ADVANCED_FACE('',(#964,#51,#52),#142,.T.);
#3010=ADVANCED_FACE('',(#965,#53,#54),#143,.F.);
#3011=CLOSED_SHELL('',(#2855,#2856,#2857,#2858,#2859,#2860,#2861,#2862,
#2863,#2864,#2865,#2866,#2867,#2868,#2869,#2870,#2871,#2872,#2873,#2874,
#2875,#2876,#2877,#2878,#2879,#2880,#2881,#2882,#2883,#2884,#2885,#2886,
#2887,#2888,#2889,#2890,#2891,#2892,#2893,#2894,#2895,#2896,#2897,#2898,
#2899,#2900,#2901,#2902,#2903,#2904,#2905,#2906,#2907,#2908,#2909,#2910,
#2911,#2912,#2913,#2914,#2915,#2916,#2917,#2918,#2919,#2920,#2921,#2922,
#2923,#2924,#2925,#2926,#2927,#2928,#2929,#2930,#2931,#2932,#2933,#2934,
#2935,#2936,#2937,#2938,#2939,#2940,#2941,#2942,#2943,#2944,#2945,#2946,
#2947,#2948,#2949,#2950,#2951,#2952,#2953,#2954,#2955,#2956,#2957,#2958,
#2959,#2960,#2961,#2962,#2963,#2964,#2965,#2966,#2967,#2968,#2969,#2970,
#2971,#2972,#2973,#2974,#2975,#2976,#2977,#2978,#2979,#2980,#2981,#2982,
#2983,#2984,#2985,#2986,#2987,#2988,#2989,#2990,#2991,#2992));
#3012=CLOSED_SHELL('',(#2993,#2994,#2995,#2996,#2997,#2998,#2999,#3000,
#3001,#3002,#3003,#3004,#3005,#3006,#3007,#3008,#3009,#3010));
#3013=DERIVED_UNIT_ELEMENT(#3015,1.);
#3014=DERIVED_UNIT_ELEMENT(#5194,-3.);
#3015=(
MASS_UNIT()
NAMED_UNIT(*)
SI_UNIT(.KILO.,.GRAM.)
);
#3016=DERIVED_UNIT((#3013,#3014));
#3017=MEASURE_REPRESENTATION_ITEM('density measure',
POSITIVE_RATIO_MEASURE(7850.),#3016);
#3018=PROPERTY_DEFINITION_REPRESENTATION(#3023,#3020);
#3019=PROPERTY_DEFINITION_REPRESENTATION(#3024,#3021);
#3020=REPRESENTATION('material name',(#3022),#5191);
#3021=REPRESENTATION('density',(#3017),#5191);
#3022=DESCRIPTIVE_REPRESENTATION_ITEM('Stahl','Stahl');
#3023=PROPERTY_DEFINITION('material property','material name',#5201);
#3024=PROPERTY_DEFINITION('material property','density of part',#5201);
#3025=AXIS2_PLACEMENT_3D('',#4140,#3298,#3299);
#3026=AXIS2_PLACEMENT_3D('',#4141,#3300,#3301);
#3027=AXIS2_PLACEMENT_3D('',#4144,#3302,#3303);
#3028=AXIS2_PLACEMENT_3D('',#4146,#3304,#3305);
#3029=AXIS2_PLACEMENT_3D('',#4148,#3306,#3307);
#3030=AXIS2_PLACEMENT_3D('',#4149,#3308,#3309);
#3031=AXIS2_PLACEMENT_3D('',#4150,#3310,#3311);
#3032=AXIS2_PLACEMENT_3D('',#4153,#3312,#3313);
#3033=AXIS2_PLACEMENT_3D('',#4167,#3316,#3317);
#3034=AXIS2_PLACEMENT_3D('',#4168,#3318,#3319);
#3035=AXIS2_PLACEMENT_3D('',#4169,#3320,#3321);
#3036=AXIS2_PLACEMENT_3D('',#4192,#3322,#3323);
#3037=AXIS2_PLACEMENT_3D('',#4194,#3324,#3325);
#3038=AXIS2_PLACEMENT_3D('',#4205,#3326,#3327);
#3039=AXIS2_PLACEMENT_3D('',#4211,#3330,#3331);
#3040=AXIS2_PLACEMENT_3D('',#4215,#3333,#3334);
#3041=AXIS2_PLACEMENT_3D('',#4218,#3336,#3337);
#3042=AXIS2_PLACEMENT_3D('',#4219,#3338,#3339);
#3043=AXIS2_PLACEMENT_3D('',#4223,#3342,#3343);
#3044=AXIS2_PLACEMENT_3D('',#4226,#3345,#3346);
#3045=AXIS2_PLACEMENT_3D('',#4227,#3347,#3348);
#3046=AXIS2_PLACEMENT_3D('',#4240,#3351,#3352);
#3047=AXIS2_PLACEMENT_3D('',#4244,#3354,#3355);
#3048=AXIS2_PLACEMENT_3D('',#4248,#3357,#3358);
#3049=AXIS2_PLACEMENT_3D('',#4252,#3360,#3361);
#3050=AXIS2_PLACEMENT_3D('',#4265,#3364,#3365);
#3051=AXIS2_PLACEMENT_3D('',#4284,#3367,#3368);
#3052=AXIS2_PLACEMENT_3D('',#4286,#3369,#3370);
#3053=AXIS2_PLACEMENT_3D('',#4292,#3373,#3374);
#3054=AXIS2_PLACEMENT_3D('',#4296,#3376,#3377);
#3055=AXIS2_PLACEMENT_3D('',#4300,#3379,#3380);
#3056=AXIS2_PLACEMENT_3D('',#4304,#3382,#3383);
#3057=AXIS2_PLACEMENT_3D('',#4310,#3386,#3387);
#3058=AXIS2_PLACEMENT_3D('',#4312,#3388,#3389);
#3059=AXIS2_PLACEMENT_3D('',#4327,#3390,#3391);
#3060=AXIS2_PLACEMENT_3D('',#4329,#3392,#3393);
#3061=AXIS2_PLACEMENT_3D('',#4332,#3395,#3396);
#3062=AXIS2_PLACEMENT_3D('',#4343,#3397,#3398);
#3063=AXIS2_PLACEMENT_3D('',#4345,#3399,#3400);
#3064=AXIS2_PLACEMENT_3D('',#4347,#3401,#3402);
#3065=AXIS2_PLACEMENT_3D('',#4348,#3403,#3404);
#3066=AXIS2_PLACEMENT_3D('',#4349,#3405,#3406);
#3067=AXIS2_PLACEMENT_3D('',#4351,#3407,#3408);
#3068=AXIS2_PLACEMENT_3D('',#4354,#3411,#3412);
#3069=AXIS2_PLACEMENT_3D('',#4356,#3413,#3414);
#3070=AXIS2_PLACEMENT_3D('',#4357,#3415,#3416);
#3071=AXIS2_PLACEMENT_3D('',#4390,#3417,#3418);
#3072=AXIS2_PLACEMENT_3D('',#4391,#3419,#3420);
#3073=AXIS2_PLACEMENT_3D('',#4393,#3421,#3422);
#3074=AXIS2_PLACEMENT_3D('',#4397,#3424,#3425);
#3075=AXIS2_PLACEMENT_3D('',#4399,#3427,#3428);
#3076=AXIS2_PLACEMENT_3D('',#4401,#3429,#3430);
#3077=AXIS2_PLACEMENT_3D('',#4403,#3432,#3433);
#3078=AXIS2_PLACEMENT_3D('',#4405,#3434,#3435);
#3079=AXIS2_PLACEMENT_3D('',#4407,#3436,#3437);
#3080=AXIS2_PLACEMENT_3D('',#4409,#3438,#3439);
#3081=AXIS2_PLACEMENT_3D('',#4410,#3440,#3441);
#3082=AXIS2_PLACEMENT_3D('',#4411,#3442,#3443);
#3083=AXIS2_PLACEMENT_3D('',#4414,#3444,#3445);
#3084=AXIS2_PLACEMENT_3D('',#4417,#3448,#3449);
#3085=AXIS2_PLACEMENT_3D('',#4420,#3450,#3451);
#3086=AXIS2_PLACEMENT_3D('',#4421,#3452,#3453);
#3087=AXIS2_PLACEMENT_3D('',#4422,#3454,#3455);
#3088=AXIS2_PLACEMENT_3D('',#4423,#3456,#3457);
#3089=AXIS2_PLACEMENT_3D('',#4426,#3458,#3459);
#3090=AXIS2_PLACEMENT_3D('',#4429,#3462,#3463);
#3091=AXIS2_PLACEMENT_3D('',#4432,#3464,#3465);
#3092=AXIS2_PLACEMENT_3D('',#4433,#3466,#3467);
#3093=AXIS2_PLACEMENT_3D('',#4434,#3468,#3469);
#3094=AXIS2_PLACEMENT_3D('',#4435,#3470,#3471);
#3095=AXIS2_PLACEMENT_3D('',#4438,#3472,#3473);
#3096=AXIS2_PLACEMENT_3D('',#4441,#3476,#3477);
#3097=AXIS2_PLACEMENT_3D('',#4443,#3478,#3479);
#3098=AXIS2_PLACEMENT_3D('',#4444,#3480,#3481);
#3099=AXIS2_PLACEMENT_3D('',#4445,#3482,#3483);
#3100=AXIS2_PLACEMENT_3D('',#4446,#3484,#3485);
#3101=AXIS2_PLACEMENT_3D('',#4447,#3486,#3487);
#3102=AXIS2_PLACEMENT_3D('',#4448,#3488,#3489);
#3103=AXIS2_PLACEMENT_3D('',#4449,#3490,#3491);
#3104=AXIS2_PLACEMENT_3D('',#4450,#3492,#3493);
#3105=AXIS2_PLACEMENT_3D('',#4456,#3497,#3498);
#3106=AXIS2_PLACEMENT_3D('',#4459,#3499,#3500);
#3107=AXIS2_PLACEMENT_3D('',#4462,#3503,#3504);
#3108=AXIS2_PLACEMENT_3D('',#4464,#3506,#3507);
#3109=AXIS2_PLACEMENT_3D('',#4466,#3509,#3510);
#3110=AXIS2_PLACEMENT_3D('',#4472,#3514,#3515);
#3111=AXIS2_PLACEMENT_3D('',#4476,#3518,#3519);
#3112=AXIS2_PLACEMENT_3D('',#4477,#3520,#3521);
#3113=AXIS2_PLACEMENT_3D('',#4478,#3522,#3523);
#3114=AXIS2_PLACEMENT_3D('',#4482,#3525,#3526);
#3115=AXIS2_PLACEMENT_3D('',#4484,#3528,#3529);
#3116=AXIS2_PLACEMENT_3D('',#4488,#3532,#3533);
#3117=AXIS2_PLACEMENT_3D('',#4491,#3535,#3536);
#3118=AXIS2_PLACEMENT_3D('',#4492,#3537,#3538);
#3119=AXIS2_PLACEMENT_3D('',#4498,#3542,#3543);
#3120=AXIS2_PLACEMENT_3D('',#4499,#3544,#3545);
#3121=AXIS2_PLACEMENT_3D('',#4500,#3546,#3547);
#3122=AXIS2_PLACEMENT_3D('',#4503,#3549,#3550);
#3123=AXIS2_PLACEMENT_3D('',#4504,#3551,#3552);
#3124=AXIS2_PLACEMENT_3D('',#4508,#3555,#3556);
#3125=AXIS2_PLACEMENT_3D('',#4512,#3558,#3559);
#3126=AXIS2_PLACEMENT_3D('',#4528,#3567,#3568);
#3127=AXIS2_PLACEMENT_3D('',#4530,#3570,#3571);
#3128=AXIS2_PLACEMENT_3D('',#4532,#3572,#3573);
#3129=AXIS2_PLACEMENT_3D('',#4535,#3575,#3576);
#3130=AXIS2_PLACEMENT_3D('',#4536,#3577,#3578);
#3131=AXIS2_PLACEMENT_3D('',#4537,#3579,#3580);
#3132=AXIS2_PLACEMENT_3D('',#4539,#3581,#3582);
#3133=AXIS2_PLACEMENT_3D('',#4542,#3584,#3585);
#3134=AXIS2_PLACEMENT_3D('',#4543,#3586,#3587);
#3135=AXIS2_PLACEMENT_3D('',#4544,#3588,#3589);
#3136=AXIS2_PLACEMENT_3D('',#4547,#3590,#3591);
#3137=AXIS2_PLACEMENT_3D('',#4551,#3593,#3594);
#3138=AXIS2_PLACEMENT_3D('',#4553,#3596,#3597);
#3139=AXIS2_PLACEMENT_3D('',#4559,#3601,#3602);
#3140=AXIS2_PLACEMENT_3D('',#4561,#3603,#3604);
#3141=AXIS2_PLACEMENT_3D('',#4563,#3605,#3606);
#3142=AXIS2_PLACEMENT_3D('',#4565,#3608,#3609);
#3143=AXIS2_PLACEMENT_3D('',#4568,#3612,#3613);
#3144=AXIS2_PLACEMENT_3D('',#4627,#3643,#3644);
#3145=AXIS2_PLACEMENT_3D('',#4653,#3657,#3658);
#3146=AXIS2_PLACEMENT_3D('',#4671,#3667,#3668);
#3147=AXIS2_PLACEMENT_3D('',#4673,#3669,#3670);
#3148=AXIS2_PLACEMENT_3D('',#4674,#3671,#3672);
#3149=AXIS2_PLACEMENT_3D('',#4677,#3673,#3674);
#3150=AXIS2_PLACEMENT_3D('',#4681,#3676,#3677);
#3151=AXIS2_PLACEMENT_3D('',#4683,#3679,#3680);
#3152=AXIS2_PLACEMENT_3D('',#4686,#3681,#3682);
#3153=AXIS2_PLACEMENT_3D('',#4687,#3683,#3684);
#3154=AXIS2_PLACEMENT_3D('',#4688,#3685,#3686);
#3155=AXIS2_PLACEMENT_3D('',#4689,#3687,#3688);
#3156=AXIS2_PLACEMENT_3D('',#4692,#3689,#3690);
#3157=AXIS2_PLACEMENT_3D('',#4693,#3691,#3692);
#3158=AXIS2_PLACEMENT_3D('',#4694,#3693,#3694);
#3159=AXIS2_PLACEMENT_3D('',#4695,#3695,#3696);
#3160=AXIS2_PLACEMENT_3D('',#4698,#3697,#3698);
#3161=AXIS2_PLACEMENT_3D('',#4701,#3701,#3702);
#3162=AXIS2_PLACEMENT_3D('',#4704,#3703,#3704);
#3163=AXIS2_PLACEMENT_3D('',#4707,#3707,#3708);
#3164=AXIS2_PLACEMENT_3D('',#4709,#3709,#3710);
#3165=AXIS2_PLACEMENT_3D('',#4710,#3711,#3712);
#3166=AXIS2_PLACEMENT_3D('',#4711,#3713,#3714);
#3167=AXIS2_PLACEMENT_3D('',#4712,#3715,#3716);
#3168=AXIS2_PLACEMENT_3D('',#4714,#3717,#3718);
#3169=AXIS2_PLACEMENT_3D('',#4715,#3719,#3720);
#3170=AXIS2_PLACEMENT_3D('',#4716,#3721,#3722);
#3171=AXIS2_PLACEMENT_3D('',#4717,#3723,#3724);
#3172=AXIS2_PLACEMENT_3D('',#4719,#3726,#3727);
#3173=AXIS2_PLACEMENT_3D('',#4777,#3756,#3757);
#3174=AXIS2_PLACEMENT_3D('',#4803,#3770,#3771);
#3175=AXIS2_PLACEMENT_3D('',#4821,#3780,#3781);
#3176=AXIS2_PLACEMENT_3D('',#4823,#3782,#3783);
#3177=AXIS2_PLACEMENT_3D('',#4824,#3784,#3785);
#3178=AXIS2_PLACEMENT_3D('',#4827,#3788,#3789);
#3179=AXIS2_PLACEMENT_3D('',#4829,#3791,#3792);
#3180=AXIS2_PLACEMENT_3D('',#4831,#3794,#3795);
#3181=AXIS2_PLACEMENT_3D('',#4832,#3796,#3797);
#3182=AXIS2_PLACEMENT_3D('',#4835,#3800,#3801);
#3183=AXIS2_PLACEMENT_3D('',#4837,#3803,#3804);
#3184=AXIS2_PLACEMENT_3D('',#4839,#3806,#3807);
#3185=AXIS2_PLACEMENT_3D('',#4840,#3808,#3809);
#3186=AXIS2_PLACEMENT_3D('',#4843,#3812,#3813);
#3187=AXIS2_PLACEMENT_3D('',#4845,#3815,#3816);
#3188=AXIS2_PLACEMENT_3D('',#4847,#3818,#3819);
#3189=AXIS2_PLACEMENT_3D('',#4848,#3820,#3821);
#3190=AXIS2_PLACEMENT_3D('',#4851,#3824,#3825);
#3191=AXIS2_PLACEMENT_3D('',#4853,#3827,#3828);
#3192=AXIS2_PLACEMENT_3D('',#4855,#3830,#3831);
#3193=AXIS2_PLACEMENT_3D('',#4856,#3832,#3833);
#3194=AXIS2_PLACEMENT_3D('',#4859,#3836,#3837);
#3195=AXIS2_PLACEMENT_3D('',#4861,#3839,#3840);
#3196=AXIS2_PLACEMENT_3D('',#4863,#3842,#3843);
#3197=AXIS2_PLACEMENT_3D('',#4864,#3844,#3845);
#3198=AXIS2_PLACEMENT_3D('',#4867,#3848,#3849);
#3199=AXIS2_PLACEMENT_3D('',#4869,#3851,#3852);
#3200=AXIS2_PLACEMENT_3D('',#4871,#3854,#3855);
#3201=AXIS2_PLACEMENT_3D('',#4872,#3856,#3857);
#3202=AXIS2_PLACEMENT_3D('',#4875,#3860,#3861);
#3203=AXIS2_PLACEMENT_3D('',#4877,#3863,#3864);
#3204=AXIS2_PLACEMENT_3D('',#4879,#3866,#3867);
#3205=AXIS2_PLACEMENT_3D('',#4880,#3868,#3869);
#3206=AXIS2_PLACEMENT_3D('',#4882,#3871,#3872);
#3207=AXIS2_PLACEMENT_3D('',#4885,#3875,#3876);
#3208=AXIS2_PLACEMENT_3D('',#4887,#3878,#3879);
#3209=AXIS2_PLACEMENT_3D('',#4889,#3881,#3882);
#3210=AXIS2_PLACEMENT_3D('',#4890,#3883,#3884);
#3211=AXIS2_PLACEMENT_3D('',#4893,#3887,#3888);
#3212=AXIS2_PLACEMENT_3D('',#4895,#3890,#3891);
#3213=AXIS2_PLACEMENT_3D('',#4897,#3893,#3894);
#3214=AXIS2_PLACEMENT_3D('',#4898,#3895,#3896);
#3215=AXIS2_PLACEMENT_3D('',#4901,#3899,#3900);
#3216=AXIS2_PLACEMENT_3D('',#4903,#3902,#3903);
#3217=AXIS2_PLACEMENT_3D('',#4905,#3905,#3906);
#3218=AXIS2_PLACEMENT_3D('',#4906,#3907,#3908);
#3219=AXIS2_PLACEMENT_3D('',#4908,#3910,#3911);
#3220=AXIS2_PLACEMENT_3D('',#4911,#3914,#3915);
#3221=AXIS2_PLACEMENT_3D('',#4913,#3917,#3918);
#3222=AXIS2_PLACEMENT_3D('',#4915,#3920,#3921);
#3223=AXIS2_PLACEMENT_3D('',#4916,#3922,#3923);
#3224=AXIS2_PLACEMENT_3D('',#4919,#3926,#3927);
#3225=AXIS2_PLACEMENT_3D('',#4921,#3929,#3930);
#3226=AXIS2_PLACEMENT_3D('',#4923,#3932,#3933);
#3227=AXIS2_PLACEMENT_3D('',#4924,#3934,#3935);
#3228=AXIS2_PLACEMENT_3D('',#4926,#3937,#3938);
#3229=AXIS2_PLACEMENT_3D('',#4928,#3940,#3941);
#3230=AXIS2_PLACEMENT_3D('',#4954,#3947,#3948);
#3231=AXIS2_PLACEMENT_3D('',#4963,#3949,#3950);
#3232=AXIS2_PLACEMENT_3D('',#4983,#3951,#3952);
#3233=AXIS2_PLACEMENT_3D('',#4984,#3953,#3954);
#3234=AXIS2_PLACEMENT_3D('',#4988,#3957,#3958);
#3235=AXIS2_PLACEMENT_3D('',#4990,#3959,#3960);
#3236=AXIS2_PLACEMENT_3D('',#4992,#3962,#3963);
#3237=AXIS2_PLACEMENT_3D('',#4996,#3966,#3967);
#3238=AXIS2_PLACEMENT_3D('',#4998,#3968,#3969);
#3239=AXIS2_PLACEMENT_3D('',#5000,#3971,#3972);
#3240=AXIS2_PLACEMENT_3D('',#5004,#3975,#3976);
#3241=AXIS2_PLACEMENT_3D('',#5006,#3977,#3978);
#3242=AXIS2_PLACEMENT_3D('',#5008,#3980,#3981);
#3243=AXIS2_PLACEMENT_3D('',#5012,#3984,#3985);
#3244=AXIS2_PLACEMENT_3D('',#5014,#3986,#3987);
#3245=AXIS2_PLACEMENT_3D('',#5016,#3989,#3990);
#3246=AXIS2_PLACEMENT_3D('',#5020,#3993,#3994);
#3247=AXIS2_PLACEMENT_3D('',#5024,#3997,#3998);
#3248=AXIS2_PLACEMENT_3D('',#5039,#3999,#4000);
#3249=AXIS2_PLACEMENT_3D('',#5040,#4001,#4002);
#3250=AXIS2_PLACEMENT_3D('',#5042,#4004,#4005);
#3251=AXIS2_PLACEMENT_3D('',#5043,#4006,#4007);
#3252=AXIS2_PLACEMENT_3D('',#5054,#4009,#4010);
#3253=AXIS2_PLACEMENT_3D('',#5073,#4011,#4012);
#3254=AXIS2_PLACEMENT_3D('',#5074,#4013,#4014);
#3255=AXIS2_PLACEMENT_3D('',#5076,#4016,#4017);
#3256=AXIS2_PLACEMENT_3D('',#5077,#4018,#4019);
#3257=AXIS2_PLACEMENT_3D('',#5078,#4020,#4021);
#3258=AXIS2_PLACEMENT_3D('',#5081,#4024,#4025);
#3259=AXIS2_PLACEMENT_3D('',#5082,#4026,#4027);
#3260=AXIS2_PLACEMENT_3D('',#5084,#4029,#4030);
#3261=AXIS2_PLACEMENT_3D('',#5086,#4032,#4033);
#3262=AXIS2_PLACEMENT_3D('',#5088,#4035,#4036);
#3263=AXIS2_PLACEMENT_3D('',#5090,#4038,#4039);
#3264=AXIS2_PLACEMENT_3D('',#5091,#4040,#4041);
#3265=AXIS2_PLACEMENT_3D('',#5093,#4042,#4043);
#3266=AXIS2_PLACEMENT_3D('',#5096,#4045,#4046);
#3267=AXIS2_PLACEMENT_3D('',#5097,#4047,#4048);
#3268=AXIS2_PLACEMENT_3D('',#5099,#4049,#4050);
#3269=AXIS2_PLACEMENT_3D('',#5102,#4052,#4053);
#3270=AXIS2_PLACEMENT_3D('',#5103,#4054,#4055);
#3271=AXIS2_PLACEMENT_3D('',#5106,#4056,#4057);
#3272=AXIS2_PLACEMENT_3D('',#5110,#4059,#4060);
#3273=AXIS2_PLACEMENT_3D('',#5112,#4062,#4063);
#3274=AXIS2_PLACEMENT_3D('',#5118,#4067,#4068);
#3275=AXIS2_PLACEMENT_3D('',#5120,#4069,#4070);
#3276=AXIS2_PLACEMENT_3D('',#5122,#4071,#4072);
#3277=AXIS2_PLACEMENT_3D('',#5124,#4074,#4075);
#3278=AXIS2_PLACEMENT_3D('',#5130,#4079,#4080);
#3279=AXIS2_PLACEMENT_3D('',#5136,#4084,#4085);
#3280=AXIS2_PLACEMENT_3D('',#5138,#4086,#4087);
#3281=AXIS2_PLACEMENT_3D('',#5140,#4088,#4089);
#3282=AXIS2_PLACEMENT_3D('',#5142,#4091,#4092);
#3283=AXIS2_PLACEMENT_3D('',#5148,#4096,#4097);
#3284=AXIS2_PLACEMENT_3D('',#5150,#4098,#4099);
#3285=AXIS2_PLACEMENT_3D('',#5152,#4100,#4101);
#3286=AXIS2_PLACEMENT_3D('',#5154,#4103,#4104);
#3287=AXIS2_PLACEMENT_3D('',#5160,#4108,#4109);
#3288=AXIS2_PLACEMENT_3D('',#5162,#4110,#4111);
#3289=AXIS2_PLACEMENT_3D('',#5164,#4112,#4113);
#3290=AXIS2_PLACEMENT_3D('',#5166,#4115,#4116);
#3291=AXIS2_PLACEMENT_3D('',#5172,#4120,#4121);
#3292=AXIS2_PLACEMENT_3D('',#5174,#4122,#4123);
#3293=AXIS2_PLACEMENT_3D('',#5176,#4124,#4125);
#3294=AXIS2_PLACEMENT_3D('',#5178,#4127,#4128);
#3295=AXIS2_PLACEMENT_3D('',#5184,#4132,#4133);
#3296=AXIS2_PLACEMENT_3D('',#5187,#4136,#4137);
#3297=AXIS2_PLACEMENT_3D('',#5188,#4138,#4139);
#3298=DIRECTION('axis',(0.,0.,1.));
#3299=DIRECTION('refdir',(1.,0.,0.));
#3300=DIRECTION('center_axis',(0.,-1.,0.));
#3301=DIRECTION('ref_axis',(0.,0.,-1.));
#3302=DIRECTION('center_axis',(-1.,0.,0.));
#3303=DIRECTION('ref_axis',(0.,1.,0.));
#3304=DIRECTION('center_axis',(0.,1.,0.));
#3305=DIRECTION('ref_axis',(-0.707106781186548,0.,-0.707106781186547));
#3306=DIRECTION('center_axis',(0.,0.,1.));
#3307=DIRECTION('ref_axis',(-1.,0.,0.));
#3308=DIRECTION('center_axis',(0.,-1.,0.));
#3309=DIRECTION('ref_axis',(-0.707106781186548,0.,-0.707106781186547));
#3310=DIRECTION('center_axis',(1.,0.,0.));
#3311=DIRECTION('ref_axis',(0.,0.707106781186548,-0.707106781186548));
#3312=DIRECTION('center_axis',(-1.,0.,0.));
#3313=DIRECTION('ref_axis',(0.,1.,0.));
#3314=DIRECTION('',(-1.,0.,0.));
#3315=DIRECTION('',(1.,0.,0.));
#3316=DIRECTION('center_axis',(-0.379841149292073,0.,-0.925051728988426));
#3317=DIRECTION('ref_axis',(0.,1.,0.));
#3318=DIRECTION('center_axis',(0.,1.,0.));
#3319=DIRECTION('ref_axis',(0.556847757788395,0.,-0.830614576470963));
#3320=DIRECTION('center_axis',(0.,-1.,0.));
#3321=DIRECTION('ref_axis',(0.556847757788395,0.,-0.830614576470963));
#3322=DIRECTION('center_axis',(0.707106781186547,0.,0.707106781186548));
#3323=DIRECTION('ref_axis',(0.707106781186548,0.,-0.707106781186547));
#3324=DIRECTION('center_axis',(0.,1.,0.));
#3325=DIRECTION('ref_axis',(0.925051728988427,0.,-0.379841149292073));
#3326=DIRECTION('center_axis',(0.,1.,0.));
#3327=DIRECTION('ref_axis',(-0.707106781186547,0.,0.707106781186547));
#3328=DIRECTION('',(0.,-1.,0.));
#3329=DIRECTION('',(0.,-1.,0.));
#3330=DIRECTION('center_axis',(-0.707106781186548,0.707106781186548,0.));
#3331=DIRECTION('ref_axis',(-0.707106781186547,-0.707106781186547,0.));
#3332=DIRECTION('',(0.,1.,0.));
#3333=DIRECTION('center_axis',(-0.707106781186548,-0.707106781186548,0.));
#3334=DIRECTION('ref_axis',(0.707106781186547,-0.707106781186547,0.));
#3335=DIRECTION('',(0.,-1.,0.));
#3336=DIRECTION('center_axis',(0.,-1.,0.));
#3337=DIRECTION('ref_axis',(-0.707106781186548,0.,-0.707106781186547));
#3338=DIRECTION('center_axis',(0.,0.,-1.));
#3339=DIRECTION('ref_axis',(-1.,0.,0.));
#3340=DIRECTION('',(0.,1.,0.));
#3341=DIRECTION('',(1.,0.,0.));
#3342=DIRECTION('center_axis',(0.,1.,0.));
#3343=DIRECTION('ref_axis',(0.707106781186547,0.,-0.707106781186547));
#3344=DIRECTION('',(0.,-1.,0.));
#3345=DIRECTION('center_axis',(0.,1.,0.));
#3346=DIRECTION('ref_axis',(1.,0.,0.));
#3347=DIRECTION('center_axis',(-0.707106781186547,0.,-0.707106781186548));
#3348=DIRECTION('ref_axis',(0.,-1.,0.));
#3349=DIRECTION('',(0.,1.,0.));
#3350=DIRECTION('',(5.86167851241943E-17,-1.,-6.69906115705077E-17));
#3351=DIRECTION('center_axis',(-0.707106781186547,7.40148683083438E-18,
-0.707106781186548));
#3352=DIRECTION('ref_axis',(0.707106781186548,0.,-0.707106781186547));
#3353=DIRECTION('',(-0.707106781186548,-8.88178419700125E-17,0.707106781186547));
#3354=DIRECTION('center_axis',(-0.707106781186547,-2.44249065417534E-16,
-0.707106781186548));
#3355=DIRECTION('ref_axis',(-1.0833637964918E-15,-1.,1.42878413740223E-15));
#3356=DIRECTION('',(-1.60149430785745E-16,1.,9.10653626036589E-17));
#3357=DIRECTION('center_axis',(-0.707106781186547,-8.14163551391782E-17,
-0.707106781186548));
#3358=DIRECTION('ref_axis',(-0.707106781186548,8.88178419700124E-16,0.707106781186547));
#3359=DIRECTION('',(0.707106781186548,0.,-0.707106781186547));
#3360=DIRECTION('center_axis',(-0.707106781186547,7.40148683083433E-18,
-0.707106781186548));
#3361=DIRECTION('ref_axis',(-4.65794096076187E-16,1.,4.76261379134079E-16));
#3362=DIRECTION('',(5.86167851241943E-17,-1.,-6.69906115705077E-17));
#3363=DIRECTION('',(0.,1.,0.));
#3364=DIRECTION('center_axis',(0.707106781186547,0.,0.707106781186548));
#3365=DIRECTION('ref_axis',(0.707106781186548,0.,-0.707106781186547));
#3366=DIRECTION('',(0.,-1.,0.));
#3367=DIRECTION('center_axis',(-0.707106781186547,0.,-0.707106781186548));
#3368=DIRECTION('ref_axis',(-0.707106781186548,0.,0.707106781186547));
#3369=DIRECTION('center_axis',(-0.707106781186547,0.,-0.707106781186548));
#3370=DIRECTION('ref_axis',(-0.707106781186548,-7.40148683083439E-16,0.707106781186547));
#3371=DIRECTION('',(0.707106781186548,2.50782551510028E-15,-0.707106781186547));
#3372=DIRECTION('',(-4.41719345043036E-17,1.,5.00336130167229E-17));
#3373=DIRECTION('center_axis',(0.707106781186547,-9.25185853854284E-18,
0.707106781186548));
#3374=DIRECTION('ref_axis',(-5.82242620095234E-16,1.,5.95326723917599E-16));
#3375=DIRECTION('',(-0.707106781186548,1.77635683940025E-16,0.707106781186547));
#3376=DIRECTION('center_axis',(0.707106781186547,3.69778549322346E-31,0.707106781186548));
#3377=DIRECTION('ref_axis',(-0.707106781186548,1.11022302462515E-15,0.707106781186547));
#3378=DIRECTION('',(1.60149430785745E-16,-1.,-9.10653626036589E-17));
#3379=DIRECTION('center_axis',(0.707106781186547,2.44249065417534E-16,0.707106781186548));
#3380=DIRECTION('ref_axis',(-1.39738228822856E-15,-1.,1.74280262913899E-15));
#3381=DIRECTION('',(0.707106781186548,8.88178419700125E-17,-0.707106781186547));
#3382=DIRECTION('center_axis',(0.707106781186547,0.,0.707106781186548));
#3383=DIRECTION('ref_axis',(0.707106781186548,0.,-0.707106781186547));
#3384=DIRECTION('',(-4.41719345043036E-17,1.,5.00336130167229E-17));
#3385=DIRECTION('',(-0.707106781186548,0.,0.707106781186547));
#3386=DIRECTION('center_axis',(-0.707106781186547,-9.24074496478562E-16,
-0.707106781186548));
#3387=DIRECTION('ref_axis',(1.30055189886944E-16,-1.,1.17678349567613E-15));
#3388=DIRECTION('center_axis',(-0.707106781186547,0.,-0.707106781186548));
#3389=DIRECTION('ref_axis',(-0.707106781186548,0.,0.707106781186547));
#3390=DIRECTION('center_axis',(0.,-1.,0.));
#3391=DIRECTION('ref_axis',(1.,0.,1.09906472107864E-15));
#3392=DIRECTION('center_axis',(0.,-1.,0.));
#3393=DIRECTION('ref_axis',(1.,0.,1.09906472107864E-15));
#3394=DIRECTION('',(0.,-1.,0.));
#3395=DIRECTION('center_axis',(1.14236252389042E-15,-1.,1.14236252389042E-15));
#3396=DIRECTION('ref_axis',(0.707106781186548,0.,-0.707106781186547));
#3397=DIRECTION('center_axis',(-0.379841149292073,0.,-0.925051728988426));
#3398=DIRECTION('ref_axis',(0.925051728988426,0.,-0.379841149292073));
#3399=DIRECTION('center_axis',(0.,1.,0.));
#3400=DIRECTION('ref_axis',(0.556847757788395,0.,-0.830614576470963));
#3401=DIRECTION('center_axis',(1.,0.,0.));
#3402=DIRECTION('ref_axis',(0.,-1.,0.));
#3403=DIRECTION('center_axis',(0.,-1.,0.));
#3404=DIRECTION('ref_axis',(0.556847757788395,0.,-0.830614576470963));
#3405=DIRECTION('center_axis',(-1.,0.,0.));
#3406=DIRECTION('ref_axis',(0.,-0.707106781186548,-0.707106781186547));
#3407=DIRECTION('center_axis',(1.,0.,0.));
#3408=DIRECTION('ref_axis',(0.,-1.,0.));
#3409=DIRECTION('',(1.,0.,0.));
#3410=DIRECTION('',(-1.,0.,0.));
#3411=DIRECTION('center_axis',(0.,1.,0.));
#3412=DIRECTION('ref_axis',(0.,0.,1.));
#3413=DIRECTION('center_axis',(0.,0.,1.));
#3414=DIRECTION('ref_axis',(-1.,0.,0.));
#3415=DIRECTION('center_axis',(0.,1.,0.));
#3416=DIRECTION('ref_axis',(-0.707106781186548,0.,-0.707106781186547));
#3417=DIRECTION('center_axis',(0.,-1.,0.));
#3418=DIRECTION('ref_axis',(0.925051728988426,0.,-0.379841149292073));
#3419=DIRECTION('center_axis',(0.,1.,0.));
#3420=DIRECTION('ref_axis',(-1.,0.,0.));
#3421=DIRECTION('center_axis',(0.,1.,0.));
#3422=DIRECTION('ref_axis',(1.,0.,1.09906472107864E-15));
#3423=DIRECTION('',(0.707106781186548,0.,-0.707106781186548));
#3424=DIRECTION('center_axis',(0.,1.,0.));
#3425=DIRECTION('ref_axis',(0.923879532511287,0.,-0.38268343236509));
#3426=DIRECTION('',(-1.,0.,0.));
#3427=DIRECTION('center_axis',(0.,-1.,0.));
#3428=DIRECTION('ref_axis',(1.,0.,1.09906472107864E-15));
#3429=DIRECTION('center_axis',(1.25607396694702E-15,1.,1.25607396694702E-15));
#3430=DIRECTION('ref_axis',(0.707106781186548,-1.77635683940025E-15,0.707106781186547));
#3431=DIRECTION('',(0.,-1.,0.));
#3432=DIRECTION('center_axis',(-0.707106781186548,0.,0.707106781186547));
#3433=DIRECTION('ref_axis',(0.707106781186547,0.,0.707106781186548));
#3434=DIRECTION('center_axis',(0.373000316723391,-0.849553722520536,0.373000316723392));
#3435=DIRECTION('ref_axis',(0.707106781186548,-1.11022302462515E-16,-0.707106781186547));
#3436=DIRECTION('center_axis',(-0.707106781186548,0.,0.707106781186547));
#3437=DIRECTION('ref_axis',(-0.500000000000001,-0.707106781186547,-0.500000000000001));
#3438=DIRECTION('center_axis',(-0.707106781186547,2.51214793389404E-15,
-0.707106781186548));
#3439=DIRECTION('ref_axis',(1.77635683940025E-15,1.,1.77635683940025E-15));
#3440=DIRECTION('center_axis',(0.707106781186548,0.,-0.707106781186547));
#3441=DIRECTION('ref_axis',(-0.500000000000001,-0.707106781186547,-0.500000000000001));
#3442=DIRECTION('center_axis',(0.707106781186547,9.25185853854298E-16,0.707106781186548));
#3443=DIRECTION('ref_axis',(0.499999999999999,0.707106781186549,-0.5));
#3444=DIRECTION('center_axis',(-0.707106781186548,-3.14018491736754E-16,
-0.707106781186548));
#3445=DIRECTION('ref_axis',(0.,1.,-4.44089209850061E-16));
#3446=DIRECTION('',(-0.707106781186547,-9.25185853854298E-16,-0.707106781186548));
#3447=DIRECTION('',(0.707106781186547,9.25185853854298E-16,0.707106781186548));
#3448=DIRECTION('center_axis',(-0.707106781186548,0.,0.707106781186547));
#3449=DIRECTION('ref_axis',(0.707106781186547,0.,0.707106781186548));
#3450=DIRECTION('center_axis',(-1.12723017717657E-15,-1.,-1.12723017717657E-15));
#3451=DIRECTION('ref_axis',(-0.707106781186548,1.59414420447933E-15,-0.707106781186547));
#3452=DIRECTION('center_axis',(0.707106781186548,0.,-0.707106781186547));
#3453=DIRECTION('ref_axis',(0.5,-0.707106781186548,0.5));
#3454=DIRECTION('center_axis',(-0.707106781186548,0.,0.707106781186547));
#3455=DIRECTION('ref_axis',(0.499999999999999,-0.707106781186548,0.5));
#3456=DIRECTION('center_axis',(0.,1.,0.));
#3457=DIRECTION('ref_axis',(0.,0.,-1.));
#3458=DIRECTION('center_axis',(-3.14018491736755E-16,-1.,-3.14018491736755E-16));
#3459=DIRECTION('ref_axis',(-0.707106781186548,4.44089209850062E-16,-0.707106781186548));
#3460=DIRECTION('',(0.,-1.,0.));
#3461=DIRECTION('',(0.,1.,0.));
#3462=DIRECTION('center_axis',(-0.707106781186548,0.,0.707106781186547));
#3463=DIRECTION('ref_axis',(0.707106781186547,0.,0.707106781186548));
#3464=DIRECTION('center_axis',(0.707106781186548,0.,0.707106781186548));
#3465=DIRECTION('ref_axis',(0.,-1.,0.));
#3466=DIRECTION('center_axis',(0.707106781186548,0.,-0.707106781186547));
#3467=DIRECTION('ref_axis',(0.5,0.707106781186548,0.5));
#3468=DIRECTION('center_axis',(-0.707106781186548,0.,0.707106781186547));
#3469=DIRECTION('ref_axis',(0.5,0.707106781186548,0.5));
#3470=DIRECTION('center_axis',(-0.707106781186547,-7.40148683083438E-16,
-0.707106781186548));
#3471=DIRECTION('ref_axis',(0.499999999999999,-0.707106781186548,-0.5));
#3472=DIRECTION('center_axis',(0.707106781186548,7.85046229341888E-16,0.707106781186548));
#3473=DIRECTION('ref_axis',(0.,-1.,1.11022302462516E-15));
#3474=DIRECTION('',(0.707106781186547,7.40148683083438E-16,0.707106781186548));
#3475=DIRECTION('',(-0.707106781186547,-7.40148683083438E-16,-0.707106781186548));
#3476=DIRECTION('center_axis',(-0.707106781186548,0.,0.707106781186547));
#3477=DIRECTION('ref_axis',(0.707106781186548,0.,0.707106781186548));
#3478=DIRECTION('center_axis',(0.373000316723392,0.849553722520535,0.373000316723392));
#3479=DIRECTION('ref_axis',(0.600725198176546,-0.527502106679681,0.600725198176544));
#3480=DIRECTION('center_axis',(0.707106781186548,0.,-0.707106781186547));
#3481=DIRECTION('ref_axis',(-0.5,0.707106781186547,-0.5));
#3482=DIRECTION('center_axis',(-0.707106781186548,0.,0.707106781186547));
#3483=DIRECTION('ref_axis',(-0.5,0.707106781186547,-0.5));
#3484=DIRECTION('center_axis',(-0.707106781186548,0.,0.707106781186547));
#3485=DIRECTION('ref_axis',(0.707106781186547,0.,0.707106781186548));
#3486=DIRECTION('center_axis',(-0.707106781186548,0.,0.707106781186547));
#3487=DIRECTION('ref_axis',(-0.707106781186547,-1.61554457443259E-15,-0.707106781186548));
#3488=DIRECTION('center_axis',(-0.707106781186548,0.,0.707106781186547));
#3489=DIRECTION('ref_axis',(0.707106781186548,0.,0.707106781186548));
#3490=DIRECTION('center_axis',(-0.707106781186548,0.,0.707106781186547));
#3491=DIRECTION('ref_axis',(-0.707106781186548,1.66533453693773E-15,-0.707106781186547));
#3492=DIRECTION('center_axis',(0.707106781186548,0.,-0.707106781186547));
#3493=DIRECTION('ref_axis',(0.,-1.,0.));
#3494=DIRECTION('',(-0.707106781186547,0.,-0.707106781186548));
#3495=DIRECTION('',(0.,-1.,0.));
#3496=DIRECTION('',(-0.707106781186547,0.,-0.707106781186548));
#3497=DIRECTION('center_axis',(0.,1.,0.));
#3498=DIRECTION('ref_axis',(0.923879532511287,0.,-0.38268343236509));
#3499=DIRECTION('center_axis',(0.,-1.,0.));
#3500=DIRECTION('ref_axis',(0.923879532511287,0.,-0.38268343236509));
#3501=DIRECTION('',(0.,1.,0.));
#3502=DIRECTION('',(0.,-1.,0.));
#3503=DIRECTION('center_axis',(0.,0.,-1.));
#3504=DIRECTION('ref_axis',(1.,0.,0.));
#3505=DIRECTION('',(1.,0.,0.));
#3506=DIRECTION('center_axis',(0.,-1.,0.));
#3507=DIRECTION('ref_axis',(1.,0.,0.));
#3508=DIRECTION('',(-0.707106781186548,0.,0.707106781186548));
#3509=DIRECTION('center_axis',(-0.707106781186548,0.,-0.707106781186548));
#3510=DIRECTION('ref_axis',(0.,-1.,0.));
#3511=DIRECTION('',(-0.707106781186547,0.,0.707106781186547));
#3512=DIRECTION('',(0.,1.,0.));
#3513=DIRECTION('',(-0.707106781186547,0.,0.707106781186547));
#3514=DIRECTION('center_axis',(0.,0.,-1.));
#3515=DIRECTION('ref_axis',(-1.,0.,0.));
#3516=DIRECTION('',(-1.,0.,0.));
#3517=DIRECTION('',(0.,1.,0.));
#3518=DIRECTION('center_axis',(0.,1.,0.));
#3519=DIRECTION('ref_axis',(0.707106781186547,0.,-0.707106781186547));
#3520=DIRECTION('center_axis',(0.,1.,0.));
#3521=DIRECTION('ref_axis',(1.,0.,0.));
#3522=DIRECTION('center_axis',(-0.707106781186548,0.,0.707106781186548));
#3523=DIRECTION('ref_axis',(0.,1.,0.));
#3524=DIRECTION('',(-0.707106781186547,0.,0.707106781186547));
#3525=DIRECTION('center_axis',(0.707106781186548,0.,-0.707106781186547));
#3526=DIRECTION('ref_axis',(0.,1.,0.));
#3527=DIRECTION('',(-0.707106781186547,0.,0.707106781186547));
#3528=DIRECTION('center_axis',(0.707106781186548,0.,0.707106781186548));
#3529=DIRECTION('ref_axis',(0.,1.,0.));
#3530=DIRECTION('',(-0.707106781186547,0.,0.707106781186547));
#3531=DIRECTION('',(0.,-1.,0.));
#3532=DIRECTION('center_axis',(-0.707106781186548,0.,0.707106781186548));
#3533=DIRECTION('ref_axis',(0.707106781186548,-1.61554457443259E-15,0.707106781186548));
#3534=DIRECTION('',(-0.707106781186547,0.,0.707106781186547));
#3535=DIRECTION('center_axis',(0.707106781186548,0.,-0.707106781186547));
#3536=DIRECTION('ref_axis',(0.707106781186548,-1.61554457443259E-15,0.707106781186548));
#3537=DIRECTION('center_axis',(6.5420519111824E-16,-1.,6.5420519111824E-16));
#3538=DIRECTION('ref_axis',(0.707106781186548,9.25185853854298E-16,0.707106781186548));
#3539=DIRECTION('',(-0.707106781186547,0.,0.707106781186547));
#3540=DIRECTION('',(-1.,-6.5420519111824E-16,0.));
#3541=DIRECTION('',(-0.707106781186547,-9.25185853854298E-16,-0.707106781186548));
#3542=DIRECTION('center_axis',(-0.707106781186548,0.,0.707106781186548));
#3543=DIRECTION('ref_axis',(-1.57009245868377E-15,-1.,-1.57009245868377E-15));
#3544=DIRECTION('center_axis',(0.,0.,-1.));
#3545=DIRECTION('ref_axis',(1.,-1.57009245868377E-15,0.));
#3546=DIRECTION('center_axis',(-0.707106781186548,0.,0.707106781186548));
#3547=DIRECTION('ref_axis',(-0.707106781186548,1.66533453693773E-15,-0.707106781186548));
#3548=DIRECTION('',(-0.707106781186547,0.,0.707106781186547));
#3549=DIRECTION('center_axis',(0.,0.,-1.));
#3550=DIRECTION('ref_axis',(-1.,1.17756934401283E-15,0.));
#3551=DIRECTION('center_axis',(-5.23364152894592E-16,1.,-5.23364152894592E-16));
#3552=DIRECTION('ref_axis',(-0.707106781186548,-7.40148683083438E-16,-0.707106781186548));
#3553=DIRECTION('',(0.707106781186547,7.40148683083438E-16,0.707106781186548));
#3554=DIRECTION('',(1.,5.23364152894592E-16,0.));
#3555=DIRECTION('center_axis',(-0.707106781186548,0.,0.707106781186547));
#3556=DIRECTION('ref_axis',(0.,1.,0.));
#3557=DIRECTION('',(0.,-1.,0.));
#3558=DIRECTION('center_axis',(0.707106781186548,0.,-0.707106781186547));
#3559=DIRECTION('ref_axis',(0.707106781186547,0.,0.707106781186548));
#3560=DIRECTION('',(-0.707106781186548,0.,-0.707106781186547));
#3561=DIRECTION('',(0.,1.,0.));
#3562=DIRECTION('',(-0.707106781186547,0.,-0.707106781186548));
#3563=DIRECTION('',(0.,-1.,0.));
#3564=DIRECTION('',(-0.707106781186547,0.,-0.707106781186548));
#3565=DIRECTION('',(0.,1.,0.));
#3566=DIRECTION('',(-0.707106781186548,0.,-0.707106781186547));
#3567=DIRECTION('center_axis',(0.707106781186548,0.,-0.707106781186547));
#3568=DIRECTION('ref_axis',(0.707106781186547,0.,0.707106781186548));
#3569=DIRECTION('',(0.,-1.,0.));
#3570=DIRECTION('center_axis',(0.707106781186548,0.,0.707106781186547));
#3571=DIRECTION('ref_axis',(0.,-1.,0.));
#3572=DIRECTION('center_axis',(0.707106781186547,0.,0.707106781186548));
#3573=DIRECTION('ref_axis',(0.,-1.,0.));
#3574=DIRECTION('',(0.707106781186548,0.,0.707106781186547));
#3575=DIRECTION('center_axis',(0.707106781186547,0.,0.707106781186548));
#3576=DIRECTION('ref_axis',(0.,-1.,0.));
#3577=DIRECTION('center_axis',(-0.707106781186547,0.,-0.707106781186548));
#3578=DIRECTION('ref_axis',(0.,-1.,0.));
#3579=DIRECTION('center_axis',(0.707106781186548,0.,0.707106781186547));
#3580=DIRECTION('ref_axis',(0.,-1.,0.));
#3581=DIRECTION('center_axis',(0.707106781186547,0.,0.707106781186548));
#3582=DIRECTION('ref_axis',(0.,-1.,0.));
#3583=DIRECTION('',(0.707106781186548,0.,0.707106781186547));
#3584=DIRECTION('center_axis',(0.707106781186547,0.,0.707106781186548));
#3585=DIRECTION('ref_axis',(0.,-1.,0.));
#3586=DIRECTION('center_axis',(-0.707106781186547,0.,-0.707106781186548));
#3587=DIRECTION('ref_axis',(0.,-1.,0.));
#3588=DIRECTION('center_axis',(0.707106781186547,0.,0.707106781186548));
#3589=DIRECTION('ref_axis',(0.,-1.,0.));
#3590=DIRECTION('center_axis',(0.707106781186547,0.,0.707106781186548));
#3591=DIRECTION('ref_axis',(0.,-1.,0.));
#3592=DIRECTION('',(0.707106781186547,0.,0.707106781186548));
#3593=DIRECTION('center_axis',(-0.707106781186547,0.,-0.707106781186548));
#3594=DIRECTION('ref_axis',(0.,-1.,0.));
#3595=DIRECTION('',(-0.707106781186547,0.,-0.707106781186548));
#3596=DIRECTION('center_axis',(0.707106781186548,0.,-0.707106781186547));
#3597=DIRECTION('ref_axis',(0.,-1.,0.));
#3598=DIRECTION('',(0.,-1.,0.));
#3599=DIRECTION('',(0.707106781186547,0.,0.707106781186548));
#3600=DIRECTION('',(0.,1.,0.));
#3601=DIRECTION('center_axis',(0.707106781186547,0.,0.707106781186548));
#3602=DIRECTION('ref_axis',(0.,-1.,0.));
#3603=DIRECTION('center_axis',(0.707106781186547,0.,0.707106781186548));
#3604=DIRECTION('ref_axis',(0.,-1.,0.));
#3605=DIRECTION('center_axis',(-0.707106781186547,0.,-0.707106781186548));
#3606=DIRECTION('ref_axis',(0.,-1.,0.));
#3607=DIRECTION('',(-0.707106781186547,0.,-0.707106781186548));
#3608=DIRECTION('center_axis',(0.,-1.,0.));
#3609=DIRECTION('ref_axis',(-0.707106781186548,0.,0.707106781186547));
#3610=DIRECTION('',(-0.707106781186548,0.,0.707106781186547));
#3611=DIRECTION('',(0.707106781186548,0.,-0.707106781186547));
#3612=DIRECTION('center_axis',(0.707106781186547,0.,0.707106781186548));
#3613=DIRECTION('ref_axis',(0.,1.,0.));
#3614=DIRECTION('',(-0.707106781186548,0.,0.707106781186547));
#3615=DIRECTION('',(0.,-1.,0.));
#3616=DIRECTION('',(0.707106781186548,0.,-0.707106781186547));
#3617=DIRECTION('',(0.,1.,0.));
#3618=DIRECTION('',(-0.707106781186548,0.,0.707106781186547));
#3619=DIRECTION('',(0.,-1.,0.));
#3620=DIRECTION('',(0.707106781186548,0.,-0.707106781186547));
#3621=DIRECTION('',(0.,1.,0.));
#3622=DIRECTION('',(-0.707106781186548,0.,0.707106781186547));
#3623=DIRECTION('',(0.,-1.,0.));
#3624=DIRECTION('',(0.707106781186548,0.,-0.707106781186547));
#3625=DIRECTION('',(0.,1.,0.));
#3626=DIRECTION('',(-0.707106781186548,0.,0.707106781186547));
#3627=DIRECTION('',(0.,-1.,0.));
#3628=DIRECTION('',(0.707106781186548,0.,-0.707106781186547));
#3629=DIRECTION('',(0.,1.,0.));
#3630=DIRECTION('',(-0.707106781186548,0.,0.707106781186547));
#3631=DIRECTION('',(0.,-1.,0.));
#3632=DIRECTION('',(0.707106781186548,0.,-0.707106781186547));
#3633=DIRECTION('',(0.,1.,0.));
#3634=DIRECTION('',(-0.707106781186548,0.,0.707106781186547));
#3635=DIRECTION('',(0.,-1.,0.));
#3636=DIRECTION('',(0.707106781186548,0.,-0.707106781186547));
#3637=DIRECTION('',(0.,1.,0.));
#3638=DIRECTION('',(-0.707106781186548,0.,0.707106781186547));
#3639=DIRECTION('',(0.,-1.,0.));
#3640=DIRECTION('',(0.707106781186548,0.,-0.707106781186547));
#3641=DIRECTION('',(0.,1.,0.));
#3642=DIRECTION('',(-0.707106781186548,0.,0.707106781186547));
#3643=DIRECTION('center_axis',(-0.707106781186547,0.,-0.707106781186548));
#3644=DIRECTION('ref_axis',(0.,1.,0.));
#3645=DIRECTION('',(0.,-1.,0.));
#3646=DIRECTION('',(0.707106781186548,0.,-0.707106781186547));
#3647=DIRECTION('',(0.,1.,0.));
#3648=DIRECTION('',(-0.707106781186548,0.,0.707106781186547));
#3649=DIRECTION('',(0.,-1.,0.));
#3650=DIRECTION('',(0.707106781186548,0.,-0.707106781186547));
#3651=DIRECTION('',(0.,1.,0.));
#3652=DIRECTION('',(-0.707106781186548,0.,0.707106781186547));
#3653=DIRECTION('',(0.,-1.,0.));
#3654=DIRECTION('',(0.707106781186548,0.,-0.707106781186547));
#3655=DIRECTION('',(0.,1.,0.));
#3656=DIRECTION('',(-0.707106781186548,0.,0.707106781186547));
#3657=DIRECTION('center_axis',(-0.707106781186547,0.,-0.707106781186548));
#3658=DIRECTION('ref_axis',(0.,1.,0.));
#3659=DIRECTION('',(0.,-1.,0.));
#3660=DIRECTION('',(0.707106781186548,0.,-0.707106781186547));
#3661=DIRECTION('',(0.,1.,0.));
#3662=DIRECTION('',(-0.707106781186548,0.,0.707106781186547));
#3663=DIRECTION('',(0.,-1.,0.));
#3664=DIRECTION('',(0.707106781186548,0.,-0.707106781186547));
#3665=DIRECTION('',(0.,1.,0.));
#3666=DIRECTION('',(-0.707106781186548,0.,0.707106781186547));
#3667=DIRECTION('center_axis',(-0.707106781186547,0.,-0.707106781186548));
#3668=DIRECTION('ref_axis',(0.,1.,0.));
#3669=DIRECTION('center_axis',(-0.707106781186547,0.,-0.707106781186548));
#3670=DIRECTION('ref_axis',(0.,1.,0.));
#3671=DIRECTION('center_axis',(0.,1.,0.));
#3672=DIRECTION('ref_axis',(-0.258819045102525,0.,0.965925826289067));
#3673=DIRECTION('center_axis',(-4.85788297327162E-16,-1.,6.76615813206227E-15));
#3674=DIRECTION('ref_axis',(0.707106781186548,4.44089209850063E-15,0.707106781186548));
#3675=DIRECTION('',(0.,1.,0.));
#3676=DIRECTION('center_axis',(0.,1.,0.));
#3677=DIRECTION('ref_axis',(-0.258819045102525,0.,0.965925826289067));
#3678=DIRECTION('',(0.,1.,0.));
#3679=DIRECTION('center_axis',(0.707106781186547,0.,0.707106781186548));
#3680=DIRECTION('ref_axis',(0.707106781186548,4.04640995843881E-15,-0.707106781186547));
#3681=DIRECTION('center_axis',(-0.707106781186548,-9.01388759242299E-16,
0.707106781186548));
#3682=DIRECTION('ref_axis',(0.707106781186548,2.22044604925032E-15,0.707106781186548));
#3683=DIRECTION('center_axis',(0.707106781186547,0.,0.707106781186548));
#3684=DIRECTION('ref_axis',(-1.25607396694702E-15,1.,1.25607396694702E-15));
#3685=DIRECTION('center_axis',(-0.707106781186547,0.,-0.707106781186548));
#3686=DIRECTION('ref_axis',(0.707106781186548,4.07676971427782E-15,-0.707106781186547));
#3687=DIRECTION('center_axis',(0.707106781186547,0.,0.707106781186548));
#3688=DIRECTION('ref_axis',(0.707106781186548,1.34880331947961E-15,-0.707106781186547));
#3689=DIRECTION('center_axis',(-0.707106781186548,0.,0.707106781186548));
#3690=DIRECTION('ref_axis',(0.353553390593273,-0.866025403784439,0.353553390593273));
#3691=DIRECTION('center_axis',(-0.707106781186547,0.,-0.707106781186548));
#3692=DIRECTION('ref_axis',(0.707106781186548,1.35892323809261E-15,-0.707106781186547));
#3693=DIRECTION('center_axis',(0.707106781186547,0.,0.707106781186548));
#3694=DIRECTION('ref_axis',(-0.707106781186548,-8.88178419700125E-16,0.707106781186547));
#3695=DIRECTION('center_axis',(0.707106781186548,-8.88178419700125E-17,
-0.707106781186547));
#3696=DIRECTION('ref_axis',(0.353553390593274,0.866025403784439,0.353553390593273));
#3697=DIRECTION('center_axis',(-0.70710678118654,7.66180445355952E-15,0.707106781186555));
#3698=DIRECTION('ref_axis',(0.707106781186555,0.,0.70710678118654));
#3699=DIRECTION('',(0.707106781186548,-8.88178419700125E-17,-0.707106781186547));
#3700=DIRECTION('',(0.707106781186548,-8.88178419700125E-17,-0.707106781186547));
#3701=DIRECTION('center_axis',(-0.707106781186548,-8.88178419700125E-17,
0.707106781186547));
#3702=DIRECTION('ref_axis',(0.353553390593272,-0.86602540378444,0.353553390593272));
#3703=DIRECTION('center_axis',(-0.707106781186548,2.00308613164954E-16,
0.707106781186547));
#3704=DIRECTION('ref_axis',(0.353553390593272,-0.86602540378444,0.353553390593272));
#3705=DIRECTION('',(-0.707106781186548,-8.88178419700125E-17,0.707106781186547));
#3706=DIRECTION('',(-0.707106781186548,-8.88178419700125E-17,0.707106781186547));
#3707=DIRECTION('center_axis',(0.707106781186547,0.,0.707106781186548));
#3708=DIRECTION('ref_axis',(5.39521327791842E-15,-1.,-5.05801244804852E-15));
#3709=DIRECTION('center_axis',(0.,1.,0.));
#3710=DIRECTION('ref_axis',(0.707106781186548,0.,0.707106781186548));
#3711=DIRECTION('center_axis',(0.707106781186547,0.,0.707106781186548));
#3712=DIRECTION('ref_axis',(0.707106781186548,0.,-0.707106781186547));
#3713=DIRECTION('center_axis',(-0.707106781186547,0.,-0.707106781186548));
#3714=DIRECTION('ref_axis',(4.75623133332413E-15,-1.,-4.75623133332413E-15));
#3715=DIRECTION('center_axis',(0.707106781186547,0.,0.707106781186548));
#3716=DIRECTION('ref_axis',(6.74401659739803E-16,1.,-6.74401659739803E-16));
#3717=DIRECTION('center_axis',(0.,-1.,0.));
#3718=DIRECTION('ref_axis',(0.965925826289068,0.,-0.258819045102523));
#3719=DIRECTION('center_axis',(-0.707106781186547,0.,-0.707106781186548));
#3720=DIRECTION('ref_axis',(6.79461619046306E-16,1.,-6.79461619046306E-16));
#3721=DIRECTION('center_axis',(0.707106781186547,0.,0.707106781186548));
#3722=DIRECTION('ref_axis',(-3.14018491736755E-16,-1.,3.14018491736755E-16));
#3723=DIRECTION('center_axis',(0.,-1.,0.));
#3724=DIRECTION('ref_axis',(0.965925826289068,0.,-0.258819045102522));
#3725=DIRECTION('',(0.,-1.,0.));
#3726=DIRECTION('center_axis',(0.707106781186547,0.,0.707106781186548));
#3727=DIRECTION('ref_axis',(0.,1.,0.));
#3728=DIRECTION('',(0.,-1.,0.));
#3729=DIRECTION('',(-0.707106781186548,0.,0.707106781186547));
#3730=DIRECTION('',(0.,1.,0.));
#3731=DIRECTION('',(0.707106781186548,0.,-0.707106781186547));
#3732=DIRECTION('',(0.,-1.,0.));
#3733=DIRECTION('',(-0.707106781186548,0.,0.707106781186547));
#3734=DIRECTION('',(0.,1.,0.));
#3735=DIRECTION('',(0.707106781186548,0.,-0.707106781186547));
#3736=DIRECTION('',(0.,-1.,0.));
#3737=DIRECTION('',(-0.707106781186548,0.,0.707106781186547));
#3738=DIRECTION('',(0.,1.,0.));
#3739=DIRECTION('',(0.707106781186548,0.,-0.707106781186547));
#3740=DIRECTION('',(0.,-1.,0.));
#3741=DIRECTION('',(-0.707106781186548,0.,0.707106781186547));
#3742=DIRECTION('',(0.,1.,0.));
#3743=DIRECTION('',(0.707106781186548,0.,-0.707106781186547));
#3744=DIRECTION('',(0.,-1.,0.));
#3745=DIRECTION('',(-0.707106781186548,0.,0.707106781186547));
#3746=DIRECTION('',(0.,1.,0.));
#3747=DIRECTION('',(0.707106781186548,0.,-0.707106781186547));
#3748=DIRECTION('',(0.,-1.,0.));
#3749=DIRECTION('',(-0.707106781186548,0.,0.707106781186547));
#3750=DIRECTION('',(0.,1.,0.));
#3751=DIRECTION('',(0.707106781186548,0.,-0.707106781186547));
#3752=DIRECTION('',(0.,-1.,0.));
#3753=DIRECTION('',(-0.707106781186548,0.,0.707106781186547));
#3754=DIRECTION('',(0.,1.,0.));
#3755=DIRECTION('',(0.707106781186548,0.,-0.707106781186547));
#3756=DIRECTION('center_axis',(-0.707106781186547,0.,-0.707106781186548));
#3757=DIRECTION('ref_axis',(0.,1.,0.));
#3758=DIRECTION('',(0.,-1.,0.));
#3759=DIRECTION('',(-0.707106781186548,0.,0.707106781186547));
#3760=DIRECTION('',(0.,1.,0.));
#3761=DIRECTION('',(0.707106781186548,0.,-0.707106781186547));
#3762=DIRECTION('',(0.,-1.,0.));
#3763=DIRECTION('',(-0.707106781186548,0.,0.707106781186547));
#3764=DIRECTION('',(0.,1.,0.));
#3765=DIRECTION('',(0.707106781186548,0.,-0.707106781186547));
#3766=DIRECTION('',(0.,-1.,0.));
#3767=DIRECTION('',(-0.707106781186548,0.,0.707106781186547));
#3768=DIRECTION('',(0.,1.,0.));
#3769=DIRECTION('',(0.707106781186548,0.,-0.707106781186547));
#3770=DIRECTION('center_axis',(-0.707106781186547,0.,-0.707106781186548));
#3771=DIRECTION('ref_axis',(0.,1.,0.));
#3772=DIRECTION('',(0.,-1.,0.));
#3773=DIRECTION('',(-0.707106781186548,0.,0.707106781186547));
#3774=DIRECTION('',(0.,1.,0.));
#3775=DIRECTION('',(0.707106781186548,0.,-0.707106781186547));
#3776=DIRECTION('',(0.,-1.,0.));
#3777=DIRECTION('',(-0.707106781186548,0.,0.707106781186547));
#3778=DIRECTION('',(0.,1.,0.));
#3779=DIRECTION('',(0.707106781186548,0.,-0.707106781186547));
#3780=DIRECTION('center_axis',(-0.707106781186547,0.,-0.707106781186548));
#3781=DIRECTION('ref_axis',(0.,1.,0.));
#3782=DIRECTION('center_axis',(-0.707106781186547,0.,-0.707106781186548));
#3783=DIRECTION('ref_axis',(0.,1.,0.));
#3784=DIRECTION('center_axis',(0.,-1.,0.));
#3785=DIRECTION('ref_axis',(0.707106781186548,0.,-0.707106781186547));
#3786=DIRECTION('',(0.707106781186548,0.,0.707106781186548));
#3787=DIRECTION('',(0.707106781186548,0.,0.707106781186548));
#3788=DIRECTION('center_axis',(0.707106781186548,0.,-0.707106781186548));
#3789=DIRECTION('ref_axis',(0.,1.,0.));
#3790=DIRECTION('',(0.707106781186548,0.,0.707106781186548));
#3791=DIRECTION('center_axis',(0.,1.,0.));
#3792=DIRECTION('ref_axis',(-0.707106781186548,0.,0.707106781186547));
#3793=DIRECTION('',(0.707106781186548,0.,0.707106781186548));
#3794=DIRECTION('center_axis',(-0.707106781186548,0.,0.707106781186548));
#3795=DIRECTION('ref_axis',(0.,-1.,0.));
#3796=DIRECTION('center_axis',(0.,-1.,0.));
#3797=DIRECTION('ref_axis',(0.707106781186548,0.,-0.707106781186547));
#3798=DIRECTION('',(0.707106781186548,0.,0.707106781186548));
#3799=DIRECTION('',(0.707106781186548,0.,0.707106781186548));
#3800=DIRECTION('center_axis',(0.707106781186548,0.,-0.707106781186548));
#3801=DIRECTION('ref_axis',(0.,1.,0.));
#3802=DIRECTION('',(0.707106781186548,0.,0.707106781186548));
#3803=DIRECTION('center_axis',(0.,1.,0.));
#3804=DIRECTION('ref_axis',(-0.707106781186548,0.,0.707106781186547));
#3805=DIRECTION('',(0.707106781186548,0.,0.707106781186548));
#3806=DIRECTION('center_axis',(-0.707106781186548,0.,0.707106781186548));
#3807=DIRECTION('ref_axis',(0.,-1.,0.));
#3808=DIRECTION('center_axis',(0.,-1.,0.));
#3809=DIRECTION('ref_axis',(0.707106781186548,0.,-0.707106781186547));
#3810=DIRECTION('',(0.707106781186548,0.,0.707106781186548));
#3811=DIRECTION('',(0.707106781186548,0.,0.707106781186548));
#3812=DIRECTION('center_axis',(0.707106781186548,0.,-0.707106781186548));
#3813=DIRECTION('ref_axis',(0.,1.,0.));
#3814=DIRECTION('',(0.707106781186548,0.,0.707106781186548));
#3815=DIRECTION('center_axis',(0.,1.,0.));
#3816=DIRECTION('ref_axis',(-0.707106781186548,0.,0.707106781186547));
#3817=DIRECTION('',(0.707106781186548,0.,0.707106781186548));
#3818=DIRECTION('center_axis',(-0.707106781186548,0.,0.707106781186548));
#3819=DIRECTION('ref_axis',(0.,-1.,0.));
#3820=DIRECTION('center_axis',(0.,-1.,0.));
#3821=DIRECTION('ref_axis',(0.707106781186548,0.,-0.707106781186547));
#3822=DIRECTION('',(0.707106781186548,0.,0.707106781186548));
#3823=DIRECTION('',(0.707106781186548,0.,0.707106781186548));
#3824=DIRECTION('center_axis',(0.707106781186548,0.,-0.707106781186548));
#3825=DIRECTION('ref_axis',(0.,1.,0.));
#3826=DIRECTION('',(0.707106781186548,0.,0.707106781186548));
#3827=DIRECTION('center_axis',(0.,1.,0.));
#3828=DIRECTION('ref_axis',(-0.707106781186548,0.,0.707106781186547));
#3829=DIRECTION('',(0.707106781186548,0.,0.707106781186548));
#3830=DIRECTION('center_axis',(-0.707106781186548,0.,0.707106781186548));
#3831=DIRECTION('ref_axis',(0.,-1.,0.));
#3832=DIRECTION('center_axis',(0.,-1.,0.));
#3833=DIRECTION('ref_axis',(0.707106781186548,0.,-0.707106781186547));
#3834=DIRECTION('',(0.707106781186548,0.,0.707106781186548));
#3835=DIRECTION('',(0.707106781186548,0.,0.707106781186548));
#3836=DIRECTION('center_axis',(0.707106781186548,0.,-0.707106781186548));
#3837=DIRECTION('ref_axis',(0.,1.,0.));
#3838=DIRECTION('',(0.707106781186548,0.,0.707106781186548));
#3839=DIRECTION('center_axis',(0.,1.,0.));
#3840=DIRECTION('ref_axis',(-0.707106781186548,0.,0.707106781186547));
#3841=DIRECTION('',(0.707106781186548,0.,0.707106781186548));
#3842=DIRECTION('center_axis',(-0.707106781186548,0.,0.707106781186548));
#3843=DIRECTION('ref_axis',(0.,-1.,0.));
#3844=DIRECTION('center_axis',(0.,-1.,0.));
#3845=DIRECTION('ref_axis',(0.707106781186548,0.,-0.707106781186547));
#3846=DIRECTION('',(0.707106781186548,0.,0.707106781186548));
#3847=DIRECTION('',(0.707106781186548,0.,0.707106781186548));
#3848=DIRECTION('center_axis',(0.707106781186548,0.,-0.707106781186548));
#3849=DIRECTION('ref_axis',(0.,1.,0.));
#3850=DIRECTION('',(0.707106781186548,0.,0.707106781186548));
#3851=DIRECTION('center_axis',(0.,1.,0.));
#3852=DIRECTION('ref_axis',(-0.707106781186548,0.,0.707106781186547));
#3853=DIRECTION('',(0.707106781186548,0.,0.707106781186548));
#3854=DIRECTION('center_axis',(-0.707106781186548,0.,0.707106781186548));
#3855=DIRECTION('ref_axis',(0.,-1.,0.));
#3856=DIRECTION('center_axis',(0.,-1.,0.));
#3857=DIRECTION('ref_axis',(0.707106781186548,0.,-0.707106781186547));
#3858=DIRECTION('',(0.707106781186548,0.,0.707106781186548));
#3859=DIRECTION('',(0.707106781186548,0.,0.707106781186548));
#3860=DIRECTION('center_axis',(0.707106781186548,0.,-0.707106781186548));
#3861=DIRECTION('ref_axis',(0.,1.,0.));
#3862=DIRECTION('',(0.707106781186548,0.,0.707106781186548));
#3863=DIRECTION('center_axis',(0.,1.,0.));
#3864=DIRECTION('ref_axis',(-0.707106781186548,0.,0.707106781186547));
#3865=DIRECTION('',(0.707106781186548,0.,0.707106781186548));
#3866=DIRECTION('center_axis',(-0.707106781186548,0.,0.707106781186548));
#3867=DIRECTION('ref_axis',(0.,-1.,0.));
#3868=DIRECTION('center_axis',(0.707106781186548,0.,0.707106781186548));
#3869=DIRECTION('ref_axis',(0.,1.,0.));
#3870=DIRECTION('',(-0.707106781186547,0.,-0.707106781186547));
#3871=DIRECTION('center_axis',(0.,-1.,0.));
#3872=DIRECTION('ref_axis',(0.707106781186548,0.,-0.707106781186547));
#3873=DIRECTION('',(0.707106781186548,0.,0.707106781186548));
#3874=DIRECTION('',(0.707106781186548,0.,0.707106781186548));
#3875=DIRECTION('center_axis',(0.707106781186548,0.,-0.707106781186548));
#3876=DIRECTION('ref_axis',(0.,1.,0.));
#3877=DIRECTION('',(0.707106781186548,0.,0.707106781186548));
#3878=DIRECTION('center_axis',(0.,1.,0.));
#3879=DIRECTION('ref_axis',(-0.707106781186548,0.,0.707106781186547));
#3880=DIRECTION('',(0.707106781186548,0.,0.707106781186548));
#3881=DIRECTION('center_axis',(-0.707106781186548,0.,0.707106781186548));
#3882=DIRECTION('ref_axis',(0.,-1.,0.));
#3883=DIRECTION('center_axis',(0.,-1.,0.));
#3884=DIRECTION('ref_axis',(0.707106781186548,0.,-0.707106781186547));
#3885=DIRECTION('',(0.707106781186548,0.,0.707106781186548));
#3886=DIRECTION('',(0.707106781186548,0.,0.707106781186548));
#3887=DIRECTION('center_axis',(0.707106781186548,0.,-0.707106781186548));
#3888=DIRECTION('ref_axis',(0.,1.,0.));
#3889=DIRECTION('',(0.707106781186548,0.,0.707106781186548));
#3890=DIRECTION('center_axis',(0.,1.,0.));
#3891=DIRECTION('ref_axis',(-0.707106781186548,0.,0.707106781186547));
#3892=DIRECTION('',(0.707106781186548,0.,0.707106781186548));
#3893=DIRECTION('center_axis',(-0.707106781186548,0.,0.707106781186548));
#3894=DIRECTION('ref_axis',(0.,-1.,0.));
#3895=DIRECTION('center_axis',(0.,-1.,0.));
#3896=DIRECTION('ref_axis',(0.707106781186548,0.,-0.707106781186547));
#3897=DIRECTION('',(0.707106781186548,0.,0.707106781186548));
#3898=DIRECTION('',(0.707106781186548,0.,0.707106781186548));
#3899=DIRECTION('center_axis',(0.707106781186548,0.,-0.707106781186548));
#3900=DIRECTION('ref_axis',(0.,1.,0.));
#3901=DIRECTION('',(0.707106781186548,0.,0.707106781186548));
#3902=DIRECTION('center_axis',(0.,1.,0.));
#3903=DIRECTION('ref_axis',(-0.707106781186548,0.,0.707106781186547));
#3904=DIRECTION('',(0.707106781186548,0.,0.707106781186548));
#3905=DIRECTION('center_axis',(-0.707106781186548,0.,0.707106781186548));
#3906=DIRECTION('ref_axis',(0.,-1.,0.));
#3907=DIRECTION('center_axis',(0.707106781186548,0.,0.707106781186548));
#3908=DIRECTION('ref_axis',(0.,1.,0.));
#3909=DIRECTION('',(-0.707106781186548,0.,-0.707106781186548));
#3910=DIRECTION('center_axis',(0.,-1.,0.));
#3911=DIRECTION('ref_axis',(0.707106781186548,0.,-0.707106781186547));
#3912=DIRECTION('',(0.707106781186548,0.,0.707106781186548));
#3913=DIRECTION('',(0.707106781186548,0.,0.707106781186548));
#3914=DIRECTION('center_axis',(0.707106781186548,0.,-0.707106781186548));
#3915=DIRECTION('ref_axis',(0.,1.,0.));
#3916=DIRECTION('',(0.707106781186548,0.,0.707106781186548));
#3917=DIRECTION('center_axis',(0.,1.,0.));
#3918=DIRECTION('ref_axis',(-0.707106781186548,0.,0.707106781186547));
#3919=DIRECTION('',(0.707106781186548,0.,0.707106781186548));
#3920=DIRECTION('center_axis',(-0.707106781186548,0.,0.707106781186548));
#3921=DIRECTION('ref_axis',(0.,-1.,0.));
#3922=DIRECTION('center_axis',(0.,-1.,0.));
#3923=DIRECTION('ref_axis',(0.707106781186548,0.,-0.707106781186547));
#3924=DIRECTION('',(0.707106781186548,0.,0.707106781186548));
#3925=DIRECTION('',(0.707106781186548,0.,0.707106781186548));
#3926=DIRECTION('center_axis',(0.707106781186548,0.,-0.707106781186548));
#3927=DIRECTION('ref_axis',(0.,1.,0.));
#3928=DIRECTION('',(0.707106781186548,0.,0.707106781186548));
#3929=DIRECTION('center_axis',(0.,1.,0.));
#3930=DIRECTION('ref_axis',(-0.707106781186548,0.,0.707106781186547));
#3931=DIRECTION('',(0.707106781186548,0.,0.707106781186548));
#3932=DIRECTION('center_axis',(-0.707106781186548,0.,0.707106781186548));
#3933=DIRECTION('ref_axis',(0.,-1.,0.));
#3934=DIRECTION('center_axis',(0.707106781186548,0.,0.707106781186548));
#3935=DIRECTION('ref_axis',(0.,1.,0.));
#3936=DIRECTION('',(-0.707106781186547,0.,-0.707106781186547));
#3937=DIRECTION('center_axis',(0.707106781186548,0.,0.707106781186548));
#3938=DIRECTION('ref_axis',(0.,1.,0.));
#3939=DIRECTION('',(-0.707106781186547,0.,-0.707106781186547));
#3940=DIRECTION('center_axis',(0.,-1.,0.));
#3941=DIRECTION('ref_axis',(-0.707106781186548,0.,0.707106781186547));
#3942=DIRECTION('',(1.,0.,0.));
#3943=DIRECTION('',(-0.707106781186548,0.,-0.707106781186547));
#3944=DIRECTION('',(-0.707106781186548,0.,-0.707106781186547));
#3945=DIRECTION('',(0.707106781186548,0.,-0.707106781186547));
#3946=DIRECTION('',(-0.707106781186548,0.,-0.707106781186547));
#3947=DIRECTION('center_axis',(-0.707106781186548,0.,-0.707106781186547));
#3948=DIRECTION('ref_axis',(-5.23364152894592E-16,-1.,5.23364152894592E-16));
#3949=DIRECTION('center_axis',(-0.707106781186548,0.,-0.707106781186547));
#3950=DIRECTION('ref_axis',(-5.23364152894592E-16,-1.,5.23364152894592E-16));
#3951=DIRECTION('center_axis',(0.707106781186547,0.,0.707106781186548));
#3952=DIRECTION('ref_axis',(-5.23364152894592E-16,-1.,5.23364152894592E-16));
#3953=DIRECTION('center_axis',(-0.707106781186547,-6.66133814775094E-17,
0.707106781186548));
#3954=DIRECTION('ref_axis',(-4.41719345043036E-17,1.,5.00336130167229E-17));
#3955=DIRECTION('',(4.71027737605133E-17,-1.,-4.71027737605132E-17));
#3956=DIRECTION('',(-0.707106781186548,0.,-0.707106781186547));
#3957=DIRECTION('center_axis',(-0.707106781186548,0.,-0.707106781186547));
#3958=DIRECTION('ref_axis',(0.707106781186547,0.,-0.707106781186548));
#3959=DIRECTION('center_axis',(-0.707106781186547,0.,-0.707106781186548));
#3960=DIRECTION('ref_axis',(0.707106781186547,0.,-0.707106781186548));
#3961=DIRECTION('',(-0.707106781186548,0.,-0.707106781186547));
#3962=DIRECTION('center_axis',(-6.2803698347351E-17,1.,6.2803698347351E-17));
#3963=DIRECTION('ref_axis',(0.707106781186548,8.88178419700125E-17,-0.707106781186547));
#3964=DIRECTION('',(-0.707106781186548,-8.88178419700125E-17,0.707106781186547));
#3965=DIRECTION('',(-0.707106781186548,0.,-0.707106781186547));
#3966=DIRECTION('center_axis',(-0.707106781186548,0.,-0.707106781186547));
#3967=DIRECTION('ref_axis',(-1.57009245868377E-15,-1.,1.57009245868377E-15));
#3968=DIRECTION('center_axis',(-0.707106781186547,0.,-0.707106781186548));
#3969=DIRECTION('ref_axis',(-1.57009245868377E-15,-1.,1.57009245868377E-15));
#3970=DIRECTION('',(-0.707106781186548,0.,-0.707106781186547));
#3971=DIRECTION('center_axis',(0.707106781186547,1.77635683940025E-16,-0.707106781186548));
#3972=DIRECTION('ref_axis',(1.60149430785745E-16,-1.,-9.10653626036589E-17));
#3973=DIRECTION('',(-1.25607396694702E-16,1.,1.25607396694702E-16));
#3974=DIRECTION('',(-0.707106781186548,0.,-0.707106781186547));
#3975=DIRECTION('center_axis',(-0.707106781186548,0.,-0.707106781186547));
#3976=DIRECTION('ref_axis',(-0.707106781186547,1.11022302462515E-15,0.707106781186548));
#3977=DIRECTION('center_axis',(-0.707106781186547,0.,-0.707106781186548));
#3978=DIRECTION('ref_axis',(-0.707106781186547,1.11022302462515E-15,0.707106781186548));
#3979=DIRECTION('',(-0.707106781186548,0.,-0.707106781186547));
#3980=DIRECTION('center_axis',(-1.25607396694702E-16,-1.,1.25607396694702E-16));
#3981=DIRECTION('ref_axis',(-0.707106781186548,1.77635683940025E-16,0.707106781186547));
#3982=DIRECTION('',(0.707106781186548,-1.77635683940025E-16,-0.707106781186547));
#3983=DIRECTION('',(-0.707106781186548,0.,-0.707106781186547));
#3984=DIRECTION('center_axis',(-0.707106781186548,0.,-0.707106781186547));
#3985=DIRECTION('ref_axis',(-5.88784672006416E-16,1.,5.88784672006417E-16));
#3986=DIRECTION('center_axis',(-0.707106781186547,0.,-0.707106781186548));
#3987=DIRECTION('ref_axis',(-5.88784672006416E-16,1.,5.88784672006417E-16));
#3988=DIRECTION('',(-0.707106781186548,0.,-0.707106781186547));
#3989=DIRECTION('center_axis',(-0.707106781186547,-6.66133814775094E-17,
0.707106781186548));
#3990=DIRECTION('ref_axis',(-4.41719345043036E-17,1.,5.00336130167229E-17));
#3991=DIRECTION('',(4.71027737605133E-17,-1.,-4.71027737605132E-17));
#3992=DIRECTION('',(-0.707106781186548,0.,-0.707106781186547));
#3993=DIRECTION('center_axis',(-1.77330042776005E-15,1.,1.77330042776005E-15));
#3994=DIRECTION('ref_axis',(0.707106781186548,2.50782551510028E-15,-0.707106781186547));
#3995=DIRECTION('',(-0.707106781186548,-2.50782551510028E-15,0.707106781186547));
#3996=DIRECTION('',(-0.707106781186548,0.,-0.707106781186547));
#3997=DIRECTION('center_axis',(-0.707106781186548,0.,-0.707106781186547));
#3998=DIRECTION('ref_axis',(-0.707106781186547,-7.40148683083439E-16,0.707106781186548));
#3999=DIRECTION('center_axis',(0.707106781186547,0.,0.707106781186548));
#4000=DIRECTION('ref_axis',(-0.707106781186547,-7.40148683083439E-16,0.707106781186548));
#4001=DIRECTION('center_axis',(0.707106781186547,0.,0.707106781186548));
#4002=DIRECTION('ref_axis',(0.,1.,0.));
#4003=DIRECTION('',(0.707106781186548,0.,-0.707106781186547));
#4004=DIRECTION('center_axis',(1.,0.,0.));
#4005=DIRECTION('ref_axis',(0.,0.707106781186547,0.707106781186547));
#4006=DIRECTION('center_axis',(1.,0.,0.));
#4007=DIRECTION('ref_axis',(0.,0.647414362984564,-0.762138204396874));
#4008=DIRECTION('',(1.,0.,0.));
#4009=DIRECTION('center_axis',(1.,0.,0.));
#4010=DIRECTION('ref_axis',(0.,-0.647414362984563,-0.762138204396875));
#4011=DIRECTION('center_axis',(1.,0.,0.));
#4012=DIRECTION('ref_axis',(0.,-0.647414362984563,-0.762138204396875));
#4013=DIRECTION('center_axis',(-1.,0.,0.));
#4014=DIRECTION('ref_axis',(0.,-0.707106781186547,0.707106781186547));
#4015=DIRECTION('',(-1.,0.,0.));
#4016=DIRECTION('center_axis',(0.,0.,1.));
#4017=DIRECTION('ref_axis',(1.,0.,0.));
#4018=DIRECTION('center_axis',(0.,1.,0.));
#4019=DIRECTION('ref_axis',(0.707106781186548,0.,-0.707106781186547));
#4020=DIRECTION('center_axis',(6.2803698347351E-17,-1.,-6.2803698347351E-17));
#4021=DIRECTION('ref_axis',(-0.707106781186548,-8.88178419700125E-17,0.707106781186547));
#4022=DIRECTION('',(-0.707106781186547,0.,-0.707106781186548));
#4023=DIRECTION('',(-0.707106781186547,0.,-0.707106781186548));
#4024=DIRECTION('center_axis',(-0.707106781186547,0.,-0.707106781186548));
#4025=DIRECTION('ref_axis',(-3.14018491736755E-16,-1.,3.14018491736755E-16));
#4026=DIRECTION('center_axis',(-0.707106781186547,0.,-0.707106781186548));
#4027=DIRECTION('ref_axis',(0.707106781186548,0.,-0.707106781186547));
#4028=DIRECTION('',(-0.707106781186547,0.,-0.707106781186548));
#4029=DIRECTION('center_axis',(6.2803698347351E-17,1.,-6.2803698347351E-17));
#4030=DIRECTION('ref_axis',(0.707106781186548,-8.88178419700125E-17,-0.707106781186547));
#4031=DIRECTION('',(-0.707106781186547,0.,-0.707106781186548));
#4032=DIRECTION('center_axis',(-0.707106781186547,0.,-0.707106781186548));
#4033=DIRECTION('ref_axis',(-1.25607396694702E-15,1.,1.25607396694702E-15));
#4034=DIRECTION('',(-0.707106781186547,0.,-0.707106781186548));
#4035=DIRECTION('center_axis',(-0.707106781186548,0.,0.707106781186547));
#4036=DIRECTION('ref_axis',(0.,1.,0.));
#4037=DIRECTION('',(-0.707106781186547,0.,-0.707106781186548));
#4038=DIRECTION('center_axis',(-0.707106781186547,0.,-0.707106781186548));
#4039=DIRECTION('ref_axis',(-0.707106781186548,-8.88178419700125E-16,0.707106781186547));
#4040=DIRECTION('center_axis',(0.707106781186548,0.,0.707106781186547));
#4041=DIRECTION('ref_axis',(0.,-1.,0.));
#4042=DIRECTION('center_axis',(0.707106781186547,2.44249065417534E-16,0.707106781186548));
#4043=DIRECTION('ref_axis',(0.,-1.,0.));
#4044=DIRECTION('',(0.707106781186548,0.,0.707106781186547));
#4045=DIRECTION('center_axis',(-0.707106781186547,-2.44249065417534E-16,
-0.707106781186548));
#4046=DIRECTION('ref_axis',(0.,-1.,0.));
#4047=DIRECTION('center_axis',(0.707106781186548,0.,0.707106781186547));
#4048=DIRECTION('ref_axis',(0.,-1.,0.));
#4049=DIRECTION('center_axis',(0.707106781186547,2.44249065417534E-16,0.707106781186548));
#4050=DIRECTION('ref_axis',(0.,-1.,0.));
#4051=DIRECTION('',(0.707106781186548,0.,0.707106781186547));
#4052=DIRECTION('center_axis',(-0.707106781186547,-2.44249065417534E-16,
-0.707106781186548));
#4053=DIRECTION('ref_axis',(0.,-1.,0.));
#4054=DIRECTION('center_axis',(-0.707106781186547,0.,-0.707106781186548));
#4055=DIRECTION('ref_axis',(-4.48597845338221E-16,-1.,4.4859784533822E-16));
#4056=DIRECTION('center_axis',(-0.707106781186547,-9.24074496478561E-16,
-0.707106781186548));
#4057=DIRECTION('ref_axis',(2.04821497443314E-16,-1.,1.10201718811976E-15));
#4058=DIRECTION('',(-0.707106781186547,0.,-0.707106781186548));
#4059=DIRECTION('center_axis',(0.707106781186547,9.24074496478561E-16,0.707106781186548));
#4060=DIRECTION('ref_axis',(2.04821497443314E-16,-1.,1.10201718811976E-15));
#4061=DIRECTION('',(-0.707106781186547,0.,-0.707106781186548));
#4062=DIRECTION('center_axis',(0.707106781186548,-2.82975097624816E-8,-0.707106781186546));
#4063=DIRECTION('ref_axis',(-2.0009361101388E-8,-1.,2.00093609860985E-8));
#4064=DIRECTION('',(2.0009361101388E-8,1.,-2.00093609860985E-8));
#4065=DIRECTION('',(-2.0009361101388E-8,-1.,2.00093609860985E-8));
#4066=DIRECTION('',(-0.707106781186547,0.,-0.707106781186548));
#4067=DIRECTION('center_axis',(-0.707106781186547,0.,-0.707106781186548));
#4068=DIRECTION('ref_axis',(-0.707106781186548,-6.34413156928661E-16,0.707106781186547));
#4069=DIRECTION('center_axis',(-0.707106781186547,0.,-0.707106781186548));
#4070=DIRECTION('ref_axis',(-0.707106781186548,-6.34413156928661E-16,0.707106781186547));
#4071=DIRECTION('center_axis',(0.707106781186547,0.,0.707106781186548));
#4072=DIRECTION('ref_axis',(-0.707106781186548,-6.34413156928661E-16,0.707106781186547));
#4073=DIRECTION('',(-0.707106781186547,0.,-0.707106781186548));
#4074=DIRECTION('center_axis',(1.77330042776006E-15,-1.,-1.77330042776005E-15));
#4075=DIRECTION('ref_axis',(-0.707106781186548,-2.50782551510028E-15,0.707106781186547));
#4076=DIRECTION('',(-0.707106781186548,-2.50782551510028E-15,0.707106781186547));
#4077=DIRECTION('',(-0.707106781186548,-2.50782551510028E-15,0.707106781186547));
#4078=DIRECTION('',(-0.707106781186547,0.,-0.707106781186548));
#4079=DIRECTION('center_axis',(0.707106781186548,8.88178419700125E-17,-0.707106781186547));
#4080=DIRECTION('ref_axis',(6.48971549589294E-17,-1.,-6.07102417357726E-17));
#4081=DIRECTION('',(-6.48971549589294E-17,1.,6.07102417357726E-17));
#4082=DIRECTION('',(6.48971549589294E-17,-1.,-6.07102417357726E-17));
#4083=DIRECTION('',(-0.707106781186547,0.,-0.707106781186548));
#4084=DIRECTION('center_axis',(-0.707106781186547,0.,-0.707106781186548));
#4085=DIRECTION('ref_axis',(-7.8504622934189E-16,1.,7.85046229341888E-16));
#4086=DIRECTION('center_axis',(-0.707106781186547,1.23358113847238E-17,
-0.707106781186548));
#4087=DIRECTION('ref_axis',(-7.76323493460313E-16,1.,7.93768965223465E-16));
#4088=DIRECTION('center_axis',(-0.707106781186547,1.23358113847238E-17,
-0.707106781186548));
#4089=DIRECTION('ref_axis',(-7.76323493460313E-16,1.,7.93768965223466E-16));
#4090=DIRECTION('',(-0.707106781186547,0.,-0.707106781186548));
#4091=DIRECTION('center_axis',(1.88411095042053E-16,1.,-1.88411095042053E-16));
#4092=DIRECTION('ref_axis',(0.707106781186548,-2.66453525910037E-16,-0.707106781186547));
#4093=DIRECTION('',(-0.707106781186548,2.66453525910037E-16,0.707106781186547));
#4094=DIRECTION('',(0.707106781186548,-2.66453525910037E-16,-0.707106781186547));
#4095=DIRECTION('',(-0.707106781186547,0.,-0.707106781186548));
#4096=DIRECTION('center_axis',(-0.707106781186547,0.,-0.707106781186548));
#4097=DIRECTION('ref_axis',(-0.707106781186548,1.48029736616687E-15,0.707106781186547));
#4098=DIRECTION('center_axis',(-0.707106781186547,-6.57384087684167E-31,
-0.707106781186548));
#4099=DIRECTION('ref_axis',(-0.707106781186548,1.48029736616687E-15,0.707106781186547));
#4100=DIRECTION('center_axis',(-0.707106781186547,-6.57384087684167E-31,
-0.707106781186548));
#4101=DIRECTION('ref_axis',(-0.707106781186548,1.48029736616687E-15,0.707106781186547));
#4102=DIRECTION('',(-0.707106781186547,0.,-0.707106781186548));
#4103=DIRECTION('center_axis',(-0.707106781186548,-1.77635683940025E-16,
0.707106781186547));
#4104=DIRECTION('ref_axis',(-1.60149430785745E-16,1.,9.10653626036589E-17));
#4105=DIRECTION('',(1.60149430785745E-16,-1.,-9.10653626036589E-17));
#4106=DIRECTION('',(-1.60149430785745E-16,1.,9.10653626036589E-17));
#4107=DIRECTION('',(-0.707106781186547,0.,-0.707106781186548));
#4108=DIRECTION('center_axis',(-0.707106781186547,0.,-0.707106781186548));
#4109=DIRECTION('ref_axis',(-2.09345661157837E-15,-1.,2.09345661157836E-15));
#4110=DIRECTION('center_axis',(-0.707106781186547,-2.44249065417534E-16,
-0.707106781186548));
#4111=DIRECTION('ref_axis',(-1.92074644112315E-15,-1.,2.26616678203358E-15));
#4112=DIRECTION('center_axis',(-0.707106781186547,-2.44249065417534E-16,
-0.707106781186548));
#4113=DIRECTION('ref_axis',(-1.92074644112315E-15,-1.,2.26616678203358E-15));
#4114=DIRECTION('',(-0.707106781186547,0.,-0.707106781186548));
#4115=DIRECTION('center_axis',(6.28036983473511E-17,-1.,-6.28036983473509E-17));
#4116=DIRECTION('ref_axis',(-0.707106781186548,-8.88178419700125E-17,0.707106781186547));
#4117=DIRECTION('',(0.707106781186548,8.88178419700125E-17,-0.707106781186547));
#4118=DIRECTION('',(-0.707106781186548,-8.88178419700125E-17,0.707106781186547));
#4119=DIRECTION('',(-0.707106781186547,0.,-0.707106781186548));
#4120=DIRECTION('center_axis',(-0.707106781186547,0.,-0.707106781186548));
#4121=DIRECTION('ref_axis',(0.707106781186548,0.,-0.707106781186547));
#4122=DIRECTION('center_axis',(-0.707106781186547,0.,-0.707106781186548));
#4123=DIRECTION('ref_axis',(0.707106781186548,0.,-0.707106781186547));
#4124=DIRECTION('center_axis',(-0.707106781186547,0.,-0.707106781186548));
#4125=DIRECTION('ref_axis',(0.707106781186548,0.,-0.707106781186547));
#4126=DIRECTION('',(-0.707106781186547,0.,-0.707106781186548));
#4127=DIRECTION('center_axis',(0.707106781186548,8.88178419700125E-17,-0.707106781186547));
#4128=DIRECTION('ref_axis',(6.48971549589294E-17,-1.,-6.07102417357726E-17));
#4129=DIRECTION('',(-6.48971549589294E-17,1.,6.07102417357726E-17));
#4130=DIRECTION('',(6.48971549589294E-17,-1.,-6.07102417357726E-17));
#4131=DIRECTION('',(-0.707106781186547,0.,-0.707106781186548));
#4132=DIRECTION('center_axis',(8.86649732064824E-16,1.,-8.86649732064821E-16));
#4133=DIRECTION('ref_axis',(0.707106781186548,-1.25391207616054E-15,-0.707106781186547));
#4134=DIRECTION('',(0.707106781186548,-1.25391207616054E-15,-0.707106781186547));
#4135=DIRECTION('',(0.707106781186548,-1.25391207616054E-15,-0.707106781186547));
#4136=DIRECTION('center_axis',(-0.707106781186547,-2.44249065417534E-16,
-0.707106781186548));
#4137=DIRECTION('ref_axis',(1.72710170455215E-16,-1.,1.72710170455215E-16));
#4138=DIRECTION('center_axis',(-0.707106781186547,-2.44249065417534E-16,
-0.707106781186548));
#4139=DIRECTION('ref_axis',(1.72710170455215E-16,-1.,1.72710170455215E-16));
#4140=CARTESIAN_POINT('',(0.,0.,0.));
#4141=CARTESIAN_POINT('Origin',(-45.,2.9802322276673E-8,5.));
#4142=CARTESIAN_POINT('',(-45.,2.00000002980232,2.));
#4143=CARTESIAN_POINT('',(-45.,2.9802322276673E-8,0.));
#4144=CARTESIAN_POINT('Origin',(-45.,2.9802322276673E-8,2.));
#4145=CARTESIAN_POINT('',(-50.,2.9802322276673E-8,5.));
#4146=CARTESIAN_POINT('Origin',(-45.,2.9802322276673E-8,5.));
#4147=CARTESIAN_POINT('',(-48.,2.00000002980232,5.));
#4148=CARTESIAN_POINT('Origin',(-48.,2.9802322276673E-8,5.));
#4149=CARTESIAN_POINT('Origin',(-45.,2.00000002980232,5.));
#4150=CARTESIAN_POINT('Origin',(-14.0168556211425,2.9802322276673E-8,2.));
#4151=CARTESIAN_POINT('',(27.5,2.00000002980232,2.));
#4152=CARTESIAN_POINT('',(27.5,2.9802322276673E-8,0.));
#4153=CARTESIAN_POINT('Origin',(27.5,2.9802322276673E-8,2.));
#4154=CARTESIAN_POINT('',(-14.0168556211425,2.9802322276673E-8,0.));
#4155=CARTESIAN_POINT('',(-14.0168556211425,2.00000002980232,2.));
#4156=CARTESIAN_POINT('Ctrl Pts',(27.5,2.00000002980232,2.));
#4157=CARTESIAN_POINT('Ctrl Pts',(27.8352022547896,2.00000002980232,2.));
#4158=CARTESIAN_POINT('Ctrl Pts',(27.9625258644942,2.00000002980232,2.31007942535396));
#4159=CARTESIAN_POINT('Ctrl Pts',(27.5,2.00000002980232,2.77555756156289E-16));
#4160=CARTESIAN_POINT('Ctrl Pts',(29.1760112739481,2.00000002980232,0.));
#4161=CARTESIAN_POINT('Ctrl Pts',(29.8126293224711,2.00000002980232,1.55039712676982));
#4162=CARTESIAN_POINT('Ctrl Pts',(27.5,2.9802322276673E-8,2.77555756156289E-16));
#4163=CARTESIAN_POINT('Ctrl Pts',(29.1760112739481,2.9802322276673E-8,0.));
#4164=CARTESIAN_POINT('Ctrl Pts',(29.8126293224711,2.9802322276673E-8,1.55039712676982));
#4165=CARTESIAN_POINT('',(27.9625258644942,2.00000002980232,2.31007942535396));
#4166=CARTESIAN_POINT('',(29.8126293224711,2.9802322276673E-8,1.55039712676982));
#4167=CARTESIAN_POINT('Origin',(27.9625258644942,2.9802322276673E-8,2.31007942535396));
#4168=CARTESIAN_POINT('Origin',(27.5,2.9802322276673E-8,2.5));
#4169=CARTESIAN_POINT('Origin',(27.5,2.00000002980232,2.5));
#4170=CARTESIAN_POINT('Ctrl Pts',(29.8126293224711,2.98023225216024E-8,
1.55039712676982));
#4171=CARTESIAN_POINT('Ctrl Pts',(29.8126293224711,2.98023225216024E-8,
1.55039712676982));
#4172=CARTESIAN_POINT('Ctrl Pts',(29.8126293224711,2.98023225216024E-8,
1.55039712676982));
#4173=CARTESIAN_POINT('Ctrl Pts',(29.8126293224711,2.98023225216024E-8,
1.55039712676982));
#4174=CARTESIAN_POINT('Ctrl Pts',(29.8126293224711,2.98023225216024E-8,
1.55039712676982));
#4175=CARTESIAN_POINT('Ctrl Pts',(29.8126293224711,2.98023225216024E-8,
1.55039712676982));
#4176=CARTESIAN_POINT('Ctrl Pts',(29.8126293224711,2.98023225216024E-8,
1.55039712676982));
#4177=CARTESIAN_POINT('Ctrl Pts',(29.8126293224711,2.00000002980232,1.55039712676982));
#4178=CARTESIAN_POINT('Ctrl Pts',(29.8126293224711,2.00000002980232,1.55039712676982));
#4179=CARTESIAN_POINT('Ctrl Pts',(29.8126293224711,2.00000002980232,1.55039712676982));
#4180=CARTESIAN_POINT('Ctrl Pts',(29.8126293224711,2.00000002980232,1.55039712676982));
#4181=CARTESIAN_POINT('Ctrl Pts',(29.8126293224711,2.00000002980232,1.55039712676982));
#4182=CARTESIAN_POINT('Ctrl Pts',(29.8126293224711,2.00000002980232,1.55039712676982));
#4183=CARTESIAN_POINT('Ctrl Pts',(29.8126293224711,2.00000002980232,1.55039712676982));
#4184=CARTESIAN_POINT('Ctrl Pts',(27.9625258644942,2.00000002980232,2.31007942535396));
#4185=CARTESIAN_POINT('Ctrl Pts',(28.4706926132785,2.00000002980232,3.54765079026131));
#4186=CARTESIAN_POINT('Ctrl Pts',(29.8085299757791,2.00000002980232,3.55039292560458));
#4187=CARTESIAN_POINT('Ctrl Pts',(31.1463673382796,2.00000002980232,3.55313506094784));
#4188=CARTESIAN_POINT('Ctrl Pts',(31.6596030407076,2.00000002980232,2.31765724181793));
#4189=CARTESIAN_POINT('Ctrl Pts',(32.1728387431355,2.00000002980232,1.08217942268803));
#4190=CARTESIAN_POINT('Ctrl Pts',(31.2268428848442,2.00000002980232,0.13618356439671));
#4191=CARTESIAN_POINT('',(30.8476911865239,1.92678179723777,0.515335262717013));
#4192=CARTESIAN_POINT('Origin',(31.2268428848442,2.9802322276673E-8,0.136183564396722));
#4193=CARTESIAN_POINT('',(30.5140627101016,2.00000002980232,3.42336034122896));
#4194=CARTESIAN_POINT('Origin',(29.8126293224711,2.00000002980232,1.55039712676982));
#4195=CARTESIAN_POINT('Ctrl Pts',(30.5140627101016,2.00000002980232,3.42336034122896));
#4196=CARTESIAN_POINT('Ctrl Pts',(30.7136480176835,2.00000002980232,3.20461349922071));
#4197=CARTESIAN_POINT('Ctrl Pts',(30.8722359162706,1.98568781871482,2.95288475594136));
#4198=CARTESIAN_POINT('Ctrl Pts',(31.0969612429039,1.94345827089113,2.3998970716738));
#4199=CARTESIAN_POINT('Ctrl Pts',(31.1590189020825,1.91595665715777,2.10211165748358));
#4200=CARTESIAN_POINT('Ctrl Pts',(31.1729814298081,1.88690093362973,1.53822434265935));
#4201=CARTESIAN_POINT('Ctrl Pts',(31.138503884604,1.88401534394232,1.27799408729718));
#4202=CARTESIAN_POINT('Ctrl Pts',(31.0107340517349,1.90043392047702,0.84798009767893));
#4203=CARTESIAN_POINT('Ctrl Pts',(30.9381767961033,1.91284241044594,0.676658366731301));
#4204=CARTESIAN_POINT('Ctrl Pts',(30.8476911865239,1.92678179723777,0.515335262717014));
#4205=CARTESIAN_POINT('Origin',(-45.,0.,5.));
#4206=CARTESIAN_POINT('',(-50.,8.00000002980232,5.));
#4207=CARTESIAN_POINT('',(-50.,0.,5.));
#4208=CARTESIAN_POINT('',(-45.,-30.,0.));
#4209=CARTESIAN_POINT('',(-45.,0.,0.));
#4210=CARTESIAN_POINT('',(-45.,-30.,10.));
#4211=CARTESIAN_POINT('Origin',(-45.,-30.,5.));
#4212=CARTESIAN_POINT('',(-45.,40.,10.));
#4213=CARTESIAN_POINT('',(-45.,0.,10.));
#4214=CARTESIAN_POINT('',(-45.,40.,0.));
#4215=CARTESIAN_POINT('Origin',(-45.,40.,5.));
#4216=CARTESIAN_POINT('',(-45.,8.00000002980232,0.));
#4217=CARTESIAN_POINT('',(-45.,0.,0.));
#4218=CARTESIAN_POINT('Origin',(-45.,8.00000002980232,5.));
#4219=CARTESIAN_POINT('Origin',(30.,0.,0.));
#4220=CARTESIAN_POINT('',(27.5,-30.,0.));
#4221=CARTESIAN_POINT('',(27.5,0.,0.));
#4222=CARTESIAN_POINT('',(10.,-30.,0.));
#4223=CARTESIAN_POINT('Origin',(27.5,0.,2.5));
#4224=CARTESIAN_POINT('',(29.8126293224711,-30.,1.55039712676982));
#4225=CARTESIAN_POINT('',(29.8126293224711,0.,1.55039712676982));
#4226=CARTESIAN_POINT('Origin',(27.5,-30.,2.5));
#4227=CARTESIAN_POINT('Origin',(-11.5126625488954,5.04390697211964,42.8756889981362));
#4228=CARTESIAN_POINT('',(30.8476911865239,-2.22868906008047E-15,0.515335262717014));
#4229=CARTESIAN_POINT('',(30.8476911865239,31.7719534860598,0.515335262717013));
#4230=CARTESIAN_POINT('',(30.9137443222975,-2.37375948005856,0.4492821269434));
#4231=CARTESIAN_POINT('Ctrl Pts',(30.9137443222975,-2.37375948005857,0.449282126943419));
#4232=CARTESIAN_POINT('Ctrl Pts',(30.9137443222975,-2.14299803637973,0.449282126943419));
#4233=CARTESIAN_POINT('Ctrl Pts',(30.9059974179414,-1.86630111528089,0.457029031299495));
#4234=CARTESIAN_POINT('Ctrl Pts',(30.8775339043312,-1.1247304707918,0.485492544909703));
#4235=CARTESIAN_POINT('Ctrl Pts',(30.8476911865239,-0.511900904890174,0.515335262717019));
#4236=CARTESIAN_POINT('Ctrl Pts',(30.8476911865239,2.77555756156289E-15,
0.515335262717019));
#4237=CARTESIAN_POINT('',(30.9137443222975,-44.9560930278804,0.4492821269434));
#4238=CARTESIAN_POINT('',(30.9137443222975,-44.9560930278804,0.449282126943399));
#4239=CARTESIAN_POINT('',(23.842676510432,-54.9560930278804,7.52034993880887));
#4240=CARTESIAN_POINT('Origin',(23.842676510432,-44.9560930278804,7.52034993880887));
#4241=CARTESIAN_POINT('',(-46.8680016082228,-54.9560930278804,78.2310280574636));
#4242=CARTESIAN_POINT('',(-46.8680016082228,-54.9560930278804,78.2310280574636));
#4243=CARTESIAN_POINT('',(-53.9390694200883,-44.9560930278804,85.3020958693291));
#4244=CARTESIAN_POINT('Origin',(-46.8680016082228,-44.9560930278804,78.2310280574636));
#4245=CARTESIAN_POINT('',(-53.9390694200883,55.0439069721196,85.3020958693291));
#4246=CARTESIAN_POINT('',(-53.9390694200883,55.0439069721196,85.3020958693291));
#4247=CARTESIAN_POINT('',(-46.8680016082228,65.0439069721197,78.2310280574636));
#4248=CARTESIAN_POINT('Origin',(-46.8680016082228,55.0439069721196,78.2310280574636));
#4249=CARTESIAN_POINT('',(23.842676510432,65.0439069721196,7.52034993880887));
#4250=CARTESIAN_POINT('',(23.842676510432,65.0439069721196,7.52034993880887));
#4251=CARTESIAN_POINT('',(30.9137443222975,55.0439069721196,0.449282126943406));
#4252=CARTESIAN_POINT('Origin',(23.842676510432,55.0439069721196,7.52034993880887));
#4253=CARTESIAN_POINT('',(30.9137443222975,10.8737594800586,0.449282126943403));
#4254=CARTESIAN_POINT('',(30.9137443222975,-44.9560930278804,0.449282126943399));
#4255=CARTESIAN_POINT('',(30.8476911865239,8.5,0.515335262717022));
#4256=CARTESIAN_POINT('Ctrl Pts',(30.8476911865239,8.5,0.51533526271702));
#4257=CARTESIAN_POINT('Ctrl Pts',(30.8476911865239,9.01190090489018,0.51533526271702));
#4258=CARTESIAN_POINT('Ctrl Pts',(30.8775339043312,9.62473047079181,0.485492544909709));
#4259=CARTESIAN_POINT('Ctrl Pts',(30.9059974179414,10.3663011152809,0.457029031299502));
#4260=CARTESIAN_POINT('Ctrl Pts',(30.9137443222975,10.6429980363797,0.449282126943421));
#4261=CARTESIAN_POINT('Ctrl Pts',(30.9137443222975,10.8737594800586,0.449282126943421));
#4262=CARTESIAN_POINT('',(30.8476911865239,6.07321826236687,0.515335262717013));
#4263=CARTESIAN_POINT('',(30.8476911865239,31.7719534860598,0.515335262717013));
#4264=CARTESIAN_POINT('',(29.8126293224711,8.00000002980232,1.55039712676982));
#4265=CARTESIAN_POINT('Origin',(31.2268428848442,8.00000002980232,0.136183564396722));
#4266=CARTESIAN_POINT('',(29.8126293224711,40.,1.55039712676982));
#4267=CARTESIAN_POINT('',(29.8126293224711,0.,1.55039712676982));
#4268=CARTESIAN_POINT('',(27.5,44.8690133646227,3.86302644924089));
#4269=CARTESIAN_POINT('Ctrl Pts',(27.5,44.8690133646227,3.86302644924088));
#4270=CARTESIAN_POINT('Ctrl Pts',(27.6081019738763,44.8437702453544,3.75492447536461));
#4271=CARTESIAN_POINT('Ctrl Pts',(27.7134526118929,44.8077877354136,3.64957383734795));
#4272=CARTESIAN_POINT('Ctrl Pts',(28.0737554935072,44.6514259475249,3.28927095573372));
#4273=CARTESIAN_POINT('Ctrl Pts',(28.3677377902043,44.4347544685905,2.99528865903657));
#4274=CARTESIAN_POINT('Ctrl Pts',(28.8475350808712,43.9181805933512,2.51549136836972));
#4275=CARTESIAN_POINT('Ctrl Pts',(29.106354062698,43.5016148658425,2.25667238654285));
#4276=CARTESIAN_POINT('Ctrl Pts',(29.3878545127929,42.8479992460106,1.975171936448));
#4277=CARTESIAN_POINT('Ctrl Pts',(29.4962992744036,42.5180580482525,1.86672717483729));
#4278=CARTESIAN_POINT('Ctrl Pts',(29.6513864701995,41.8961917819206,1.71163997904135));
#4279=CARTESIAN_POINT('Ctrl Pts',(29.7161095304192,41.5169868557525,1.64691691882173));
#4280=CARTESIAN_POINT('Ctrl Pts',(29.7961810281592,40.7468800264953,1.56684542108168));
#4281=CARTESIAN_POINT('Ctrl Pts',(29.8126293224711,40.3562076400996,1.55039712676982));
#4282=CARTESIAN_POINT('Ctrl Pts',(29.8126293224711,40.,1.55039712676982));
#4283=CARTESIAN_POINT('',(26.6234901918779,44.9932112551715,4.73953625736297));
#4284=CARTESIAN_POINT('Origin',(26.3630264492409,40.,5.));
#4285=CARTESIAN_POINT('',(26.9952218289723,45.0162863618868,4.36780462026856));
#4286=CARTESIAN_POINT('Origin',(26.9952218289723,39.0162863618868,4.36780462026857));
#4287=CARTESIAN_POINT('',(29.4995307599244,45.0162863618868,1.86349568931649));
#4288=CARTESIAN_POINT('',(29.4995307599244,45.0162863618868,1.86349568931649));
#4289=CARTESIAN_POINT('',(29.4995307599244,55.0439069721196,1.8634956893165));
#4290=CARTESIAN_POINT('',(29.4995307599244,-44.9560930278804,1.86349568931649));
#4291=CARTESIAN_POINT('',(23.842676510432,63.0439069721196,7.52034993880887));
#4292=CARTESIAN_POINT('Origin',(23.842676510432,55.0439069721196,7.52034993880887));
#4293=CARTESIAN_POINT('',(-46.8680016082228,63.0439069721196,78.2310280574636));
#4294=CARTESIAN_POINT('',(23.842676510432,63.0439069721196,7.52034993880887));
#4295=CARTESIAN_POINT('',(-52.5248558577152,55.0439069721196,83.887882306956));
#4296=CARTESIAN_POINT('Origin',(-46.8680016082228,55.0439069721196,78.2310280574636));
#4297=CARTESIAN_POINT('',(-52.5248558577152,-44.9560930278804,83.887882306956));
#4298=CARTESIAN_POINT('',(-52.5248558577152,55.0439069721196,83.887882306956));
#4299=CARTESIAN_POINT('',(-46.8680016082228,-52.9560930278804,78.2310280574636));
#4300=CARTESIAN_POINT('Origin',(-46.8680016082228,-44.9560930278804,78.2310280574636));
#4301=CARTESIAN_POINT('',(23.842676510432,-52.9560930278804,7.52034993880888));
#4302=CARTESIAN_POINT('',(-46.8680016082228,-52.9560930278804,78.2310280574636));
#4303=CARTESIAN_POINT('',(29.4995307599244,-44.9560930278804,1.86349568931649));
#4304=CARTESIAN_POINT('Origin',(23.842676510432,-44.9560930278804,7.52034993880887));
#4305=CARTESIAN_POINT('',(29.4995307599244,-34.9953147098246,1.86349568931649));
#4306=CARTESIAN_POINT('',(29.4995307599244,-44.9560930278804,1.86349568931649));
#4307=CARTESIAN_POINT('',(26.9952204681033,-34.9953147098246,4.36780598113754));
#4308=CARTESIAN_POINT('',(29.4995307599244,-34.9953147098246,1.86349568931649));
#4309=CARTESIAN_POINT('',(26.7482365171298,-34.9851392361294,4.61478993211106));
#4310=CARTESIAN_POINT('Origin',(26.9952204681033,-28.9953147098246,4.36780598113753));
#4311=CARTESIAN_POINT('',(27.5,-34.8690133646227,3.86302644924089));
#4312=CARTESIAN_POINT('Origin',(26.3630264492409,-30.,5.));
#4313=CARTESIAN_POINT('Ctrl Pts',(29.8126293224711,-30.,1.55039712676982));
#4314=CARTESIAN_POINT('Ctrl Pts',(29.8126293224711,-30.3562076400996,1.55039712676982));
#4315=CARTESIAN_POINT('Ctrl Pts',(29.7961810281592,-30.7468800264953,1.56684542108168));
#4316=CARTESIAN_POINT('Ctrl Pts',(29.7161095304192,-31.5169868557525,1.64691691882173));
#4317=CARTESIAN_POINT('Ctrl Pts',(29.6513864701995,-31.8961917819206,1.71163997904135));
#4318=CARTESIAN_POINT('Ctrl Pts',(29.4962992744036,-32.5180580482525,1.86672717483729));
#4319=CARTESIAN_POINT('Ctrl Pts',(29.3878545127929,-32.8479992460106,1.975171936448));
#4320=CARTESIAN_POINT('Ctrl Pts',(29.106354062698,-33.5016148658425,2.25667238654285));
#4321=CARTESIAN_POINT('Ctrl Pts',(28.8475350808712,-33.9181805933512,2.51549136836972));
#4322=CARTESIAN_POINT('Ctrl Pts',(28.3677377902043,-34.4347544685905,2.99528865903657));
#4323=CARTESIAN_POINT('Ctrl Pts',(28.0737554935072,-34.6514259475249,3.28927095573372));
#4324=CARTESIAN_POINT('Ctrl Pts',(27.7134526118929,-34.8077877354136,3.64957383734795));
#4325=CARTESIAN_POINT('Ctrl Pts',(27.6081019738763,-34.8437702453544,3.75492447536461));
#4326=CARTESIAN_POINT('Ctrl Pts',(27.5,-34.8690133646227,3.86302644924088));
#4327=CARTESIAN_POINT('Origin',(28.6672602457861,31.7719534860598,1.73833195636477));
#4328=CARTESIAN_POINT('',(30.4350271987525,2.00000002980232,3.50609890933114));
#4329=CARTESIAN_POINT('Origin',(28.6672602457861,2.00000002980232,1.73833195636477));
#4330=CARTESIAN_POINT('',(30.4350271987525,9.3224719347914E-16,3.50609890933114));
#4331=CARTESIAN_POINT('',(30.4350271987525,31.7719534860598,3.50609890933114));
#4332=CARTESIAN_POINT('Origin',(28.6672602457861,-3.10661424260235E-15,
1.73833195636477));
#4333=CARTESIAN_POINT('Ctrl Pts',(27.9625258644942,6.00000002980232,2.31007942535397));
#4334=CARTESIAN_POINT('Ctrl Pts',(27.8352022547896,6.00000002980232,2.));
#4335=CARTESIAN_POINT('Ctrl Pts',(27.5,6.00000002980232,2.));
#4336=CARTESIAN_POINT('Ctrl Pts',(29.8126293224711,6.00000002980232,1.55039712676982));
#4337=CARTESIAN_POINT('Ctrl Pts',(29.1760112739481,6.00000002980232,8.32667268468867E-16));
#4338=CARTESIAN_POINT('Ctrl Pts',(27.5,6.00000002980232,5.55111512312578E-16));
#4339=CARTESIAN_POINT('Ctrl Pts',(29.8126293224711,8.00000002980232,1.55039712676982));
#4340=CARTESIAN_POINT('Ctrl Pts',(29.1760112739481,8.00000002980232,8.32667268468867E-16));
#4341=CARTESIAN_POINT('Ctrl Pts',(27.5,8.00000002980232,5.55111512312578E-16));
#4342=CARTESIAN_POINT('',(27.9625258644942,6.00000002980232,2.31007942535396));
#4343=CARTESIAN_POINT('Origin',(27.9625258644942,8.00000002980232,2.31007942535396));
#4344=CARTESIAN_POINT('',(27.5,6.00000002980232,2.));
#4345=CARTESIAN_POINT('Origin',(27.5,6.00000002980232,2.5));
#4346=CARTESIAN_POINT('',(27.5,8.00000002980232,0.));
#4347=CARTESIAN_POINT('Origin',(27.5,8.00000002980232,2.));
#4348=CARTESIAN_POINT('Origin',(27.5,8.00000002980232,2.5));
#4349=CARTESIAN_POINT('Origin',(32.0000002533197,8.00000002980232,2.));
#4350=CARTESIAN_POINT('',(-45.,6.00000002980232,2.));
#4351=CARTESIAN_POINT('Origin',(-45.,8.00000002980232,2.));
#4352=CARTESIAN_POINT('',(32.0000002533197,8.00000002980232,0.));
#4353=CARTESIAN_POINT('',(32.0000002533197,6.00000002980232,2.));
#4354=CARTESIAN_POINT('Origin',(-45.,8.00000002980232,5.));
#4355=CARTESIAN_POINT('',(-48.,6.00000002980232,5.));
#4356=CARTESIAN_POINT('Origin',(-48.,8.00000002980232,5.));
#4357=CARTESIAN_POINT('Origin',(-45.,6.00000002980232,5.));
#4358=CARTESIAN_POINT('Ctrl Pts',(29.8126293224711,8.00000002980232,1.55039712676982));
#4359=CARTESIAN_POINT('Ctrl Pts',(29.8126293224711,8.00000002980232,1.55039712676982));
#4360=CARTESIAN_POINT('Ctrl Pts',(29.8126293224711,8.00000002980232,1.55039712676982));
#4361=CARTESIAN_POINT('Ctrl Pts',(29.8126293224711,8.00000002980232,1.55039712676982));
#4362=CARTESIAN_POINT('Ctrl Pts',(29.8126293224711,8.00000002980232,1.55039712676982));
#4363=CARTESIAN_POINT('Ctrl Pts',(29.8126293224711,8.00000002980232,1.55039712676982));
#4364=CARTESIAN_POINT('Ctrl Pts',(29.8126293224711,8.00000002980232,1.55039712676982));
#4365=CARTESIAN_POINT('Ctrl Pts',(29.8126293224711,6.00000002980232,1.55039712676982));
#4366=CARTESIAN_POINT('Ctrl Pts',(29.8126293224711,6.00000002980232,1.55039712676982));
#4367=CARTESIAN_POINT('Ctrl Pts',(29.8126293224711,6.00000002980232,1.55039712676982));
#4368=CARTESIAN_POINT('Ctrl Pts',(29.8126293224711,6.00000002980232,1.55039712676982));
#4369=CARTESIAN_POINT('Ctrl Pts',(29.8126293224711,6.00000002980232,1.55039712676982));
#4370=CARTESIAN_POINT('Ctrl Pts',(29.8126293224711,6.00000002980232,1.55039712676982));
#4371=CARTESIAN_POINT('Ctrl Pts',(29.8126293224711,6.00000002980232,1.55039712676982));
#4372=CARTESIAN_POINT('Ctrl Pts',(31.2268428848441,6.00000002980232,0.136183564396699));
#4373=CARTESIAN_POINT('Ctrl Pts',(32.1728387431355,6.00000002980232,1.08217942268802));
#4374=CARTESIAN_POINT('Ctrl Pts',(31.6596030407076,6.00000002980232,2.31765724181794));
#4375=CARTESIAN_POINT('Ctrl Pts',(31.1463673382796,6.00000002980232,3.55313506094786));
#4376=CARTESIAN_POINT('Ctrl Pts',(29.8085299757791,6.00000002980232,3.55039292560458));
#4377=CARTESIAN_POINT('Ctrl Pts',(28.4706926132785,6.00000002980232,3.54765079026131));
#4378=CARTESIAN_POINT('Ctrl Pts',(27.9625258644942,6.00000002980232,2.31007942535396));
#4379=CARTESIAN_POINT('',(30.5140627101016,6.00000002980232,3.42336034122895));
#4380=CARTESIAN_POINT('Ctrl Pts',(30.8476911865239,6.07321826236687,0.515335262717016));
#4381=CARTESIAN_POINT('Ctrl Pts',(30.9583730986615,6.09026890711931,0.71266553111295));
#4382=CARTESIAN_POINT('Ctrl Pts',(31.0422168438721,6.10488992058282,0.924935294010834));
#4383=CARTESIAN_POINT('Ctrl Pts',(31.178011144691,6.11795788828069,1.48230842389165));
#4384=CARTESIAN_POINT('Ctrl Pts',(31.1833491991299,6.10207847702917,1.80359352352483));
#4385=CARTESIAN_POINT('Ctrl Pts',(31.1090735823053,6.06464127816805,2.32313607496485));
#4386=CARTESIAN_POINT('Ctrl Pts',(31.0438006416801,6.04456220861394,2.54869890054567));
#4387=CARTESIAN_POINT('Ctrl Pts',(30.8395478376878,6.01141773413172,3.00381342647651));
#4388=CARTESIAN_POINT('Ctrl Pts',(30.6932531328102,6.00000002980232,3.22696643047199));
#4389=CARTESIAN_POINT('Ctrl Pts',(30.5140627101016,6.00000002980232,3.42336034122896));
#4390=CARTESIAN_POINT('Origin',(29.8126293224711,6.00000002980232,1.55039712676982));
#4391=CARTESIAN_POINT('Origin',(34.0000005066395,6.00000002980232,0.));
#4392=CARTESIAN_POINT('',(30.4350271987525,6.00000002980232,3.50609890933114));
#4393=CARTESIAN_POINT('Origin',(28.6672602457861,6.00000002980232,1.73833195636477));
#4394=CARTESIAN_POINT('',(26.3804659363038,6.00000002980232,7.56066017177982));
#4395=CARTESIAN_POINT('',(33.0866787295402,6.00000002980232,0.854447378543416));
#4396=CARTESIAN_POINT('',(25.319805764524,6.00000002980232,5.));
#4397=CARTESIAN_POINT('Origin',(25.319805764524,6.00000002980232,6.5));
#4398=CARTESIAN_POINT('',(-67.6678111057973,6.00000002980232,5.));
#4399=CARTESIAN_POINT('Origin',(28.6672602457861,31.7719534860598,1.73833195636477));
#4400=CARTESIAN_POINT('',(30.4350271987525,8.5,3.50609890933115));
#4401=CARTESIAN_POINT('Origin',(28.6672602457861,8.50000000000001,1.73833195636478));
#4402=CARTESIAN_POINT('',(30.4350271987525,31.7719534860598,3.50609890933114));
#4403=CARTESIAN_POINT('Origin',(31.8492407611256,4.16333634234434E-15,4.92031247170424));
#4404=CARTESIAN_POINT('',(30.6477903647725,-1.05500421335936,3.71886207535115));
#4405=CARTESIAN_POINT('Origin',(29.1459773693311,-2.37375948005856,2.21704907990979));
#4406=CARTESIAN_POINT('',(31.8492407611255,-2.,4.92031247170424));
#4407=CARTESIAN_POINT('Origin',(31.8492407611256,4.16333634234434E-15,4.92031247170424));
#4408=CARTESIAN_POINT('',(33.6170077140919,-4.5,3.15254551873787));
#4409=CARTESIAN_POINT('Origin',(31.8492407611255,-4.5,4.92031247170424));
#4410=CARTESIAN_POINT('Origin',(33.6170077140919,4.16333634234434E-15,3.15254551873788));
#4411=CARTESIAN_POINT('Origin',(36.508016705314,-4.5,9.57908841589269));
#4412=CARTESIAN_POINT('',(33.9705611046852,-2.,7.04163281526388));
#4413=CARTESIAN_POINT('',(35.7383280576516,-4.50000000000001,5.27386586229751));
#4414=CARTESIAN_POINT('Origin',(33.9705611046852,-4.50000000000001,7.04163281526388));
#4415=CARTESIAN_POINT('',(38.2757836582804,-4.5,7.81132146292632));
#4416=CARTESIAN_POINT('',(36.508016705314,-2.,9.57908841589269));
#4417=CARTESIAN_POINT('Origin',(33.9705611046852,3.33066907387547E-15,7.04163281526388));
#4418=CARTESIAN_POINT('',(35.3847746670583,9.9579925010292E-17,8.45584637763698));
#4419=CARTESIAN_POINT('',(38.920308572991,-3.88578058618805E-15,8.45584637763698));
#4420=CARTESIAN_POINT('Origin',(37.1525416200247,-3.88578058618805E-15,
10.2236133306033));
#4421=CARTESIAN_POINT('Origin',(35.7383280576516,3.33066907387547E-15,5.27386586229751));
#4422=CARTESIAN_POINT('Origin',(33.9705611046852,3.33066907387547E-15,7.04163281526388));
#4423=CARTESIAN_POINT('Origin',(37.1525416200247,27.5219534860598,10.2236133306033));
#4424=CARTESIAN_POINT('',(35.3847746670583,8.5,8.45584637763698));
#4425=CARTESIAN_POINT('',(38.920308572991,8.5,8.45584637763698));
#4426=CARTESIAN_POINT('Origin',(37.1525416200247,8.5,10.2236133306033));
#4427=CARTESIAN_POINT('',(38.920308572991,27.5219534860598,8.45584637763698));
#4428=CARTESIAN_POINT('',(35.3847746670583,27.5219534860598,8.45584637763698));
#4429=CARTESIAN_POINT('Origin',(33.9705611046852,8.5,7.04163281526388));
#4430=CARTESIAN_POINT('',(33.9705611046852,10.5,7.04163281526388));
#4431=CARTESIAN_POINT('',(35.7383280576516,13.,5.27386586229751));
#4432=CARTESIAN_POINT('Origin',(33.9705611046852,13.,7.04163281526388));
#4433=CARTESIAN_POINT('Origin',(35.7383280576516,8.5,5.27386586229751));
#4434=CARTESIAN_POINT('Origin',(33.9705611046852,8.5,7.04163281526388));
#4435=CARTESIAN_POINT('Origin',(37.5686768770938,13.,10.6397485876725));
#4436=CARTESIAN_POINT('',(31.8492407611255,10.5,4.92031247170424));
#4437=CARTESIAN_POINT('',(33.6170077140919,13.,3.15254551873787));
#4438=CARTESIAN_POINT('Origin',(31.8492407611255,13.,4.92031247170424));
#4439=CARTESIAN_POINT('',(39.3364438300602,13.,8.87198163470613));
#4440=CARTESIAN_POINT('',(37.5686768770938,10.5,10.6397485876725));
#4441=CARTESIAN_POINT('Origin',(31.8492407611255,8.5,4.92031247170424));
#4442=CARTESIAN_POINT('',(30.6477903647725,9.55500421335936,3.71886207535115));
#4443=CARTESIAN_POINT('Origin',(29.1459773693311,10.8737594800586,2.21704907990979));
#4444=CARTESIAN_POINT('Origin',(33.6170077140919,8.5,3.15254551873787));
#4445=CARTESIAN_POINT('Origin',(31.8492407611255,8.5,4.92031247170424));
#4446=CARTESIAN_POINT('Origin',(31.8492407611256,4.16333634234434E-15,4.92031247170424));
#4447=CARTESIAN_POINT('Origin',(31.8492407611256,4.16333634234434E-15,4.92031247170424));
#4448=CARTESIAN_POINT('Origin',(31.8492407611255,8.5,4.92031247170424));
#4449=CARTESIAN_POINT('Origin',(31.8492407611255,8.5,4.92031247170424));
#4450=CARTESIAN_POINT('Origin',(42.9345596024688,55.0439069721196,12.4700974071147));
#4451=CARTESIAN_POINT('',(42.9345596024688,55.0439069721196,12.4700974071147));
#4452=CARTESIAN_POINT('',(42.9345596024688,55.0439069721196,12.4700974071147));
#4453=CARTESIAN_POINT('',(42.9345596024688,-44.9560930278804,12.4700974071147));
#4454=CARTESIAN_POINT('',(42.9345596024688,55.0439069721196,12.4700974071147));
#4455=CARTESIAN_POINT('',(42.9345596024688,-44.9560930278804,12.4700974071147));
#4456=CARTESIAN_POINT('Origin',(25.319805764524,6.25000000372529,6.5));
#4457=CARTESIAN_POINT('',(26.3804659363038,2.00000002980232,7.56066017177982));
#4458=CARTESIAN_POINT('',(25.319805764524,2.00000002980232,5.));
#4459=CARTESIAN_POINT('Origin',(25.319805764524,2.00000002980232,6.5));
#4460=CARTESIAN_POINT('',(25.319805764524,6.25000000372529,5.));
#4461=CARTESIAN_POINT('',(26.3804659363038,6.25000000372529,7.56066017177982));
#4462=CARTESIAN_POINT('Origin',(-12.6042602115182,4.00000000745058,5.));
#4463=CARTESIAN_POINT('',(34.0000005066395,2.00000002980232,5.));
#4464=CARTESIAN_POINT('Origin',(-58.033711242285,2.00000002980232,0.));
#4465=CARTESIAN_POINT('',(10.0782507923091,2.00000002980232,23.8628753157745));
#4466=CARTESIAN_POINT('Origin',(32.2027941517188,8.5,1.73833195636477));
#4467=CARTESIAN_POINT('',(23.9411261080836,8.5,10.));
#4468=CARTESIAN_POINT('',(32.2027941517188,8.5,1.73833195636477));
#4469=CARTESIAN_POINT('',(23.9411261080836,9.3224719347914E-16,10.));
#4470=CARTESIAN_POINT('',(23.9411261080836,4.25,10.));
#4471=CARTESIAN_POINT('',(32.2027941517188,9.3224719347914E-16,1.73833195636477));
#4472=CARTESIAN_POINT('Origin',(30.,0.,0.));
#4473=CARTESIAN_POINT('',(27.5,40.,0.));
#4474=CARTESIAN_POINT('',(10.,40.,0.));
#4475=CARTESIAN_POINT('',(27.5,0.,0.));
#4476=CARTESIAN_POINT('Origin',(27.5,0.,2.5));
#4477=CARTESIAN_POINT('Origin',(27.5,40.,2.5));
#4478=CARTESIAN_POINT('Origin',(35.7383280576516,8.5,5.27386586229751));
#4479=CARTESIAN_POINT('',(31.4956873705323,8.5,12.344933674163));
#4480=CARTESIAN_POINT('',(37.1525416200247,8.5,6.68807942467061));
#4481=CARTESIAN_POINT('',(30.0814738081592,10.5,10.9307201117899));
#4482=CARTESIAN_POINT('Origin',(30.0814738081592,8.5,10.9307201117899));
#4483=CARTESIAN_POINT('',(35.7383280576516,10.5,5.27386586229751));
#4484=CARTESIAN_POINT('Origin',(37.1525416200247,9.9579925010292E-17,6.68807942467061));
#4485=CARTESIAN_POINT('',(31.4956873705323,9.9579925010292E-17,12.344933674163));
#4486=CARTESIAN_POINT('',(37.1525416200247,9.9579925010292E-17,6.68807942467061));
#4487=CARTESIAN_POINT('',(31.4956873705323,-23.4780465139402,12.344933674163));
#4488=CARTESIAN_POINT('Origin',(35.7383280576516,3.33066907387547E-15,5.27386586229751));
#4489=CARTESIAN_POINT('',(30.0814738081592,-2.,10.9307201117899));
#4490=CARTESIAN_POINT('',(35.7383280576516,-2.,5.27386586229751));
#4491=CARTESIAN_POINT('Origin',(30.0814738081592,3.33066907387547E-15,10.9307201117899));
#4492=CARTESIAN_POINT('Origin',(33.6170077140919,-2.,3.15254551873787));
#4493=CARTESIAN_POINT('',(26.7695532328298,-2.,10.));
#4494=CARTESIAN_POINT('',(33.6170077140919,-2.,3.15254551873787));
#4495=CARTESIAN_POINT('',(29.1507536963693,-2.,10.));
#4496=CARTESIAN_POINT('',(-8.19149614295404,-2.00000000000002,10.));
#4497=CARTESIAN_POINT('',(32.6189294087879,-2.,13.4681757124187));
#4498=CARTESIAN_POINT('Origin',(33.6170077140919,4.16333634234434E-15,3.15254551873787));
#4499=CARTESIAN_POINT('Origin',(26.7695532328298,4.16333634234434E-15,10.));
#4500=CARTESIAN_POINT('Origin',(33.6170077140919,8.5,3.15254551873787));
#4501=CARTESIAN_POINT('',(26.7695532328298,10.5,10.));
#4502=CARTESIAN_POINT('',(33.6170077140919,10.5,3.15254551873787));
#4503=CARTESIAN_POINT('Origin',(26.7695532328298,8.5,10.));
#4504=CARTESIAN_POINT('Origin',(35.7383280576516,10.5,5.27386586229751));
#4505=CARTESIAN_POINT('',(29.1507536963693,10.5,10.));
#4506=CARTESIAN_POINT('',(33.6795895805678,10.5,14.5288358841985));
#4507=CARTESIAN_POINT('',(-7.13083597117422,10.5,10.));
#4508=CARTESIAN_POINT('Origin',(37.2777053529764,-46.9560930278804,18.1269516566071));
#4509=CARTESIAN_POINT('',(29.1507536963693,-30.,10.));
#4510=CARTESIAN_POINT('',(29.1507536963693,-23.4780465139402,10.));
#4511=CARTESIAN_POINT('',(26.3939591747946,-34.468560079216,7.2432054784253));
#4512=CARTESIAN_POINT('Origin',(24.1507536963693,-30.,5.));
#4513=CARTESIAN_POINT('',(26.6711036351782,-34.468560079216,7.52034993880889));
#4514=CARTESIAN_POINT('',(26.6711036351782,-34.468560079216,7.52034993880889));
#4515=CARTESIAN_POINT('',(26.6711036351782,-46.9560930278804,7.5203499388089));
#4516=CARTESIAN_POINT('',(26.6711036351782,57.0439069721196,7.52034993880888));
#4517=CARTESIAN_POINT('',(37.2777053529764,-46.9560930278804,18.1269516566071));
#4518=CARTESIAN_POINT('',(37.2777053529764,-46.9560930278804,18.1269516566071));
#4519=CARTESIAN_POINT('',(37.2777053529764,57.0439069721196,18.1269516566071));
#4520=CARTESIAN_POINT('',(37.2777053529764,57.0439069721196,18.1269516566071));
#4521=CARTESIAN_POINT('',(26.6711036351782,57.0439069721196,7.5203499388089));
#4522=CARTESIAN_POINT('',(37.2777053529764,57.0439069721196,18.1269516566071));
#4523=CARTESIAN_POINT('',(26.6711036351782,44.4895308668401,7.52034993880889));
#4524=CARTESIAN_POINT('',(26.6711036351782,57.0439069721196,7.52034993880888));
#4525=CARTESIAN_POINT('',(26.3516881787404,44.4895308668401,7.20093448237107));
#4526=CARTESIAN_POINT('',(26.6711036351782,44.4895308668401,7.52034993880889));
#4527=CARTESIAN_POINT('',(29.1507536963693,40.,10.));
#4528=CARTESIAN_POINT('Origin',(24.1507536963693,40.,5.));
#4529=CARTESIAN_POINT('',(29.1507536963693,-23.4780465139402,10.));
#4530=CARTESIAN_POINT('Origin',(-47.6045447452468,57.0000009685755,79.6746779756742));
#4531=CARTESIAN_POINT('',(-46.5438845734669,58.5000009685755,80.7353381474541));
#4532=CARTESIAN_POINT('Origin',(-46.5438845734669,57.0000009685755,80.7353381474541));
#4533=CARTESIAN_POINT('',(-44.0690108393141,58.5000009685755,83.2102118816069));
#4534=CARTESIAN_POINT('',(-47.6045447452468,58.5000009685755,79.6746779756742));
#4535=CARTESIAN_POINT('Origin',(-44.0690108393141,57.0000009685755,83.2102118816069));
#4536=CARTESIAN_POINT('Origin',(-44.0690108393141,57.0000009685755,83.2102118816069));
#4537=CARTESIAN_POINT('Origin',(-47.6045436915756,-47.,79.6746769220029));
#4538=CARTESIAN_POINT('',(-46.5438835197957,-45.5,80.7353370937828));
#4539=CARTESIAN_POINT('Origin',(-46.5438835197957,-47.,80.7353370937828));
#4540=CARTESIAN_POINT('',(-44.0690097856429,-45.5,83.2102108279357));
#4541=CARTESIAN_POINT('',(-47.6045436915756,-45.5,79.6746769220029));
#4542=CARTESIAN_POINT('Origin',(-44.0690097856429,-47.,83.2102108279357));
#4543=CARTESIAN_POINT('Origin',(-44.0690097856429,-47.,83.2102108279357));
#4544=CARTESIAN_POINT('Origin',(-46.8680016082228,-46.9560930278804,81.0594551822098));
#4545=CARTESIAN_POINT('',(-34.4936329374582,-46.9560930278804,89.8982899470417));
#4546=CARTESIAN_POINT('',(-36.2613998904246,-44.4560930278804,91.666056900008));
#4547=CARTESIAN_POINT('Origin',(-36.2613998904246,-46.9560930278804,91.666056900008));
#4548=CARTESIAN_POINT('',(-45.1002346552564,-46.9560930278804,79.2916882292434));
#4549=CARTESIAN_POINT('',(-45.1002346552564,-46.9560930278804,79.2916882292434));
#4550=CARTESIAN_POINT('',(-46.8680016082228,-44.4560930278804,81.0594551822098));
#4551=CARTESIAN_POINT('Origin',(-46.8680016082228,-46.9560930278804,81.0594551822098));
#4552=CARTESIAN_POINT('',(-46.8680016082228,-44.4560930278804,81.0594551822098));
#4553=CARTESIAN_POINT('Origin',(-36.2613998904246,57.0439069721196,91.666056900008));
#4554=CARTESIAN_POINT('',(-46.8680016082228,54.5439069721196,81.0594551822098));
#4555=CARTESIAN_POINT('',(-46.8680016082228,-46.9560930278804,81.0594551822098));
#4556=CARTESIAN_POINT('',(-36.2613998904246,54.5439069721196,91.666056900008));
#4557=CARTESIAN_POINT('',(-46.8680016082228,54.5439069721196,81.0594551822098));
#4558=CARTESIAN_POINT('',(-36.2613998904246,-46.9560930278804,91.666056900008));
#4559=CARTESIAN_POINT('Origin',(-46.8680016082228,57.0439069721196,81.0594551822098));
#4560=CARTESIAN_POINT('',(-34.4936329374582,57.0439069721196,89.8982899470417));
#4561=CARTESIAN_POINT('Origin',(-36.2613998904246,57.0439069721196,91.666056900008));
#4562=CARTESIAN_POINT('',(-45.1002346552564,57.0439069721196,79.2916882292434));
#4563=CARTESIAN_POINT('Origin',(-46.8680016082228,57.0439069721196,81.0594551822098));
#4564=CARTESIAN_POINT('',(-45.1002346552564,57.0439069721196,79.2916882292434));
#4565=CARTESIAN_POINT('Origin',(37.2777053529764,57.0439069721196,18.1269516566071));
#4566=CARTESIAN_POINT('',(-46.8680016082228,57.0439069721196,81.0594551822098));
#4567=CARTESIAN_POINT('',(-36.2613998904246,57.0439069721196,91.666056900008));
#4568=CARTESIAN_POINT('Origin',(0.508152731275899,5.04390697211964,54.8965042783076));
#4569=CARTESIAN_POINT('',(37.2777053529764,-46.9560930278804,18.1269516566071));
#4570=CARTESIAN_POINT('',(-1.42337067442428,-23.7952541335267,56.8280276840078));
#4571=CARTESIAN_POINT('',(-1.42337067442428,-37.001677296657,56.8280276840078));
#4572=CARTESIAN_POINT('',(-1.42337067442428,-23.7952541335267,56.8280276840078));
#4573=CARTESIAN_POINT('',(-10.9662114944359,-23.7952541335267,66.3708685040194));
#4574=CARTESIAN_POINT('',(-10.9662114944359,-23.7952541335267,66.3708685040194));
#4575=CARTESIAN_POINT('',(-10.9662114944359,-37.001677296657,66.3708685040194));
#4576=CARTESIAN_POINT('',(-10.9662114944359,-37.001677296657,66.3708685040194));
#4577=CARTESIAN_POINT('',(-1.42337067442428,-37.001677296657,56.8280276840078));
#4578=CARTESIAN_POINT('',(15.2766007605962,-0.081530789511608,40.1280562489873));
#4579=CARTESIAN_POINT('',(15.2766007605962,-13.287953952642,40.1280562489873));
#4580=CARTESIAN_POINT('',(15.2766007605962,-0.081530789511608,40.1280562489873));
#4581=CARTESIAN_POINT('',(6.07457568415632,-0.081530789511608,49.3300813254272));
#4582=CARTESIAN_POINT('',(6.07457568415632,-0.081530789511608,49.3300813254272));
#4583=CARTESIAN_POINT('',(6.07457568415632,-13.287953952642,49.3300813254272));
#4584=CARTESIAN_POINT('',(6.07457568415632,-13.287953952642,49.3300813254272));
#4585=CARTESIAN_POINT('',(15.2766007605962,-13.287953952642,40.1280562489873));
#4586=CARTESIAN_POINT('',(-18.6131663530818,-24.0000003576279,74.0178233626652));
#4587=CARTESIAN_POINT('',(-18.6131663530818,-36.7401007242071,74.0178233626652));
#4588=CARTESIAN_POINT('',(-18.6131663530818,-24.0000003576279,74.0178233626652));
#4589=CARTESIAN_POINT('',(-27.5735368045253,-24.0000003576279,82.9781938141087));
#4590=CARTESIAN_POINT('',(-27.5735368045253,-24.0000003576279,82.9781938141087));
#4591=CARTESIAN_POINT('',(-27.5735368045253,-36.7401007242071,82.9781938141087));
#4592=CARTESIAN_POINT('',(-27.5735368045253,-36.7401007242071,82.9781938141087));
#4593=CARTESIAN_POINT('',(-18.6131663530818,-36.7401007242071,74.0178233626652));
#4594=CARTESIAN_POINT('',(-1.42337067442428,23.4393980557716,56.8280276840078));
#4595=CARTESIAN_POINT('',(-1.42337067442428,10.2329748926413,56.8280276840078));
#4596=CARTESIAN_POINT('',(-1.42337067442428,23.4393980557716,56.8280276840078));
#4597=CARTESIAN_POINT('',(-10.9662114944359,23.4393980557716,66.3708685040194));
#4598=CARTESIAN_POINT('',(-10.9662114944359,23.4393980557716,66.3708685040194));
#4599=CARTESIAN_POINT('',(-10.9662114944359,10.2329748926413,66.3708685040194));
#4600=CARTESIAN_POINT('',(-10.9662114944359,10.2329748926413,66.3708685040194));
#4601=CARTESIAN_POINT('',(-1.42337067442428,10.2329748926413,56.8280276840078));
#4602=CARTESIAN_POINT('',(-18.2596129572202,47.5412472100589,73.6642699668036));
#4603=CARTESIAN_POINT('',(-18.2596129572202,34.3335499097687,73.6642699668036));
#4604=CARTESIAN_POINT('',(-18.2596129572202,47.5412472100589,73.6642699668036));
#4605=CARTESIAN_POINT('',(-27.8913074151351,47.5412472100589,83.2959644247185));
#4606=CARTESIAN_POINT('',(-27.8913074151351,47.5412472100589,83.2959644247185));
#4607=CARTESIAN_POINT('',(-27.8913074151351,34.3335499097687,83.2959644247185));
#4608=CARTESIAN_POINT('',(-27.8913074151351,34.3335499097687,83.2959644247185));
#4609=CARTESIAN_POINT('',(-18.2596129572202,34.3335499097687,73.6642699668036));
#4610=CARTESIAN_POINT('',(15.2766007605962,-23.7952541335267,40.1280562489873));
#4611=CARTESIAN_POINT('',(15.2766007605962,-37.001677296657,40.1280562489873));
#4612=CARTESIAN_POINT('',(15.2766007605962,-23.7952541335267,40.1280562489873));
#4613=CARTESIAN_POINT('',(6.07457568415632,-23.7952541335267,49.3300813254272));
#4614=CARTESIAN_POINT('',(6.07457568415632,-23.7952541335267,49.3300813254272));
#4615=CARTESIAN_POINT('',(6.07457568415632,-37.001677296657,49.3300813254272));
#4616=CARTESIAN_POINT('',(6.07457568415632,-37.001677296657,49.3300813254272));
#4617=CARTESIAN_POINT('',(15.2766007605962,-37.001677296657,40.1280562489873));
#4618=CARTESIAN_POINT('',(-1.42337067442428,-0.177928038877528,56.8280276840078));
#4619=CARTESIAN_POINT('',(-1.42337067442428,-13.6735429501056,56.8280276840078));
#4620=CARTESIAN_POINT('',(-1.42337067442428,-0.177928038877528,56.8280276840078));
#4621=CARTESIAN_POINT('',(-10.9662114944359,-0.177928038877528,66.3708685040194));
#4622=CARTESIAN_POINT('',(-10.9662114944359,-0.177928038877528,66.3708685040194));
#4623=CARTESIAN_POINT('',(-10.9662114944359,-13.6735429501056,66.3708685040194));
#4624=CARTESIAN_POINT('',(-10.9662114944359,-13.6735429501056,66.3708685040194));
#4625=CARTESIAN_POINT('',(-1.42337067442428,-13.6735429501056,56.8280276840078));
#4626=CARTESIAN_POINT('',(27.6449715496733,24.7767305911128,27.7596854599102));
#4627=CARTESIAN_POINT('Origin',(27.6449715496733,28.7767305911128,27.7596854599102));
#4628=CARTESIAN_POINT('',(-18.2596129572202,0.,73.6642699668036));
#4629=CARTESIAN_POINT('',(-18.2596129572202,-13.2537339961456,73.6642699668036));
#4630=CARTESIAN_POINT('',(-18.2596129572202,0.,73.6642699668036));
#4631=CARTESIAN_POINT('',(-27.5735368045253,0.,82.9781938141087));
#4632=CARTESIAN_POINT('',(-27.5735368045253,0.,82.9781938141087));
#4633=CARTESIAN_POINT('',(-27.5735368045253,-13.2537339961456,82.9781938141087));
#4634=CARTESIAN_POINT('',(-27.5735368045253,-13.2537339961456,82.9781938141087));
#4635=CARTESIAN_POINT('',(-18.2596129572202,-13.2537339961456,73.6642699668036));
#4636=CARTESIAN_POINT('',(-18.2596129572202,24.0000003576279,73.6642699668036));
#4637=CARTESIAN_POINT('',(-18.2596129572202,10.3915068635498,73.6642699668036));
#4638=CARTESIAN_POINT('',(-18.2596129572202,24.0000003576279,73.6642699668036));
#4639=CARTESIAN_POINT('',(-27.8913074151351,24.0000003576279,83.2959644247185));
#4640=CARTESIAN_POINT('',(-27.8913074151351,24.0000003576279,83.2959644247185));
#4641=CARTESIAN_POINT('',(-27.8913074151351,10.3915068635498,83.2959644247185));
#4642=CARTESIAN_POINT('',(-27.8913074151351,10.3915068635498,83.2959644247185));
#4643=CARTESIAN_POINT('',(-18.2596129572202,10.3915068635498,73.6642699668036));
#4644=CARTESIAN_POINT('',(-1.42337067442428,47.5412472100589,56.8280276840078));
#4645=CARTESIAN_POINT('',(-1.42337067442428,34.3335499097687,56.8280276840078));
#4646=CARTESIAN_POINT('',(-1.42337067442428,47.5412472100589,56.8280276840078));
#4647=CARTESIAN_POINT('',(-10.9662114944359,47.5412472100589,66.3708685040194));
#4648=CARTESIAN_POINT('',(-10.9662114944359,47.5412472100589,66.3708685040194));
#4649=CARTESIAN_POINT('',(-10.9662114944359,34.3335499097687,66.3708685040194));
#4650=CARTESIAN_POINT('',(-10.9662114944359,34.3335499097687,66.3708685040194));
#4651=CARTESIAN_POINT('',(-1.42337067442428,34.3335499097687,56.8280276840078));
#4652=CARTESIAN_POINT('',(20.6312605875591,-35.5000004693866,34.7733964220243));
#4653=CARTESIAN_POINT('Origin',(20.6312605875591,-31.5000004693866,34.7733964220243));
#4654=CARTESIAN_POINT('',(15.2766007605962,47.3459158985185,40.1280562489873));
#4655=CARTESIAN_POINT('',(15.2766007605962,34.33228723412,40.1280562489873));
#4656=CARTESIAN_POINT('',(15.2766007605962,47.3459158985185,40.1280562489873));
#4657=CARTESIAN_POINT('',(6.07457568415632,47.3459158985185,49.3300813254272));
#4658=CARTESIAN_POINT('',(6.07457568415632,47.3459158985185,49.3300813254272));
#4659=CARTESIAN_POINT('',(6.07457568415632,34.33228723412,49.3300813254272));
#4660=CARTESIAN_POINT('',(6.07457568415632,34.33228723412,49.3300813254272));
#4661=CARTESIAN_POINT('',(15.2766007605962,34.33228723412,40.1280562489873));
#4662=CARTESIAN_POINT('',(15.2766007605962,23.5357953051375,40.1280562489873));
#4663=CARTESIAN_POINT('',(15.2766007605962,10.522166640739,40.1280562489873));
#4664=CARTESIAN_POINT('',(15.2766007605962,23.5357953051375,40.1280562489873));
#4665=CARTESIAN_POINT('',(6.07457568415632,23.5357953051375,49.3300813254272));
#4666=CARTESIAN_POINT('',(6.07457568415632,23.5357953051375,49.3300813254272));
#4667=CARTESIAN_POINT('',(6.07457568415632,10.522166640739,49.3300813254272));
#4668=CARTESIAN_POINT('',(6.07457568415632,10.522166640739,49.3300813254272));
#4669=CARTESIAN_POINT('',(15.2766007605962,10.522166640739,40.1280562489873));
#4670=CARTESIAN_POINT('',(26.6131875580744,-35.5000004693866,28.7914694515091));
#4671=CARTESIAN_POINT('Origin',(26.6131875580744,-31.5000004693866,28.7914694515091));
#4672=CARTESIAN_POINT('',(32.7907315073384,-35.5000004693866,22.6139255022451));
#4673=CARTESIAN_POINT('Origin',(32.7907315073384,-31.5000004693866,22.6139255022451));
#4674=CARTESIAN_POINT('Origin',(-40.8829779595069,-44.9560930278804,93.4592078443441));
#4675=CARTESIAN_POINT('',(-38.0545508347607,55.0439069721196,96.2876349690903));
#4676=CARTESIAN_POINT('',(-41.918254139917,55.0439069721196,97.3229111495004));
#4677=CARTESIAN_POINT('Origin',(-40.8829779595069,55.0439069721196,93.4592078443441));
#4678=CARTESIAN_POINT('',(-41.918254139917,-44.9560930278804,97.3229111495004));
#4679=CARTESIAN_POINT('',(-41.918254139917,-44.9560930278804,97.3229111495004));
#4680=CARTESIAN_POINT('',(-38.0545508347607,-44.9560930278804,96.2876349690903));
#4681=CARTESIAN_POINT('Origin',(-40.8829779595069,-44.9560930278804,93.4592078443441));
#4682=CARTESIAN_POINT('',(-38.0545508347607,-44.9560930278804,96.2876349690903));
#4683=CARTESIAN_POINT('Origin',(-36.2613998904246,55.0439069721196,88.8376297752619));
#4684=CARTESIAN_POINT('',(-33.4329727656784,61.5798053569819,91.6660569000081));
#4685=CARTESIAN_POINT('',(-34.8471863280515,65.0439069721196,90.251843337635));
#4686=CARTESIAN_POINT('Origin',(-36.2613998904246,61.5798053569819,88.8376297752619));
#4687=CARTESIAN_POINT('Origin',(-34.8471863280515,55.0439069721196,90.2518433376349));
#4688=CARTESIAN_POINT('Origin',(-33.4329727656784,55.0439069721196,91.666056900008));
#4689=CARTESIAN_POINT('Origin',(-36.2613998904246,-44.9560930278804,88.8376297752619));
#4690=CARTESIAN_POINT('',(-34.8471863280515,-54.9560930278804,90.2518433376349));
#4691=CARTESIAN_POINT('',(-33.4329727656784,-51.4919914127426,91.666056900008));
#4692=CARTESIAN_POINT('Origin',(-36.2613998904246,-51.4919914127426,88.8376297752619));
#4693=CARTESIAN_POINT('Origin',(-33.4329727656784,-44.9560930278804,91.666056900008));
#4694=CARTESIAN_POINT('Origin',(-34.8471863280515,-44.9560930278804,90.2518433376349));
#4695=CARTESIAN_POINT('Origin',(-36.2613998904246,61.5798053569819,88.8376297752619));
#4696=CARTESIAN_POINT('',(37.2777053529764,61.5798053569819,20.9553787813533));
#4697=CARTESIAN_POINT('',(35.8634917906033,65.0439069721196,19.5411652189802));
#4698=CARTESIAN_POINT('Origin',(34.4492782282302,61.5798053569819,18.1269516566072));
#4699=CARTESIAN_POINT('',(-34.8471863280515,65.0439069721196,90.251843337635));
#4700=CARTESIAN_POINT('',(-33.4329727656784,61.5798053569819,91.6660569000081));
#4701=CARTESIAN_POINT('Origin',(34.4492782282302,-51.4919914127426,18.1269516566071));
#4702=CARTESIAN_POINT('',(35.8634917906033,-54.9560930278804,19.5411652189802));
#4703=CARTESIAN_POINT('',(37.2777053529764,-51.4919914127426,20.9553787813533));
#4704=CARTESIAN_POINT('Origin',(34.4492782282302,-51.4919914127426,18.1269516566071));
#4705=CARTESIAN_POINT('',(37.2777053529764,-51.4919914127426,20.9553787813533));
#4706=CARTESIAN_POINT('',(35.8634917906033,-54.9560930278804,19.5411652189802));
#4707=CARTESIAN_POINT('Origin',(34.4492782282302,55.0439069721196,18.1269516566071));
#4708=CARTESIAN_POINT('',(41.8992834220587,55.0439069721196,16.333800712271));
#4709=CARTESIAN_POINT('Origin',(39.0708562973125,55.0439069721196,13.5053735875248));
#4710=CARTESIAN_POINT('Origin',(35.8634917906033,55.0439069721196,19.5411652189802));
#4711=CARTESIAN_POINT('Origin',(37.2777053529764,55.0439069721196,20.9553787813533));
#4712=CARTESIAN_POINT('Origin',(34.4492782282302,-44.9560930278804,18.1269516566071));
#4713=CARTESIAN_POINT('',(41.8992834220587,-44.9560930278804,16.333800712271));
#4714=CARTESIAN_POINT('Origin',(39.0708562973125,-44.9560930278804,13.5053735875248));
#4715=CARTESIAN_POINT('Origin',(37.2777053529764,-44.9560930278804,20.9553787813533));
#4716=CARTESIAN_POINT('Origin',(35.8634917906033,-44.9560930278804,19.5411652189802));
#4717=CARTESIAN_POINT('Origin',(39.0708562973125,55.0439069721196,13.5053735875248));
#4718=CARTESIAN_POINT('',(41.8992834220587,55.0439069721196,16.333800712271));
#4719=CARTESIAN_POINT('Origin',(1.92236629364899,5.04390697211964,56.3107178406807));
#4720=CARTESIAN_POINT('',(-0.00915711205118352,-23.7952541335267,58.2422412463808));
#4721=CARTESIAN_POINT('',(-0.00915711205118352,-37.001677296657,58.2422412463808));
#4722=CARTESIAN_POINT('',(-0.00915711205118824,-23.7952541335267,58.2422412463809));
#4723=CARTESIAN_POINT('',(-9.55199793206281,-37.001677296657,67.7850820663925));
#4724=CARTESIAN_POINT('',(-0.00915711205118824,-37.001677296657,58.2422412463809));
#4725=CARTESIAN_POINT('',(-9.55199793206281,-23.7952541335267,67.7850820663925));
#4726=CARTESIAN_POINT('',(-9.5519979320628,-37.001677296657,67.7850820663925));
#4727=CARTESIAN_POINT('',(-9.5519979320628,-23.7952541335267,67.7850820663925));
#4728=CARTESIAN_POINT('',(16.6908143229693,-0.081530789511608,41.5422698113604));
#4729=CARTESIAN_POINT('',(16.6908143229693,-13.287953952642,41.5422698113604));
#4730=CARTESIAN_POINT('',(16.6908143229693,-0.081530789511608,41.5422698113604));
#4731=CARTESIAN_POINT('',(7.48878924652941,-13.287953952642,50.7442948878003));
#4732=CARTESIAN_POINT('',(16.6908143229693,-13.287953952642,41.5422698113604));
#4733=CARTESIAN_POINT('',(7.48878924652941,-0.081530789511608,50.7442948878003));
#4734=CARTESIAN_POINT('',(7.48878924652941,-13.287953952642,50.7442948878003));
#4735=CARTESIAN_POINT('',(7.48878924652941,-0.081530789511608,50.7442948878003));
#4736=CARTESIAN_POINT('',(-17.1989527907087,-24.0000003576279,75.4320369250384));
#4737=CARTESIAN_POINT('',(-17.1989527907087,-36.7401007242071,75.4320369250384));
#4738=CARTESIAN_POINT('',(-17.1989527907087,-24.0000003576279,75.4320369250384));
#4739=CARTESIAN_POINT('',(-26.1593232421522,-36.7401007242071,84.3924073764818));
#4740=CARTESIAN_POINT('',(-17.1989527907087,-36.7401007242071,75.4320369250384));
#4741=CARTESIAN_POINT('',(-26.1593232421522,-24.0000003576279,84.3924073764818));
#4742=CARTESIAN_POINT('',(-26.1593232421522,-36.7401007242071,84.3924073764818));
#4743=CARTESIAN_POINT('',(-26.1593232421522,-24.0000003576279,84.3924073764818));
#4744=CARTESIAN_POINT('',(-0.00915711205118352,23.4393980557716,58.2422412463808));
#4745=CARTESIAN_POINT('',(-0.00915711205118352,10.2329748926413,58.2422412463808));
#4746=CARTESIAN_POINT('',(-0.00915711205118824,23.4393980557716,58.2422412463809));
#4747=CARTESIAN_POINT('',(-9.55199793206281,10.2329748926413,67.7850820663925));
#4748=CARTESIAN_POINT('',(-0.00915711205118824,10.2329748926413,58.2422412463809));
#4749=CARTESIAN_POINT('',(-9.55199793206281,23.4393980557716,67.7850820663925));
#4750=CARTESIAN_POINT('',(-9.5519979320628,10.2329748926413,67.7850820663925));
#4751=CARTESIAN_POINT('',(-9.5519979320628,23.4393980557716,67.7850820663925));
#4752=CARTESIAN_POINT('',(-16.8453993948471,47.5412472100589,75.0784835291767));
#4753=CARTESIAN_POINT('',(-16.8453993948471,34.3335499097687,75.0784835291767));
#4754=CARTESIAN_POINT('',(-16.8453993948471,47.5412472100589,75.0784835291767));
#4755=CARTESIAN_POINT('',(-26.477093852762,34.3335499097687,84.7101779870917));
#4756=CARTESIAN_POINT('',(-16.8453993948471,34.3335499097687,75.0784835291767));
#4757=CARTESIAN_POINT('',(-26.477093852762,47.5412472100589,84.7101779870917));
#4758=CARTESIAN_POINT('',(-26.477093852762,34.3335499097687,84.7101779870917));
#4759=CARTESIAN_POINT('',(-26.477093852762,47.5412472100589,84.7101779870917));
#4760=CARTESIAN_POINT('',(16.6908143229693,-23.7952541335267,41.5422698113604));
#4761=CARTESIAN_POINT('',(16.6908143229693,-37.001677296657,41.5422698113604));
#4762=CARTESIAN_POINT('',(16.6908143229693,-23.7952541335267,41.5422698113604));
#4763=CARTESIAN_POINT('',(7.48878924652941,-37.001677296657,50.7442948878003));
#4764=CARTESIAN_POINT('',(16.6908143229693,-37.001677296657,41.5422698113604));
#4765=CARTESIAN_POINT('',(7.48878924652941,-23.7952541335267,50.7442948878003));
#4766=CARTESIAN_POINT('',(7.48878924652941,-37.001677296657,50.7442948878003));
#4767=CARTESIAN_POINT('',(7.48878924652941,-23.7952541335267,50.7442948878003));
#4768=CARTESIAN_POINT('',(-0.00915711205118352,-0.177928038877528,58.2422412463808));
#4769=CARTESIAN_POINT('',(-0.00915711205118352,-13.6735429501056,58.2422412463808));
#4770=CARTESIAN_POINT('',(-0.00915711205118824,-0.177928038877528,58.2422412463809));
#4771=CARTESIAN_POINT('',(-9.55199793206281,-13.6735429501056,67.7850820663925));
#4772=CARTESIAN_POINT('',(-0.00915711205118824,-13.6735429501056,58.2422412463809));
#4773=CARTESIAN_POINT('',(-9.55199793206281,-0.177928038877528,67.7850820663925));
#4774=CARTESIAN_POINT('',(-9.5519979320628,-13.6735429501056,67.7850820663925));
#4775=CARTESIAN_POINT('',(-9.5519979320628,-0.177928038877528,67.7850820663925));
#4776=CARTESIAN_POINT('',(29.0591851120464,24.7767305911128,29.1738990222833));
#4777=CARTESIAN_POINT('Origin',(29.0591851120464,28.7767305911128,29.1738990222833));
#4778=CARTESIAN_POINT('',(-16.8453993948471,0.,75.0784835291767));
#4779=CARTESIAN_POINT('',(-16.8453993948471,-13.2537339961456,75.0784835291767));
#4780=CARTESIAN_POINT('',(-16.8453993948471,0.,75.0784835291767));
#4781=CARTESIAN_POINT('',(-26.1593232421522,-13.2537339961456,84.3924073764818));
#4782=CARTESIAN_POINT('',(-16.8453993948471,-13.2537339961456,75.0784835291767));
#4783=CARTESIAN_POINT('',(-26.1593232421522,0.,84.3924073764818));
#4784=CARTESIAN_POINT('',(-26.1593232421522,-13.2537339961456,84.3924073764818));
#4785=CARTESIAN_POINT('',(-26.1593232421522,0.,84.3924073764818));
#4786=CARTESIAN_POINT('',(-16.8453993948471,24.0000003576279,75.0784835291767));
#4787=CARTESIAN_POINT('',(-16.8453993948471,10.3915068635498,75.0784835291767));
#4788=CARTESIAN_POINT('',(-16.8453993948471,24.0000003576279,75.0784835291767));
#4789=CARTESIAN_POINT('',(-26.477093852762,10.3915068635498,84.7101779870917));
#4790=CARTESIAN_POINT('',(-16.8453993948471,10.3915068635498,75.0784835291767));
#4791=CARTESIAN_POINT('',(-26.477093852762,24.0000003576279,84.7101779870917));
#4792=CARTESIAN_POINT('',(-26.477093852762,10.3915068635498,84.7101779870917));
#4793=CARTESIAN_POINT('',(-26.477093852762,24.0000003576279,84.7101779870917));
#4794=CARTESIAN_POINT('',(-0.00915711205118352,47.5412472100589,58.2422412463808));
#4795=CARTESIAN_POINT('',(-0.00915711205118352,34.3335499097687,58.2422412463808));
#4796=CARTESIAN_POINT('',(-0.00915711205118824,47.5412472100589,58.2422412463809));
#4797=CARTESIAN_POINT('',(-9.55199793206281,34.3335499097687,67.7850820663925));
#4798=CARTESIAN_POINT('',(-0.00915711205118824,34.3335499097687,58.2422412463809));
#4799=CARTESIAN_POINT('',(-9.55199793206281,47.5412472100589,67.7850820663925));
#4800=CARTESIAN_POINT('',(-9.5519979320628,34.3335499097687,67.7850820663925));
#4801=CARTESIAN_POINT('',(-9.5519979320628,47.5412472100589,67.7850820663925));
#4802=CARTESIAN_POINT('',(22.0454741499322,-35.5000004693866,36.1876099843975));
#4803=CARTESIAN_POINT('Origin',(22.0454741499322,-31.5000004693866,36.1876099843975));
#4804=CARTESIAN_POINT('',(16.6908143229693,47.3459158985185,41.5422698113604));
#4805=CARTESIAN_POINT('',(16.6908143229693,34.33228723412,41.5422698113604));
#4806=CARTESIAN_POINT('',(16.6908143229693,47.3459158985185,41.5422698113604));
#4807=CARTESIAN_POINT('',(7.48878924652941,34.33228723412,50.7442948878003));
#4808=CARTESIAN_POINT('',(16.6908143229693,34.33228723412,41.5422698113604));
#4809=CARTESIAN_POINT('',(7.48878924652941,47.3459158985185,50.7442948878003));
#4810=CARTESIAN_POINT('',(7.48878924652941,34.33228723412,50.7442948878003));
#4811=CARTESIAN_POINT('',(7.48878924652941,47.3459158985185,50.7442948878003));
#4812=CARTESIAN_POINT('',(16.6908143229693,23.5357953051375,41.5422698113604));
#4813=CARTESIAN_POINT('',(16.6908143229693,10.522166640739,41.5422698113604));
#4814=CARTESIAN_POINT('',(16.6908143229693,23.5357953051375,41.5422698113604));
#4815=CARTESIAN_POINT('',(7.48878924652941,10.522166640739,50.7442948878003));
#4816=CARTESIAN_POINT('',(16.6908143229693,10.522166640739,41.5422698113604));
#4817=CARTESIAN_POINT('',(7.48878924652941,23.5357953051375,50.7442948878003));
#4818=CARTESIAN_POINT('',(7.48878924652941,10.522166640739,50.7442948878003));
#4819=CARTESIAN_POINT('',(7.48878924652941,23.5357953051375,50.7442948878003));
#4820=CARTESIAN_POINT('',(28.0274011204475,-35.5000004693866,30.2056830138822));
#4821=CARTESIAN_POINT('Origin',(28.0274011204475,-31.5000004693866,30.2056830138822));
#4822=CARTESIAN_POINT('',(34.2049450697115,-35.5000004693866,24.0281390646182));
#4823=CARTESIAN_POINT('Origin',(34.2049450697115,-31.5000004693866,24.0281390646182));
#4824=CARTESIAN_POINT('Origin',(-10.9662114944359,-23.7952541335267,66.3708685040194));
#4825=CARTESIAN_POINT('',(-1.42337067442428,-23.7952541335267,56.8280276840078));
#4826=CARTESIAN_POINT('',(-10.9662114944359,-23.7952541335267,66.3708685040194));
#4827=CARTESIAN_POINT('Origin',(-10.9662114944359,-37.001677296657,66.3708685040194));
#4828=CARTESIAN_POINT('',(-10.9662114944359,-37.001677296657,66.3708685040194));
#4829=CARTESIAN_POINT('Origin',(-1.42337067442428,-37.001677296657,56.8280276840078));
#4830=CARTESIAN_POINT('',(-1.42337067442428,-37.001677296657,56.8280276840078));
#4831=CARTESIAN_POINT('Origin',(-1.42337067442428,-23.7952541335267,56.8280276840078));
#4832=CARTESIAN_POINT('Origin',(6.07457568415632,-0.081530789511608,49.3300813254272));
#4833=CARTESIAN_POINT('',(15.2766007605962,-0.081530789511608,40.1280562489873));
#4834=CARTESIAN_POINT('',(6.07457568415632,-0.081530789511608,49.3300813254272));
#4835=CARTESIAN_POINT('Origin',(6.07457568415632,-13.287953952642,49.3300813254272));
#4836=CARTESIAN_POINT('',(6.07457568415632,-13.287953952642,49.3300813254272));
#4837=CARTESIAN_POINT('Origin',(15.2766007605962,-13.287953952642,40.1280562489873));
#4838=CARTESIAN_POINT('',(15.2766007605962,-13.287953952642,40.1280562489873));
#4839=CARTESIAN_POINT('Origin',(15.2766007605962,-0.081530789511608,40.1280562489873));
#4840=CARTESIAN_POINT('Origin',(-27.5735368045253,-24.0000003576279,82.9781938141087));
#4841=CARTESIAN_POINT('',(-18.6131663530818,-24.0000003576279,74.0178233626652));
#4842=CARTESIAN_POINT('',(-27.5735368045253,-24.0000003576279,82.9781938141087));
#4843=CARTESIAN_POINT('Origin',(-27.5735368045253,-36.7401007242071,82.9781938141087));
#4844=CARTESIAN_POINT('',(-27.5735368045253,-36.7401007242071,82.9781938141087));
#4845=CARTESIAN_POINT('Origin',(-18.6131663530818,-36.7401007242071,74.0178233626652));
#4846=CARTESIAN_POINT('',(-18.6131663530818,-36.7401007242071,74.0178233626652));
#4847=CARTESIAN_POINT('Origin',(-18.6131663530818,-24.0000003576279,74.0178233626652));
#4848=CARTESIAN_POINT('Origin',(-10.9662114944359,23.4393980557716,66.3708685040194));
#4849=CARTESIAN_POINT('',(-1.42337067442428,23.4393980557716,56.8280276840078));
#4850=CARTESIAN_POINT('',(-10.9662114944359,23.4393980557716,66.3708685040194));
#4851=CARTESIAN_POINT('Origin',(-10.9662114944359,10.2329748926413,66.3708685040194));
#4852=CARTESIAN_POINT('',(-10.9662114944359,10.2329748926413,66.3708685040194));
#4853=CARTESIAN_POINT('Origin',(-1.42337067442428,10.2329748926413,56.8280276840078));
#4854=CARTESIAN_POINT('',(-1.42337067442428,10.2329748926413,56.8280276840078));
#4855=CARTESIAN_POINT('Origin',(-1.42337067442428,23.4393980557716,56.8280276840078));
#4856=CARTESIAN_POINT('Origin',(-27.8913074151351,47.5412472100589,83.2959644247185));
#4857=CARTESIAN_POINT('',(-18.2596129572202,47.5412472100589,73.6642699668036));
#4858=CARTESIAN_POINT('',(-27.8913074151351,47.5412472100589,83.2959644247185));
#4859=CARTESIAN_POINT('Origin',(-27.8913074151351,34.3335499097687,83.2959644247185));
#4860=CARTESIAN_POINT('',(-27.8913074151351,34.3335499097687,83.2959644247185));
#4861=CARTESIAN_POINT('Origin',(-18.2596129572202,34.3335499097687,73.6642699668036));
#4862=CARTESIAN_POINT('',(-18.2596129572202,34.3335499097687,73.6642699668036));
#4863=CARTESIAN_POINT('Origin',(-18.2596129572202,47.5412472100589,73.6642699668036));
#4864=CARTESIAN_POINT('Origin',(6.07457568415632,-23.7952541335267,49.3300813254272));
#4865=CARTESIAN_POINT('',(15.2766007605962,-23.7952541335267,40.1280562489873));
#4866=CARTESIAN_POINT('',(6.07457568415632,-23.7952541335267,49.3300813254272));
#4867=CARTESIAN_POINT('Origin',(6.07457568415632,-37.001677296657,49.3300813254272));
#4868=CARTESIAN_POINT('',(6.07457568415632,-37.001677296657,49.3300813254272));
#4869=CARTESIAN_POINT('Origin',(15.2766007605962,-37.001677296657,40.1280562489873));
#4870=CARTESIAN_POINT('',(15.2766007605962,-37.001677296657,40.1280562489873));
#4871=CARTESIAN_POINT('Origin',(15.2766007605962,-23.7952541335267,40.1280562489873));
#4872=CARTESIAN_POINT('Origin',(-10.9662114944359,-0.177928038877528,66.3708685040194));
#4873=CARTESIAN_POINT('',(-1.42337067442428,-0.177928038877528,56.8280276840078));
#4874=CARTESIAN_POINT('',(-10.9662114944359,-0.177928038877528,66.3708685040194));
#4875=CARTESIAN_POINT('Origin',(-10.9662114944359,-13.6735429501056,66.3708685040194));
#4876=CARTESIAN_POINT('',(-10.9662114944359,-13.6735429501056,66.3708685040194));
#4877=CARTESIAN_POINT('Origin',(-1.42337067442428,-13.6735429501056,56.8280276840078));
#4878=CARTESIAN_POINT('',(-1.42337067442428,-13.6735429501056,56.8280276840078));
#4879=CARTESIAN_POINT('Origin',(-1.42337067442428,-0.177928038877528,56.8280276840078));
#4880=CARTESIAN_POINT('Origin',(27.6449715496733,28.7767305911128,27.7596854599102));
#4881=CARTESIAN_POINT('',(27.6449715496733,24.7767305911128,27.7596854599102));
#4882=CARTESIAN_POINT('Origin',(-27.5735368045253,0.,82.9781938141087));
#4883=CARTESIAN_POINT('',(-18.2596129572202,0.,73.6642699668036));
#4884=CARTESIAN_POINT('',(-27.5735368045253,0.,82.9781938141087));
#4885=CARTESIAN_POINT('Origin',(-27.5735368045253,-13.2537339961456,82.9781938141087));
#4886=CARTESIAN_POINT('',(-27.5735368045253,-13.2537339961456,82.9781938141087));
#4887=CARTESIAN_POINT('Origin',(-18.2596129572202,-13.2537339961456,73.6642699668036));
#4888=CARTESIAN_POINT('',(-18.2596129572202,-13.2537339961456,73.6642699668036));
#4889=CARTESIAN_POINT('Origin',(-18.2596129572202,0.,73.6642699668036));
#4890=CARTESIAN_POINT('Origin',(-27.8913074151351,24.0000003576279,83.2959644247185));
#4891=CARTESIAN_POINT('',(-18.2596129572202,24.0000003576279,73.6642699668036));
#4892=CARTESIAN_POINT('',(-27.8913074151351,24.0000003576279,83.2959644247185));
#4893=CARTESIAN_POINT('Origin',(-27.8913074151351,10.3915068635498,83.2959644247185));
#4894=CARTESIAN_POINT('',(-27.8913074151351,10.3915068635498,83.2959644247185));
#4895=CARTESIAN_POINT('Origin',(-18.2596129572202,10.3915068635498,73.6642699668036));
#4896=CARTESIAN_POINT('',(-18.2596129572202,10.3915068635498,73.6642699668036));
#4897=CARTESIAN_POINT('Origin',(-18.2596129572202,24.0000003576279,73.6642699668036));
#4898=CARTESIAN_POINT('Origin',(-10.9662114944359,47.5412472100589,66.3708685040194));
#4899=CARTESIAN_POINT('',(-1.42337067442428,47.5412472100589,56.8280276840078));
#4900=CARTESIAN_POINT('',(-10.9662114944359,47.5412472100589,66.3708685040194));
#4901=CARTESIAN_POINT('Origin',(-10.9662114944359,34.3335499097687,66.3708685040194));
#4902=CARTESIAN_POINT('',(-10.9662114944359,34.3335499097687,66.3708685040194));
#4903=CARTESIAN_POINT('Origin',(-1.42337067442428,34.3335499097687,56.8280276840078));
#4904=CARTESIAN_POINT('',(-1.42337067442428,34.3335499097687,56.8280276840078));
#4905=CARTESIAN_POINT('Origin',(-1.42337067442428,47.5412472100589,56.8280276840078));
#4906=CARTESIAN_POINT('Origin',(20.6312605875591,-31.5000004693866,34.7733964220243));
#4907=CARTESIAN_POINT('',(20.6312605875591,-35.5000004693866,34.7733964220243));
#4908=CARTESIAN_POINT('Origin',(6.07457568415632,47.3459158985185,49.3300813254272));
#4909=CARTESIAN_POINT('',(15.2766007605962,47.3459158985185,40.1280562489873));
#4910=CARTESIAN_POINT('',(6.07457568415632,47.3459158985185,49.3300813254272));
#4911=CARTESIAN_POINT('Origin',(6.07457568415632,34.33228723412,49.3300813254272));
#4912=CARTESIAN_POINT('',(6.07457568415632,34.33228723412,49.3300813254272));
#4913=CARTESIAN_POINT('Origin',(15.2766007605962,34.33228723412,40.1280562489873));
#4914=CARTESIAN_POINT('',(15.2766007605962,34.33228723412,40.1280562489873));
#4915=CARTESIAN_POINT('Origin',(15.2766007605962,47.3459158985185,40.1280562489873));
#4916=CARTESIAN_POINT('Origin',(6.07457568415632,23.5357953051375,49.3300813254272));
#4917=CARTESIAN_POINT('',(15.2766007605962,23.5357953051375,40.1280562489873));
#4918=CARTESIAN_POINT('',(6.07457568415632,23.5357953051375,49.3300813254272));
#4919=CARTESIAN_POINT('Origin',(6.07457568415632,10.522166640739,49.3300813254272));
#4920=CARTESIAN_POINT('',(6.07457568415632,10.522166640739,49.3300813254272));
#4921=CARTESIAN_POINT('Origin',(15.2766007605962,10.522166640739,40.1280562489873));
#4922=CARTESIAN_POINT('',(15.2766007605962,10.522166640739,40.1280562489873));
#4923=CARTESIAN_POINT('Origin',(15.2766007605962,23.5357953051375,40.1280562489873));
#4924=CARTESIAN_POINT('Origin',(26.6131875580744,-31.5000004693866,28.7914694515091));
#4925=CARTESIAN_POINT('',(26.6131875580744,-35.5000004693866,28.7914694515091));
#4926=CARTESIAN_POINT('Origin',(32.7907315073384,-31.5000004693866,22.6139255022451));
#4927=CARTESIAN_POINT('',(32.7907315073384,-35.5000004693866,22.6139255022451));
#4928=CARTESIAN_POINT('Origin',(30.9137443222975,-34.9953147098246,3.27770925168959));
#4929=CARTESIAN_POINT('',(27.5,-34.9953147098246,4.78359540252065));
#4930=CARTESIAN_POINT('',(27.6519956075772,-34.9953147098246,5.02458112061137));
#4931=CARTESIAN_POINT('Ctrl Pts',(27.5,-34.9953147098246,4.78359540252064));
#4932=CARTESIAN_POINT('Ctrl Pts',(27.5108924517648,-34.9953147098246,4.78359540252064));
#4933=CARTESIAN_POINT('Ctrl Pts',(27.5237929576016,-34.9953147098246,4.78569932195809));
#4934=CARTESIAN_POINT('Ctrl Pts',(27.546229253894,-34.9953147098246,4.79296529818857));
#4935=CARTESIAN_POINT('Ctrl Pts',(27.5596965716137,-34.9953147098246,4.80007598764383));
#4936=CARTESIAN_POINT('Ctrl Pts',(27.5842700211719,-34.9953147098246,4.81794477831081));
#4937=CARTESIAN_POINT('Ctrl Pts',(27.5987613721823,-34.9953147098246,4.83346076271997));
#4938=CARTESIAN_POINT('Ctrl Pts',(27.6167426354118,-34.9953147098246,4.85922976724432));
#4939=CARTESIAN_POINT('Ctrl Pts',(27.6246644763058,-34.9953147098246,4.873676469444));
#4940=CARTESIAN_POINT('Ctrl Pts',(27.644859909829,-34.9953147098246,4.91992898926418));
#4941=CARTESIAN_POINT('Ctrl Pts',(27.6529852899239,-34.9953147098246,4.96326079726003));
#4942=CARTESIAN_POINT('Ctrl Pts',(27.6529852899239,-34.9953147098246,5.));
#4943=CARTESIAN_POINT('Ctrl Pts',(27.6529852899239,-34.9953147098246,5.0079367588134));
#4944=CARTESIAN_POINT('Ctrl Pts',(27.6526737041855,-34.9953147098246,5.01618742546415));
#4945=CARTESIAN_POINT('Ctrl Pts',(27.6519956075772,-34.9953147098246,5.02458112061137));
#4946=CARTESIAN_POINT('',(27.4110098894864,-34.9953147098246,4.78359540252065));
#4947=CARTESIAN_POINT('',(-30.,-34.9953147098246,4.78359540252065));
#4948=CARTESIAN_POINT('',(28.4094340304764,-34.9953147098246,5.78201954351064));
#4949=CARTESIAN_POINT('',(30.9137443222975,-34.9953147098246,3.27770925168959));
#4950=CARTESIAN_POINT('',(30.9137443222975,-34.9953147098246,3.27770925168959));
#4951=CARTESIAN_POINT('',(28.4094340304764,-34.9953147098246,5.78201954351064));
#4952=CARTESIAN_POINT('',(10.4076476678876,-34.9953147098246,23.7838059060995));
#4953=CARTESIAN_POINT('',(28.4094340304764,-34.9953147098246,5.78201954351064));
#4954=CARTESIAN_POINT('Origin',(28.4094340304764,-28.9953147098246,5.78201954351063));
#4955=CARTESIAN_POINT('Ctrl Pts',(26.7482365171298,-34.9851392361294,4.61478993211106));
#4956=CARTESIAN_POINT('Ctrl Pts',(26.8079210712101,-34.986743951671,4.63555712143513));
#4957=CARTESIAN_POINT('Ctrl Pts',(26.8672421951812,-34.9881697867145,4.65571988280078));
#4958=CARTESIAN_POINT('Ctrl Pts',(27.0074752030056,-34.9911393863866,4.70128501425153));
#4959=CARTESIAN_POINT('Ctrl Pts',(27.0877806461126,-34.9925250888588,4.72595064327995));
#4960=CARTESIAN_POINT('Ctrl Pts',(27.2481750983449,-34.9945808955587,4.76639390656345));
#4961=CARTESIAN_POINT('Ctrl Pts',(27.3279008939694,-34.9953147098246,4.78359540252065));
#4962=CARTESIAN_POINT('Ctrl Pts',(27.4110098894865,-34.9953147098246,4.78359540252065));
#4963=CARTESIAN_POINT('Origin',(28.4094340304764,-28.9953147098246,5.78201954351063));
#4964=CARTESIAN_POINT('',(27.5,-34.9833973511328,5.40712509222873));
#4965=CARTESIAN_POINT('Ctrl Pts',(27.5,-34.9833973511328,5.40712509222873));
#4966=CARTESIAN_POINT('Ctrl Pts',(27.4892331264797,-34.9823380552668,5.42009135815987));
#4967=CARTESIAN_POINT('Ctrl Pts',(27.4786112736249,-34.981197961049,5.43342351944973));
#4968=CARTESIAN_POINT('Ctrl Pts',(27.3684901648153,-34.9683965885376,5.57600401706837));
#4969=CARTESIAN_POINT('Ctrl Pts',(27.275127755361,-34.9485431785478,5.72978035229233));
#4970=CARTESIAN_POINT('Ctrl Pts',(27.0352451548361,-34.8781407115527,6.12760079415663));
#4971=CARTESIAN_POINT('Ctrl Pts',(26.8744691537856,-34.8060853416849,6.40938652008253));
#4972=CARTESIAN_POINT('Ctrl Pts',(26.6058458199324,-34.6390074917613,6.87659459893681));
#4973=CARTESIAN_POINT('Ctrl Pts',(26.4967439104803,-34.5574340593303,7.06616475547796));
#4974=CARTESIAN_POINT('Ctrl Pts',(26.3939591747946,-34.468560079216,7.2432054784253));
#4975=CARTESIAN_POINT('Ctrl Pts',(27.6519956075772,-34.9953147098246,5.02458112061137));
#4976=CARTESIAN_POINT('Ctrl Pts',(27.6506986385934,-34.9953147098246,5.04063541454395));
#4977=CARTESIAN_POINT('Ctrl Pts',(27.6487349576424,-34.9952766819992,5.05665438799741));
#4978=CARTESIAN_POINT('Ctrl Pts',(27.6381158332339,-34.9949307727621,5.12339098336673));
#4979=CARTESIAN_POINT('Ctrl Pts',(27.6239382456315,-34.994181390539,5.17447487855128));
#4980=CARTESIAN_POINT('Ctrl Pts',(27.578059856616,-34.9908222016526,5.29320909843848));
#4981=CARTESIAN_POINT('Ctrl Pts',(27.5414131828821,-34.9874717756485,5.35725227248292));
#4982=CARTESIAN_POINT('Ctrl Pts',(27.5,-34.9833973511328,5.40712509222873));
#4983=CARTESIAN_POINT('Origin',(28.4094340304764,-28.9953147098246,5.78201954351061));
#4984=CARTESIAN_POINT('Origin',(30.9137443222975,-44.9560930278804,3.27770925168959));
#4985=CARTESIAN_POINT('',(30.9137443222975,-44.9560930278804,3.27770925168959));
#4986=CARTESIAN_POINT('',(30.9137443222975,-19.9560930278804,3.2777092516896));
#4987=CARTESIAN_POINT('',(30.9137443222975,-44.9560930278804,3.27770925168959));
#4988=CARTESIAN_POINT('Origin',(25.2568900728051,-44.9560930278804,8.93456350118197));
#4989=CARTESIAN_POINT('',(25.2568900728051,-52.9560930278804,8.93456350118197));
#4990=CARTESIAN_POINT('Origin',(25.2568900728051,-44.9560930278804,8.93456350118194));
#4991=CARTESIAN_POINT('',(25.2568900728051,-52.9560930278804,8.93456350118197));
#4992=CARTESIAN_POINT('Origin',(-45.4537880458497,-52.9560930278804,79.6452416198367));
#4993=CARTESIAN_POINT('',(-45.4537880458497,-52.9560930278804,79.6452416198367));
#4994=CARTESIAN_POINT('',(-27.776118516186,-52.9560930278804,61.9675720901731));
#4995=CARTESIAN_POINT('',(-45.4537880458497,-52.9560930278804,79.6452416198367));
#4996=CARTESIAN_POINT('Origin',(-45.4537880458497,-44.9560930278804,79.6452416198367));
#4997=CARTESIAN_POINT('',(-51.1106422953421,-44.9560930278804,85.3020958693291));
#4998=CARTESIAN_POINT('Origin',(-45.4537880458497,-44.9560930278804,79.6452416198367));
#4999=CARTESIAN_POINT('',(-51.1106422953421,-44.9560930278804,85.3020958693291));
#5000=CARTESIAN_POINT('Origin',(-51.1106422953421,55.0439069721196,85.3020958693291));
#5001=CARTESIAN_POINT('',(-51.1106422953421,55.0439069721196,85.3020958693291));
#5002=CARTESIAN_POINT('',(-51.1106422953421,30.0439069721196,85.3020958693291));
#5003=CARTESIAN_POINT('',(-51.1106422953421,55.0439069721196,85.3020958693291));
#5004=CARTESIAN_POINT('Origin',(-45.4537880458497,55.0439069721196,79.6452416198367));
#5005=CARTESIAN_POINT('',(-45.4537880458497,63.0439069721197,79.6452416198368));
#5006=CARTESIAN_POINT('Origin',(-45.4537880458497,55.0439069721196,79.6452416198367));
#5007=CARTESIAN_POINT('',(-45.4537880458497,63.0439069721197,79.6452416198368));
#5008=CARTESIAN_POINT('Origin',(25.2568900728051,63.0439069721196,8.93456350118197));
#5009=CARTESIAN_POINT('',(25.2568900728051,63.0439069721196,8.93456350118197));
#5010=CARTESIAN_POINT('',(7.5792205431414,63.0439069721196,26.6122330308457));
#5011=CARTESIAN_POINT('',(25.2568900728051,63.0439069721196,8.93456350118197));
#5012=CARTESIAN_POINT('Origin',(25.2568900728051,55.0439069721196,8.93456350118197));
#5013=CARTESIAN_POINT('',(30.9137443222975,55.0439069721196,3.27770925168959));
#5014=CARTESIAN_POINT('Origin',(25.2568900728051,55.0439069721196,8.93456350118194));
#5015=CARTESIAN_POINT('',(30.9137443222975,55.0439069721196,3.27770925168959));
#5016=CARTESIAN_POINT('Origin',(30.9137443222975,45.0162863618868,3.27770925168959));
#5017=CARTESIAN_POINT('',(30.9137443222975,45.0162863618868,3.27770925168959));
#5018=CARTESIAN_POINT('',(30.9137443222975,25.0300966670032,3.27770925168959));
#5019=CARTESIAN_POINT('',(30.9137443222975,45.0162863618868,3.27770925168959));
#5020=CARTESIAN_POINT('Origin',(28.4094353913454,45.0162863618868,5.78201818264166));
#5021=CARTESIAN_POINT('',(28.4094353913454,45.0162863618868,5.78201818264166));
#5022=CARTESIAN_POINT('',(9.15549320241152,45.0162863618868,25.0359603715755));
#5023=CARTESIAN_POINT('',(28.4094353913454,45.0162863618868,5.78201818264166));
#5024=CARTESIAN_POINT('Origin',(28.4094353913454,39.0162863618868,5.78201818264166));
#5025=CARTESIAN_POINT('Ctrl Pts',(26.3516881787404,44.4895308668401,7.20093448237107));
#5026=CARTESIAN_POINT('Ctrl Pts',(26.3545125687124,44.4920782720085,7.19573821041226));
#5027=CARTESIAN_POINT('Ctrl Pts',(26.3573374378863,44.4946166129982,7.19053760195154));
#5028=CARTESIAN_POINT('Ctrl Pts',(26.54015216545,44.6582747369498,6.85374938532099));
#5029=CARTESIAN_POINT('Ctrl Pts',(26.7236826099119,44.7803631617353,6.50513190302711));
#5030=CARTESIAN_POINT('Ctrl Pts',(26.9781793386954,44.9114804474218,5.96143730563751));
#5031=CARTESIAN_POINT('Ctrl Pts',(27.0972110379338,44.9555564589694,5.70533949040603));
#5032=CARTESIAN_POINT('Ctrl Pts',(27.1526041331576,44.9853790723545,5.39067967640823));
#5033=CARTESIAN_POINT('Ctrl Pts',(27.1573742213138,44.9917204001551,5.29942342849556));
#5034=CARTESIAN_POINT('Ctrl Pts',(27.1125251724593,44.9989225430748,5.13307348862351));
#5035=CARTESIAN_POINT('Ctrl Pts',(27.0611195546933,45.,5.05847606031886));
#5036=CARTESIAN_POINT('Ctrl Pts',(26.8989194257046,45.,4.89627593133017));
#5037=CARTESIAN_POINT('Ctrl Pts',(26.7633695047436,44.9971795676244,4.81561065529277));
#5038=CARTESIAN_POINT('Ctrl Pts',(26.6234901918779,44.9932112551715,4.73953625736301));
#5039=CARTESIAN_POINT('Origin',(28.4094353913454,39.0162863618868,5.78201818264164));
#5040=CARTESIAN_POINT('Origin',(-10.0984489865223,5.04390697211964,44.2899025605093));
#5041=CARTESIAN_POINT('',(26.6711036351782,-46.9560930278804,7.52034993880888));
#5042=CARTESIAN_POINT('Origin',(-30.,40.,5.));
#5043=CARTESIAN_POINT('Origin',(27.5,40.,5.));
#5044=CARTESIAN_POINT('',(-30.,40.,10.));
#5045=CARTESIAN_POINT('Ctrl Pts',(29.8126293224711,-30.,1.55039712676982));
#5046=CARTESIAN_POINT('Ctrl Pts',(29.8126293224711,-32.7368803781664,1.55039712676982));
#5047=CARTESIAN_POINT('Ctrl Pts',(29.8126293224711,-33.3592324984797,4.21557855450293));
#5048=CARTESIAN_POINT('Ctrl Pts',(29.1760112739481,-30.,-4.44089209850063E-15));
#5049=CARTESIAN_POINT('Ctrl Pts',(29.1760112739481,-33.966949934158,-4.44089209850063E-15));
#5050=CARTESIAN_POINT('Ctrl Pts',(29.1760112739481,-34.8690133646227,3.86302644924088));
#5051=CARTESIAN_POINT('Ctrl Pts',(27.5,-30.,0.));
#5052=CARTESIAN_POINT('Ctrl Pts',(27.5,-33.966949934158,0.));
#5053=CARTESIAN_POINT('Ctrl Pts',(27.5,-34.8690133646227,3.86302644924089));
#5054=CARTESIAN_POINT('Origin',(27.5,-30.,5.));
#5055=CARTESIAN_POINT('Ctrl Pts',(29.8126293224711,43.3592324984797,4.21557855450293));
#5056=CARTESIAN_POINT('Ctrl Pts',(29.8126293224711,42.7368803781664,1.55039712676982));
#5057=CARTESIAN_POINT('Ctrl Pts',(29.8126293224711,40.,1.55039712676982));
#5058=CARTESIAN_POINT('Ctrl Pts',(29.1760112739481,44.8690133646227,3.86302644924089));
#5059=CARTESIAN_POINT('Ctrl Pts',(29.1760112739481,43.966949934158,0.));
#5060=CARTESIAN_POINT('Ctrl Pts',(29.1760112739481,40.,0.));
#5061=CARTESIAN_POINT('Ctrl Pts',(27.5,44.8690133646227,3.86302644924089));
#5062=CARTESIAN_POINT('Ctrl Pts',(27.5,43.966949934158,0.));
#5063=CARTESIAN_POINT('Ctrl Pts',(27.5,40.,0.));
#5064=CARTESIAN_POINT('Ctrl Pts',(27.6529852899239,-34.990633810038,4.78379818618753));
#5065=CARTESIAN_POINT('Ctrl Pts',(27.6529852899239,-35.0041433941463,5.09564287436076));
#5066=CARTESIAN_POINT('Ctrl Pts',(27.6529852899239,-34.9787276186029,5.40674359238978));
#5067=CARTESIAN_POINT('Ctrl Pts',(27.576564390239,-34.9953147098246,4.78359540252064));
#5068=CARTESIAN_POINT('Ctrl Pts',(27.576564390239,-35.0088369650709,5.09573258134533));
#5069=CARTESIAN_POINT('Ctrl Pts',(27.576564390239,-34.9833973511328,5.40712509222874));
#5070=CARTESIAN_POINT('Ctrl Pts',(27.5,-34.9953147098246,4.78359540252064));
#5071=CARTESIAN_POINT('Ctrl Pts',(27.5,-35.0088369650709,5.09573258134533));
#5072=CARTESIAN_POINT('Ctrl Pts',(27.5,-34.9833973511328,5.40712509222874));
#5073=CARTESIAN_POINT('Origin',(27.5,-30.,5.));
#5074=CARTESIAN_POINT('Origin',(-30.,-30.,5.));
#5075=CARTESIAN_POINT('',(-30.,-30.,10.));
#5076=CARTESIAN_POINT('Origin',(-50.,0.,10.));
#5077=CARTESIAN_POINT('Origin',(-36.2613998904246,-46.9560930278804,91.666056900008));
#5078=CARTESIAN_POINT('Origin',(35.8634917906033,-54.9560930278804,19.5411652189802));
#5079=CARTESIAN_POINT('',(-34.8471863280515,-54.9560930278804,90.2518433376349));
#5080=CARTESIAN_POINT('',(35.8634917906033,-54.9560930278804,19.5411652189802));
#5081=CARTESIAN_POINT('Origin',(35.8634917906033,-44.9560930278804,19.5411652189802));
#5082=CARTESIAN_POINT('Origin',(35.8634917906033,55.0439069721196,19.5411652189802));
#5083=CARTESIAN_POINT('',(35.8634917906033,65.0439069721196,19.5411652189802));
#5084=CARTESIAN_POINT('Origin',(-34.8471863280515,65.0439069721196,90.251843337635));
#5085=CARTESIAN_POINT('',(-34.8471863280515,65.0439069721196,90.251843337635));
#5086=CARTESIAN_POINT('Origin',(-34.8471863280515,55.0439069721196,90.2518433376349));
#5087=CARTESIAN_POINT('',(-41.918254139917,55.0439069721196,97.3229111495004));
#5088=CARTESIAN_POINT('Origin',(-41.918254139917,-44.9560930278804,97.3229111495004));
#5089=CARTESIAN_POINT('',(-41.918254139917,-44.9560930278804,97.3229111495004));
#5090=CARTESIAN_POINT('Origin',(-34.8471863280515,-44.9560930278804,90.2518433376349));
#5091=CARTESIAN_POINT('Origin',(-47.6045447452468,57.0000009685755,79.6746779756742));
#5092=CARTESIAN_POINT('',(-47.6045447452468,58.5000009685755,79.6746779756742));
#5093=CARTESIAN_POINT('Origin',(-47.6045447452468,57.0000009685755,79.6746779756742));
#5094=CARTESIAN_POINT('',(-46.5438845734669,58.5000009685755,80.735338147454));
#5095=CARTESIAN_POINT('',(-47.6045447452468,58.5000009685755,79.6746779756742));
#5096=CARTESIAN_POINT('Origin',(-46.5438845734669,57.0000009685755,80.735338147454));
#5097=CARTESIAN_POINT('Origin',(-47.6045436915756,-47.,79.6746769220029));
#5098=CARTESIAN_POINT('',(-47.6045436915756,-45.5,79.6746769220029));
#5099=CARTESIAN_POINT('Origin',(-47.6045436915755,-47.,79.674676922003));
#5100=CARTESIAN_POINT('',(-46.5438835197957,-45.5,80.7353370937828));
#5101=CARTESIAN_POINT('',(-47.6045436915756,-45.5,79.6746769220029));
#5102=CARTESIAN_POINT('Origin',(-46.5438835197957,-47.,80.7353370937828));
#5103=CARTESIAN_POINT('Origin',(28.4094340304764,-28.9953147098246,5.78201954351063));
#5104=CARTESIAN_POINT('',(28.4094340304764,-35.9953147098246,5.78201954351064));
#5105=CARTESIAN_POINT('',(23.4596865621708,-28.9953169551442,10.7317670118162));
#5106=CARTESIAN_POINT('Origin',(28.4094340304764,-28.9953147098246,5.78201954351063));
#5107=CARTESIAN_POINT('',(27.3487738586966,-35.9953147098246,4.72135937173082));
#5108=CARTESIAN_POINT('',(28.4094340304764,-35.9953147098246,5.78201954351064));
#5109=CARTESIAN_POINT('',(22.399026390391,-28.9953169551442,9.67110684003639));
#5110=CARTESIAN_POINT('Origin',(27.3487738586966,-28.9953147098246,4.72135937173081));
#5111=CARTESIAN_POINT('',(23.4596865621708,-28.9953169551442,10.7317670118162));
#5112=CARTESIAN_POINT('Origin',(23.4596879230396,39.0162863618868,10.7317656509475));
#5113=CARTESIAN_POINT('',(23.4596879230396,39.0162863618868,10.7317656509475));
#5114=CARTESIAN_POINT('',(23.4596865621708,-28.9953169551442,10.7317670118162));
#5115=CARTESIAN_POINT('',(22.3990277512598,39.0162863618868,9.67110547916767));
#5116=CARTESIAN_POINT('',(22.399026390391,-28.9953169551442,9.67110684003639));
#5117=CARTESIAN_POINT('',(23.4596879230396,39.0162863618868,10.7317656509475));
#5118=CARTESIAN_POINT('Origin',(28.4094353913454,39.0162863618868,5.78201818264166));
#5119=CARTESIAN_POINT('',(28.4094353913454,46.0162863618868,5.78201818264166));
#5120=CARTESIAN_POINT('Origin',(28.4094353913454,39.0162863618868,5.78201818264166));
#5121=CARTESIAN_POINT('',(27.3487752195656,46.0162863618868,4.72135801086184));
#5122=CARTESIAN_POINT('Origin',(27.3487752195656,39.0162863618868,4.72135801086184));
#5123=CARTESIAN_POINT('',(28.4094353913454,46.0162863618868,5.78201818264166));
#5124=CARTESIAN_POINT('Origin',(29.4995307599244,46.0162863618868,4.69192281406269));
#5125=CARTESIAN_POINT('',(29.4995307599244,46.0162863618868,4.69192281406269));
#5126=CARTESIAN_POINT('',(30.9137443222975,46.0162863618868,3.27770925168959));
#5127=CARTESIAN_POINT('',(28.4388705881446,46.0162863618868,3.63126264228287));
#5128=CARTESIAN_POINT('',(29.8530841505177,46.0162863618868,2.21704907990977));
#5129=CARTESIAN_POINT('',(29.4995307599244,46.0162863618868,4.69192281406269));
#5130=CARTESIAN_POINT('Origin',(29.4995307599244,55.0439069721196,4.69192281406269));
#5131=CARTESIAN_POINT('',(29.4995307599244,55.0439069721196,4.69192281406269));
#5132=CARTESIAN_POINT('',(29.4995307599244,-44.9560930278804,4.69192281406268));
#5133=CARTESIAN_POINT('',(28.4388705881446,55.0439069721196,3.63126264228287));
#5134=CARTESIAN_POINT('',(28.4388705881446,-44.9560930278804,3.63126264228286));
#5135=CARTESIAN_POINT('',(29.4995307599244,55.0439069721196,4.69192281406269));
#5136=CARTESIAN_POINT('Origin',(25.2568900728051,55.0439069721196,8.93456350118197));
#5137=CARTESIAN_POINT('',(25.2568900728051,61.0439069721196,8.93456350118197));
#5138=CARTESIAN_POINT('Origin',(25.2568900728051,55.0439069721196,8.93456350118197));
#5139=CARTESIAN_POINT('',(24.1962299010253,61.0439069721196,7.87390332940215));
#5140=CARTESIAN_POINT('Origin',(24.1962299010253,55.0439069721196,7.87390332940214));
#5141=CARTESIAN_POINT('',(25.2568900728051,61.0439069721196,8.93456350118197));
#5142=CARTESIAN_POINT('Origin',(-45.4537880458497,61.0439069721197,79.6452416198368));
#5143=CARTESIAN_POINT('',(-45.4537880458497,61.0439069721197,79.6452416198368));
#5144=CARTESIAN_POINT('',(25.2568900728051,61.0439069721196,8.93456350118197));
#5145=CARTESIAN_POINT('',(-46.5144482176296,61.0439069721197,78.584581448057));
#5146=CARTESIAN_POINT('',(24.1962299010253,61.0439069721196,7.87390332940215));
#5147=CARTESIAN_POINT('',(-45.4537880458497,61.0439069721197,79.6452416198368));
#5148=CARTESIAN_POINT('Origin',(-45.4537880458497,55.0439069721196,79.6452416198367));
#5149=CARTESIAN_POINT('',(-49.696428732969,55.0439069721196,83.887882306956));
#5150=CARTESIAN_POINT('Origin',(-45.4537880458497,55.0439069721196,79.6452416198367));
#5151=CARTESIAN_POINT('',(-50.7570889047488,55.0439069721197,82.8272221351762));
#5152=CARTESIAN_POINT('Origin',(-46.5144482176295,55.0439069721196,78.5845814480569));
#5153=CARTESIAN_POINT('',(-49.696428732969,55.0439069721196,83.887882306956));
#5154=CARTESIAN_POINT('Origin',(-49.696428732969,-44.9560930278804,83.887882306956));
#5155=CARTESIAN_POINT('',(-49.696428732969,-44.9560930278804,83.887882306956));
#5156=CARTESIAN_POINT('',(-49.696428732969,55.0439069721196,83.887882306956));
#5157=CARTESIAN_POINT('',(-50.7570889047488,-44.9560930278804,82.8272221351762));
#5158=CARTESIAN_POINT('',(-50.7570889047489,55.0439069721196,82.8272221351762));
#5159=CARTESIAN_POINT('',(-49.696428732969,-44.9560930278804,83.887882306956));
#5160=CARTESIAN_POINT('Origin',(-45.4537880458497,-44.9560930278804,79.6452416198367));
#5161=CARTESIAN_POINT('',(-45.4537880458497,-50.9560930278804,79.6452416198367));
#5162=CARTESIAN_POINT('Origin',(-45.4537880458497,-44.9560930278804,79.6452416198367));
#5163=CARTESIAN_POINT('',(-46.5144482176295,-50.9560930278804,78.5845814480569));
#5164=CARTESIAN_POINT('Origin',(-46.5144482176295,-44.9560930278804,78.5845814480569));
#5165=CARTESIAN_POINT('',(-45.4537880458497,-50.9560930278804,79.6452416198367));
#5166=CARTESIAN_POINT('Origin',(25.2568900728051,-50.9560930278804,8.93456350118197));
#5167=CARTESIAN_POINT('',(25.2568900728051,-50.9560930278804,8.93456350118197));
#5168=CARTESIAN_POINT('',(-45.4537880458497,-50.9560930278804,79.6452416198367));
#5169=CARTESIAN_POINT('',(24.1962299010253,-50.9560930278804,7.87390332940215));
#5170=CARTESIAN_POINT('',(-46.5144482176295,-50.9560930278804,78.5845814480569));
#5171=CARTESIAN_POINT('',(25.2568900728051,-50.9560930278804,8.93456350118197));
#5172=CARTESIAN_POINT('Origin',(25.2568900728051,-44.9560930278804,8.93456350118197));
#5173=CARTESIAN_POINT('',(29.4995307599244,-44.9560930278804,4.69192281406268));
#5174=CARTESIAN_POINT('Origin',(25.2568900728051,-44.9560930278804,8.93456350118197));
#5175=CARTESIAN_POINT('',(28.4388705881446,-44.9560930278804,3.63126264228286));
#5176=CARTESIAN_POINT('Origin',(24.1962299010253,-44.9560930278804,7.87390332940214));
#5177=CARTESIAN_POINT('',(29.4995307599244,-44.9560930278804,4.69192281406268));
#5178=CARTESIAN_POINT('Origin',(29.4995307599244,-35.9953147098246,4.69192281406268));
#5179=CARTESIAN_POINT('',(29.4995307599244,-35.9953147098246,4.69192281406268));
#5180=CARTESIAN_POINT('',(29.4995307599244,-44.9560930278804,4.69192281406268));
#5181=CARTESIAN_POINT('',(28.4388705881446,-35.9953147098246,3.63126264228286));
#5182=CARTESIAN_POINT('',(28.4388705881446,-44.9560930278804,3.63126264228286));
#5183=CARTESIAN_POINT('',(29.4995307599244,-35.9953147098246,4.69192281406268));
#5184=CARTESIAN_POINT('Origin',(28.4094340304764,-35.9953147098246,5.78201954351064));
#5185=CARTESIAN_POINT('',(28.4094340304764,-35.9953147098246,5.78201954351064));
#5186=CARTESIAN_POINT('',(27.3487738586966,-35.9953147098246,4.72135937173082));
#5187=CARTESIAN_POINT('Origin',(-11.1591091583021,5.04390697211965,43.2292423887295));
#5188=CARTESIAN_POINT('Origin',(-10.0984489865223,5.04390697211965,44.2899025605093));
#5189=UNCERTAINTY_MEASURE_WITH_UNIT(LENGTH_MEASURE(0.01),#5193,
'DISTANCE_ACCURACY_VALUE',
'Maximum model space distance between geometric entities at asserted c
onnectivities');
#5190=UNCERTAINTY_MEASURE_WITH_UNIT(LENGTH_MEASURE(0.01),#5193,
'DISTANCE_ACCURACY_VALUE',
'Maximum model space distance between geometric entities at asserted c
onnectivities');
#5191=(
GEOMETRIC_REPRESENTATION_CONTEXT(3)
GLOBAL_UNCERTAINTY_ASSIGNED_CONTEXT((#5189))
GLOBAL_UNIT_ASSIGNED_CONTEXT((#5193,#5195,#5196))
REPRESENTATION_CONTEXT('','3D')
);
#5192=(
GEOMETRIC_REPRESENTATION_CONTEXT(3)
GLOBAL_UNCERTAINTY_ASSIGNED_CONTEXT((#5190))
GLOBAL_UNIT_ASSIGNED_CONTEXT((#5193,#5195,#5196))
REPRESENTATION_CONTEXT('','3D')
);
#5193=(
LENGTH_UNIT()
NAMED_UNIT(*)
SI_UNIT(.MILLI.,.METRE.)
);
#5194=(
LENGTH_UNIT()
NAMED_UNIT(*)
SI_UNIT($,.METRE.)
);
#5195=(
NAMED_UNIT(*)
PLANE_ANGLE_UNIT()
SI_UNIT($,.RADIAN.)
);
#5196=(
NAMED_UNIT(*)
SI_UNIT($,.STERADIAN.)
SOLID_ANGLE_UNIT()
);
#5197=SHAPE_DEFINITION_REPRESENTATION(#5198,#5199);
#5198=PRODUCT_DEFINITION_SHAPE('',$,#5201);
#5199=SHAPE_REPRESENTATION('',(#3025),#5191);
#5200=PRODUCT_DEFINITION_CONTEXT('part definition',#5205,'design');
#5201=PRODUCT_DEFINITION('Dreamdeck','Dreamdeck v2',#5202,#5200);
#5202=PRODUCT_DEFINITION_FORMATION('',$,#5207);
#5203=PRODUCT_RELATED_PRODUCT_CATEGORY('Dreamdeck v2','Dreamdeck v2',(#5207));
#5204=APPLICATION_PROTOCOL_DEFINITION('international standard',
'automotive_design',2009,#5205);
#5205=APPLICATION_CONTEXT(
'Core Data for Automotive Mechanical Design Process');
#5206=PRODUCT_CONTEXT('part definition',#5205,'mechanical');
#5207=PRODUCT('Dreamdeck','Dreamdeck v2',$,(#5206));
#5208=PRESENTATION_STYLE_ASSIGNMENT((#5209));
#5209=SURFACE_STYLE_USAGE(.BOTH.,#5210);
#5210=SURFACE_SIDE_STYLE('',(#5211));
#5211=SURFACE_STYLE_FILL_AREA(#5212);
#5212=FILL_AREA_STYLE('Stahl - satiniert',(#5213));
#5213=FILL_AREA_STYLE_COLOUR('Stahl - satiniert',#5214);
#5214=COLOUR_RGB('Stahl - satiniert',0.627450980392157,0.627450980392157,
0.627450980392157);
ENDSEC;
END-ISO-10303-21;
